feature,region,status,time,source,sourceLine,evidence
browser.cdp.connect,cn-north-1,PASS,2026-09-28T04:26:27.146443+00:00,results/cn-north-1-results.jsonl,50,"""<Browser type=<BrowserType name=chromium executable_path=/home/ec2-user/.cache/ms-playwright/chromium-1243/chrome-linux64/chrome> version=148.0.7778.258>"""
browser.cdp.screenshot,cn-north-1,PASS,2026-09-28T04:26:35.930605+00:00,results/cn-north-1-results.jsonl,53,"{""path"": ""/home/ec2-user/agentcore/cn/results/cn-north-1-browser.png"", ""bytes"": 31676}"
browser.certificates.start_with_root_ca,cn-north-1,PASS,2026-09-28T04:39:54.217921+00:00,results/cn-north-1-results.jsonl,164,"{""ResponseMetadata"": {""RequestId"": ""827066ea-8874-415b-9ffd-06ab1f15edad"", ""HTTPStatusCode"": 200, ""HTTPHeaders"": {""date"": ""Mon, 28 Sep 2026 04:39:54 GMT"", ""content-type"": ""application/json"", ""content-length"": ""560"", ""connection"": ""keep-alive"", ""x-amzn-requestid"": ""827066ea-8874-415b-9ffd-06ab1f15edad""}, ""RetryAttempts"": 0}, ""browserIdentifier"": ""ac_cn_0928041532_bj_vpc-rkfvhcfFfj"", ""sessionId"": ""01M3K4ZQ8DT2TACZEJZ4AYVZS6"", ""createdAt"": ""2026-09-28 04:39:48.736139+00:00"", ""streams"": {""automationStream"": {""streamEndpoint"": ""wss://bedrock-agentcore.cn-north-1.amazonaws.com.cn/browser-streams/ac_cn_0928041532_bj_vpc-rkfvhcfFfj/sessions/01M3K4ZQ8DT2TACZEJZ4AYVZS6/automation"", ""streamStatus"": ""ENABLED""}, ""liveViewStream"": {""streamEndpoint"": ""https://bedrock-agentcore.cn-north-1.amazonaws.com.cn/browser-streams/ac_cn_0928041532_bj_vpc-rkfvhcfFfj/sessions/01M3K4ZQ8DT2TACZEJZ4AYVZS6/live-view""}}}"
browser.certificates.stop,cn-north-1,PASS,2026-09-28T04:39:59.593839+00:00,results/cn-north-1-results.jsonl,166,"{""ResponseMetadata"": {""RequestId"": ""bafe8fb1-6ea3-49de-ac60-1752a254a315"", ""HTTPStatusCode"": 200, ""HTTPHeaders"": {""date"": ""Mon, 28 Sep 2026 04:39:59 GMT"", ""content-type"": ""application/json"", ""content-length"": ""148"", ""connection"": ""keep-alive"", ""x-amzn-requestid"": ""bafe8fb1-6ea3-49de-ac60-1752a254a315""}, ""RetryAttempts"": 0}, ""browserIdentifier"": ""ac_cn_0928041532_bj_vpc-rkfvhcfFfj"", ""sessionId"": ""01M3K4ZQ8DT2TACZEJZ4AYVZS6"", ""lastUpdatedAt"": ""2026-09-28 04:39:59.470018+00:00""}"
browser.certificates.trusted_https,cn-north-1,PASS,2026-09-28T04:39:59.034173+00:00,results/cn-north-1-results.jsonl,165,"""Private TLS accepted with supplied CA; no ignoreHTTPSerrors"""
browser.certificates.untrusted_rejected,cn-north-1,PASS,2026-09-28T04:39:48.039008+00:00,results/cn-north-1-results.jsonl,162,"""Private CA rejected without trust configuration"""
browser.cookies_local_storage,cn-north-1,PASS,2026-09-28T04:26:42.619226+00:00,results/cn-north-1-results.jsonl,57,"{""cookie"": ""REDACTED"", ""localStorage"": ""local-ok""}"
browser.custom.create_recording_managed_policies,cn-north-1,PASS,2026-09-28T04:27:13.029057+00:00,results/cn-north-1-results.jsonl,84,"{""ResponseMetadata"": {""RequestId"": ""0840bc16-3852-4eac-8245-ba2f8949a9a4"", ""HTTPStatusCode"": 202, ""HTTPHeaders"": {""date"": ""Mon, 28 Sep 2026 04:27:12 GMT"", ""content-type"": ""application/json"", ""content-length"": ""236"", ""connection"": ""keep-alive"", ""x-amzn-requestid"": ""0840bc16-3852-4eac-8245-ba2f8949a9a4"", ""x-amz-apigw-id"": ""EZHpIFJYBTIEb_A="", ""x-amzn-trace-id"": ""Root=1-6ab9eca0-659aa91e31602cc416131517""}, ""RetryAttempts"": 0}, ""browserId"": ""ac_cn_0928041532_bj_custom-HQH8kZrWth"", ""browserArn"": ""arn:aws-cn:bedrock-agentcore:cn-north-1:209915754514:browser-custom/ac_cn_0928041532_bj_custom-HQH8kZrWth"", ""createdAt"": ""2026-09-28 04:27:12.868872+00:00"", ""status"": ""READY""}"
browser.custom.features,cn-north-1,PASS,2026-09-28T04:43:55.226000+00:00,results/cn-north-1-results.jsonl,184,null
browser.custom.get_ready,cn-north-1,PASS,2026-09-28T04:43:38.362733+00:00,results/cn-north-1-results.jsonl,174,"{""ResponseMetadata"": {""RequestId"": ""ce79b715-6969-48a6-8545-7fa51cd5a6c4"", ""HTTPStatusCode"": 200, ""HTTPHeaders"": {""date"": ""Mon, 28 Sep 2026 04:43:38 GMT"", ""content-type"": ""application/json"", ""content-length"": ""695"", ""connection"": ""keep-alive"", ""x-amzn-requestid"": ""ce79b715-6969-48a6-8545-7fa51cd5a6c4"", ""x-amz-apigw-id"": ""EZKDKHViBTIEYuQ="", ""x-amzn-trace-id"": ""Root=1-6ab9f07a-4657c17a05f3d6b77775de5a""}, ""RetryAttempts"": 0}, ""browserId"": ""ac_cn_0928041532_bj_custom-HQH8kZrWth"", ""browserArn"": ""arn:aws-cn:bedrock-agentcore:cn-north-1:209915754514:browser-custom/ac_cn_0928041532_bj_custom-HQH8kZrWth"", ""name"": ""ac_cn_0928041532_bj_custom"", ""executionRoleArn"": ""arn:aws-cn:iam::209915754514:role/ac-cn-0928041532-bj-agentcore"", ""networkConfiguration"": {""networkMode"": ""PUBLIC""}, ""recording"": {""enabled"": true, ""s3Location"": {""bucket"": ""ac-cn-0928041532-bj-209915754514"", ""prefix"": ""recordings/""}}, ""enterprisePolicies"": [{""location"": {""s3"": {""bucket"": ""ac-cn-0928041532-bj-209915754514"", ""prefix"": ""managed.json""}}, ""type"": ""MANAGED""}], ""status"": ""READY"", ""createdAt"": ""2026-09-28 04:27:12.868872+00:00"", ""lastUpdatedAt"": ""2026-09-28 04:27:12.868872+00:00""}"
browser.custom.start_extensions_recommended_policy,cn-north-1,PASS,2026-09-28T04:43:44.795139+00:00,results/cn-north-1-results.jsonl,178,"{""ResponseMetadata"": {""RequestId"": ""9e6d4124-96ef-4bb0-9d3f-92696d591970"", ""HTTPStatusCode"": 200, ""HTTPHeaders"": {""date"": ""Mon, 28 Sep 2026 04:43:44 GMT"", ""content-type"": ""application/json"", ""content-length"": ""569"", ""connection"": ""keep-alive"", ""x-amzn-requestid"": ""9e6d4124-96ef-4bb0-9d3f-92696d591970""}, ""RetryAttempts"": 0}, ""browserIdentifier"": ""ac_cn_0928041532_bj_custom-HQH8kZrWth"", ""sessionId"": ""01M3K56SE2ZQVN24Z2E3DVSQ4K"", ""createdAt"": ""2026-09-28 04:43:40.345759+00:00"", ""streams"": {""automationStream"": {""streamEndpoint"": ""wss://bedrock-agentcore.cn-north-1.amazonaws.com.cn/browser-streams/ac_cn_0928041532_bj_custom-HQH8kZrWth/sessions/01M3K56SE2ZQVN24Z2E3DVSQ4K/automation"", ""streamStatus"": ""ENABLED""}, ""liveViewStream"": {""streamEndpoint"": ""https://bedrock-agentcore.cn-north-1.amazonaws.com.cn/browser-streams/ac_cn_0928041532_bj_custom-HQH8kZrWth/sessions/01M3K56SE2ZQVN24Z2E3DVSQ4K/live-view""}}}"
browser.custom.stop,cn-north-1,PASS,2026-09-28T04:43:54.229290+00:00,results/cn-north-1-results.jsonl,182,"{""ResponseMetadata"": {""RequestId"": ""d3007960-202d-48a4-9110-8332beea8156"", ""HTTPStatusCode"": 200, ""HTTPHeaders"": {""date"": ""Mon, 28 Sep 2026 04:43:54 GMT"", ""content-type"": ""application/json"", ""content-length"": ""151"", ""connection"": ""keep-alive"", ""x-amzn-requestid"": ""d3007960-202d-48a4-9110-8332beea8156""}, ""RetryAttempts"": 0}, ""browserIdentifier"": ""ac_cn_0928041532_bj_custom-HQH8kZrWth"", ""sessionId"": ""01M3K56SE2ZQVN24Z2E3DVSQ4K"", ""lastUpdatedAt"": ""2026-09-28 04:43:54.102612+00:00""}"
browser.download.playwright_save_as,cn-north-1,FAIL,2026-09-28T04:44:14.198911+00:00,results/cn-north-1-results.jsonl,186,"{""type"": ""AssertionError"", ""message"": ""{'downloadedBytes': 0, 'expectedBytes': 21, 'name': 'agentcore-test.txt'}"", ""traceback"": ""Traceback (most recent call last):\n  File \""/home/ec2-user/agentcore/cn/suite.py\"", line 77, in test\n    result = fn()\n             ^^^^\n  File \""/home/ec2-user/agentcore/cn/browser_more_tests.py\"", line 46, in download_retrieve\n    assert raw == b\""agentcore-download-ok\"", {\""downloadedBytes\"": len(raw), \""expectedBytes\"": 21, \""name\"": d.suggested_filename}\n           ^^^^^^^^^^^^^^^^^^^^^^^^^^^^^^^\nAssertionError: {'downloadedBytes': 0, 'expectedBytes': 21, 'name': 'agentcore-test.txt'}\n""}"
browser.efs,cn-north-1,PASS,2026-09-28T04:42:08.337785+00:00,results/cn-north-1-results.jsonl,172,"{""fileSystemId"": ""fs-0f1aeac2f2ea2589a"", ""writtenAndRestoredAcrossSessions"": true}"
browser.efs.session_start,cn-north-1,PASS,2026-09-28T04:41:46.659574+00:00,results/cn-north-1-results.jsonl,171,"{""sessionId"": ""01M3K5336JNGEZC95G2TZ0NZAP""}"
browser.enterprise.managed_enforced,cn-north-1,PASS,2026-09-28T04:51:59.137570+00:00,results/cn-north-1-results.jsonl,212,"{""blockedByAdministrator"": true}"
browser.enterprise.policies,cn-north-1,PASS,2026-09-28T04:51:59.743215+00:00,results/cn-north-1-results.jsonl,213,"{""browserId"": ""ac_cn_0928041532_bj_policy-t3AfVSfyKE""}"
browser.enterprise.recommended_loaded,cn-north-1,PASS,2026-09-28T04:51:58.163282+00:00,results/cn-north-1-results.jsonl,211,"{""managedAndRecommendedPresent"": true}"
browser.extensions.executed,cn-north-1,PASS,2026-09-28T04:43:49.765382+00:00,results/cn-north-1-results.jsonl,179,"""loaded"""
browser.file_download,cn-north-1,PASS,2026-09-28T04:44:11.931437+00:00,results/cn-north-1-results.jsonl,185,"{""remoteContent"": ""agentcore-download-ok"", ""progress"": [{""guid"": ""a088c16f-62ca-42fe-a229-05604d4ff24f"", ""totalBytes"": 0, ""receivedBytes"": 0, ""state"": ""inProgress""}, {""guid"": ""a088c16f-62ca-42fe-a229-05604d4ff24f"", ""totalBytes"": 0, ""receivedBytes"": 21, ""state"": ""inProgress""}, {""guid"": ""a088c16f-62ca-42fe-a229-05604d4ff24f"", ""totalBytes"": 0, ""receivedBytes"": 21, ""state"": ""inProgress""}, {""guid"": ""a088c16f-62ca-42fe-a229-05604d4ff24f"", ""totalBytes"": 21, ""receivedBytes"": 21, ""state"": ""inProgress""}, {""guid"": ""a088c16f-62ca-42fe-a229-05604d4ff24f"", ""totalBytes"": 21, ""receivedBytes"": 21, ""state"": ""inProgress""}, {""guid"": ""a088c16f-62ca-42fe-a229-05604d4ff24f"", ""totalBytes"": 21, ""receivedBytes"": 21, ""state"": ""completed"", ""filePath"": ""/tmp/cn-downloads/agentcore-test.txt""}]}"
browser.file_upload,cn-north-1,PASS,2026-09-28T04:26:37.305618+00:00,results/cn-north-1-results.jsonl,54,"""synthetic.txt"""
browser.forms_click_unicode_extract,cn-north-1,PASS,2026-09-28T04:26:33.761482+00:00,results/cn-north-1-results.jsonl,52,"""Hello Beijing 北京 / Ningxia 宁夏"""
browser.isolation.concurrent_start,cn-north-1,PASS,2026-09-28T04:27:00.524635+00:00,results/cn-north-1-results.jsonl,75,"{""ResponseMetadata"": {""RequestId"": ""109114cd-4abf-49a6-aba2-93f34061024c"", ""HTTPStatusCode"": 200, ""HTTPHeaders"": {""date"": ""Mon, 28 Sep 2026 04:27:00 GMT"", ""content-type"": ""application/json"", ""content-length"": ""500"", ""connection"": ""keep-alive"", ""x-amzn-requestid"": ""109114cd-4abf-49a6-aba2-93f34061024c""}, ""RetryAttempts"": 0}, ""browserIdentifier"": ""aws.browser.v1"", ""sessionId"": ""01M3K487PQQBRG7C5ABZJ5RCW1"", ""createdAt"": ""2026-09-28 04:26:59.148482+00:00"", ""streams"": {""automationStream"": {""streamEndpoint"": ""wss://bedrock-agentcore.cn-north-1.amazonaws.com.cn/browser-streams/aws.browser.v1/sessions/01M3K487PQQBRG7C5ABZJ5RCW1/automation"", ""streamStatus"": ""ENABLED""}, ""liveViewStream"": {""streamEndpoint"": ""https://bedrock-agentcore.cn-north-1.amazonaws.com.cn/browser-streams/aws.browser.v1/sessions/01M3K487PQQBRG7C5ABZJ5RCW1/live-view""}}}"
browser.isolation.cookies_local_storage,cn-north-1,PASS,2026-09-28T04:27:04.746999+00:00,results/cn-north-1-results.jsonl,76,"{""cookiesIsolated"": true, ""localStorageIsolated"": true}"
browser.isolation.stop,cn-north-1,PASS,2026-09-28T04:27:05.095919+00:00,results/cn-north-1-results.jsonl,77,"{""ResponseMetadata"": {""RequestId"": ""18925bdd-fb71-4e22-9434-711411f0f248"", ""HTTPStatusCode"": 200, ""HTTPHeaders"": {""date"": ""Mon, 28 Sep 2026 04:27:04 GMT"", ""content-type"": ""application/json"", ""content-length"": ""128"", ""connection"": ""keep-alive"", ""x-amzn-requestid"": ""18925bdd-fb71-4e22-9434-711411f0f248""}, ""RetryAttempts"": 0}, ""browserIdentifier"": ""aws.browser.v1"", ""sessionId"": ""01M3K487PQQBRG7C5ABZJ5RCW1"", ""lastUpdatedAt"": ""2026-09-28 04:27:04.952594+00:00""}"
browser.list,cn-north-1,PASS,2026-09-28T04:26:21.897943+00:00,results/cn-north-1-results.jsonl,46,"{""ResponseMetadata"": {""RequestId"": ""510deb31-3ac2-4ca2-b561-13a00cb5c317"", ""HTTPStatusCode"": 200, ""HTTPHeaders"": {""date"": ""Mon, 28 Sep 2026 04:26:21 GMT"", ""content-type"": ""application/json"", ""content-length"": ""23"", ""connection"": ""keep-alive"", ""x-amzn-requestid"": ""510deb31-3ac2-4ca2-b561-13a00cb5c317"", ""x-amz-apigw-id"": ""EZHhNHIsBTIEQ3g="", ""x-amzn-trace-id"": ""Root=1-6ab9ec6d-019cd56f78f6c12f107b0e94""}, ""RetryAttempts"": 0}, ""browserSummaries"": []}"
browser.live_view.dcv_frame_and_input,cn-north-1,PASS,2026-09-28T06:48:46.894890+00:00,results/retest-livewait-default/cn-north-1-results.jsonl,8,"{""observations"": [{""attempt"": ""initial_5min"", ""originalAttemptTime"": ""2026-09-28T06:43:25.871721+00:00"", ""observationSeconds"": 300.462, ""events"": [{""event"": ""authenticate.start"", ""time"": ""2026-09-28T06:38:23.775Z"", ""elapsedSeconds"": 0.01}, {""event"": ""authenticate.success"", ""time"": ""2026-09-28T06:38:25.559Z"", ""elapsedSeconds"": 1.794, ""sessionCount"": 1, ""authTokenPresent"": true}, {""event"": ""connect.start"", ""time"": ""2026-09-28T06:38:25.572Z"", ""elapsedSeconds"": 1.807}, {""event"": ""authenticate.error"", ""time"": ""2026-09-28T06:38:25.789Z"", ""elapsedSeconds"": 2.024, ""message"": ""Failed to communicate with server.""}, {""event"": ""connect.success"", ""time"": ""2026-09-28T06:38:26.781Z"", ""elapsedSeconds"": 3.016}, {""event"": ""display.firstFrame"", ""time"": ""2026-09-28T06:38:30.215Z"", ""elapsedSeconds"": 6.45}], ""finalWebsocketCounters"": {""opened"": 6, ""closed"": 1, ""errors"": 1, ""receivedFrames"": 1261, ""receivedBytes"": 413321}, ""sessionId"": ""01M3KBRKNKYFGPVS882K33WR3E"", ""source"": ""results/retest-livewait-default/cn-north-1-results.jsonl"", ""scope"": ""Display connected, first frame received, incoming stream continued throughout observation"", ""inputCorrection"": ""Original combined check used content coordinates on a full-window stream; input separately passed with browser toolbar offset""}, {""attempt"": ""fresh_signature_retry_5min"", ""originalAttemptTime"": ""2026-09-28T06:48:29.824514+00:00"", ""observationSeconds"": 300.487, ""events"": [{""event"": ""authenticate.start"", ""time"": ""2026-09-28T06:43:27.719Z"", ""elapsedSeconds"": 0.011}, {""event"": ""authenticate.success"", ""time"": ""2026-09-28T06:43:29.859Z"", ""elapsedSeconds"": 2.151, ""sessionCount"": 1, ""authTokenPresent"": true}, {""event"": ""connect.start"", ""time"": ""2026-09-28T06:43:29.870Z"", ""elapsedSeconds"": 2.162}, {""event"": ""authenticate.error"", ""time"": ""2026-09-28T06:43:30.086Z"", ""elapsedSeconds"": 2.377, ""message"": ""Failed to communicate with server.""}, {""event"": ""connect.success"", ""time"": ""2026-09-28T06:43:31.204Z"", ""elapsedSeconds"": 3.496}, {""event"": ""display.firstFrame"", ""time"": ""2026-09-28T06:43:34.426Z"", ""elapsedSeconds"": 6.718}], ""finalWebsocketCounters"": {""opened"": 6, ""closed"": 1, ""errors"": 1, ""receivedFrames"": 2689, ""receivedBytes"": 738497}, ""sessionId"": ""01M3KBRKNKYFGPVS882K33WR3E"", ""source"": ""results/retest-livewait-default/cn-north-1-results.jsonl"", ""scope"": ""Display connected, first frame received, incoming stream continued throughout observation"", ""inputCorrection"": ""Original combined check used content coordinates on a full-window stream; input separately passed with browser toolbar offset""}], ""frameAndInputControl"": {""source"": ""results/retest-live-signature/cn-north-1-results.jsonl"", ""time"": ""2026-09-28T06:40:15.231575+00:00"", ""evidence"": {""authenticated"": true, ""connected"": true, ""firstFrame"": true, ""errors"": [""Failed to communicate with server.""], ""events"": [{""event"": ""authenticate.start"", ""time"": ""2026-09-28T06:40:05.057Z"", ""elapsedSeconds"": 0.011}, {""event"": ""authenticate.success"", ""time"": ""2026-09-28T06:40:06.859Z"", ""elapsedSeconds"": 1.813, ""sessionCount"": 1, ""authTokenPresent"": true}, {""event"": ""connect.start"", ""time"": ""2026-09-28T06:40:06.871Z"", ""elapsedSeconds"": 1.825}, {""event"": ""authenticate.error"", ""time"": ""2026-09-28T06:40:07.081Z"", ""elapsedSeconds"": 2.035, ""message"": ""Failed to communicate with server.""}, {""event"": ""connect.success"", ""time"": ""2026-09-28T06:40:08.091Z"", ""elapsedSeconds"": 3.045}, {""event"": ""display.firstFrame"", ""time"": ""2026-09-28T06:40:11.408Z"", ""elapsedSeconds"": 6.362}], ""clientErrors"": [{""url"": ""wss://bedrock-agentcore.cn-north-1.amazonaws.com.cn/browser-streams/aws.browser.v1/sessions/01M3KBVS7A5W6DJ3JTFR2W32JM/live-view/auth"", ""error"": ""Close received after close""}, ""Object""], ""remoteWindowGeometry"": {""outerWidth"": 1279, ""outerHeight"": 719, ""innerWidth"": 1279, ""innerHeight"": 632, ""screenX"": 0, ""screenY"": 0, ""target"": {""x"": 290, ""y"": 105}}, ""remoteInput"": ""dcv-official-input-ok""}}, ""previousVerdictCorrection"": ""Original harness exited on a post-success authentication-socket error before the display first frame"", ""actualFirstFrameCriterion"": ""Wait for display.firstFrame; record authentication-socket errors without prematurely ending the display observation""}"
browser.live_view.presigned_access,cn-north-1,PASS,2026-09-28T05:10:34.007854+00:00,results/cn-north-1-results.jsonl,268,"{""dcvAuthenticated"": true}"
browser.managed.start_viewport_timeout,cn-north-1,PASS,2026-09-28T04:26:24.260482+00:00,results/cn-north-1-results.jsonl,47,"{""ResponseMetadata"": {""RequestId"": ""2849f7cd-34ea-4d54-8044-5bf1cfc971a0"", ""HTTPStatusCode"": 200, ""HTTPHeaders"": {""date"": ""Mon, 28 Sep 2026 04:26:24 GMT"", ""content-type"": ""application/json"", ""content-length"": ""500"", ""connection"": ""keep-alive"", ""x-amzn-requestid"": ""2849f7cd-34ea-4d54-8044-5bf1cfc971a0""}, ""RetryAttempts"": 0}, ""browserIdentifier"": ""aws.browser.v1"", ""sessionId"": ""01M3K474CGQW4PQNZSBKR7CKQJ"", ""createdAt"": ""2026-09-28 04:26:22.975066+00:00"", ""streams"": {""automationStream"": {""streamEndpoint"": ""wss://bedrock-agentcore.cn-north-1.amazonaws.com.cn/browser-streams/aws.browser.v1/sessions/01M3K474CGQW4PQNZSBKR7CKQJ/automation"", ""streamStatus"": ""ENABLED""}, ""liveViewStream"": {""streamEndpoint"": ""https://bedrock-agentcore.cn-north-1.amazonaws.com.cn/browser-streams/aws.browser.v1/sessions/01M3K474CGQW4PQNZSBKR7CKQJ/live-view""}}}"
browser.managed.stop,cn-north-1,PASS,2026-09-28T04:27:09.500301+00:00,results/cn-north-1-results.jsonl,82,"{""ResponseMetadata"": {""RequestId"": ""84b94134-9911-4849-92f4-4d184c42d0b9"", ""HTTPStatusCode"": 200, ""HTTPHeaders"": {""date"": ""Mon, 28 Sep 2026 04:27:09 GMT"", ""content-type"": ""application/json"", ""content-length"": ""128"", ""connection"": ""keep-alive"", ""x-amzn-requestid"": ""84b94134-9911-4849-92f4-4d184c42d0b9""}, ""RetryAttempts"": 0}, ""browserIdentifier"": ""aws.browser.v1"", ""sessionId"": ""01M3K474CGQW4PQNZSBKR7CKQJ"", ""lastUpdatedAt"": ""2026-09-28 04:27:09.362206+00:00""}"
browser.multiple_tabs,cn-north-1,PASS,2026-09-28T04:26:41.703769+00:00,results/cn-north-1-results.jsonl,56,"{""tabs"": 2}"
browser.navigation_https_dom,cn-north-1,PASS,2026-09-28T04:26:29.115542+00:00,results/cn-north-1-results.jsonl,51,"{""status"": 200, ""title"": ""AgentCore China feature test"", ""viewport"": {""width"": 1279, ""height"": 632}}"
browser.observability.cloudtrail,cn-north-1,PASS,2026-09-28T05:02:56.924964+00:00,results/cn-north-1-results.jsonl,235,"[{""eventId"": ""60ed9a36-d717-4dae-9aee-36a68d510a35"", ""eventName"": ""CreateBrowser"", ""eventTime"": ""2026-09-28 04:51:45+00:00"", ""eventSource"": ""bedrock-agentcore.amazonaws.com"", ""awsRegion"": ""cn-north-1""}, {""eventId"": ""a629ba9c-9e53-4e77-9c86-b76ccf5b4a00"", ""eventName"": ""CreateBrowser"", ""eventTime"": ""2026-09-28 04:31:30+00:00"", ""eventSource"": ""bedrock-agentcore.amazonaws.com"", ""awsRegion"": ""cn-north-1""}, {""eventId"": ""8d1de9ba-4e57-4fb8-be5e-5b7f2075a45f"", ""eventName"": ""CreateBrowser"", ""eventTime"": ""2026-09-28 04:27:12+00:00"", ""eventSource"": ""bedrock-agentcore.amazonaws.com"", ""awsRegion"": ""cn-north-1""}]"
browser.observability.log_delivery_received,cn-north-1,PASS,2026-09-28T05:03:39.807758+00:00,results/cn-north-1-results.jsonl,237,"[{""eventId"": ""39931060960546881569229794484155068839136766601457827840"", ""timestamp"": 1790570700892, ""keys"": [""resource_arn"", ""event_timestamp"", ""resource"", ""attributes"", ""metrics""], ""bytes"": 617}, {""eventId"": ""39931060982825326022561887002549251393512479745932263425"", ""timestamp"": 1790570701891, ""keys"": [""resource_arn"", ""event_timestamp"", ""resource"", ""attributes"", ""metrics""], ""bytes"": 617}, {""eventId"": ""39931061005126071221092510144084969666160841251912679426"", ""timestamp"": 1790570702891, ""keys"": [""resource_arn"", ""event_timestamp"", ""resource"", ""attributes"", ""metrics""], ""bytes"": 617}, {""eventId"": ""39931061027449117164821663908762223657081851119399075843"", ""timestamp"": 1790570703892, ""keys"": [""resource_arn"", ""event_timestamp"", ""resource"", ""attributes"", ""metrics""], ""bytes"": 617}, {""eventId"": ""39931061049727561618153756427156406211457564263873511428"", ""timestamp"": 1790570704891, ""keys"": [""resource_arn"", ""event_timestamp"", ""resource"", ""attributes"", ""metrics""], ""bytes"": 617}, {""eventId"": ""39931061072028306816684379568692124484105925769853927429"", ""timestamp"": 1790570705891, ""keys"": [""resource_arn"", ""event_timestamp"", ""resource"", ""attributes"", ""metrics""], ""bytes"": 617}, {""eventId"": ""39931061094351352760413533333369378475026935637340323846"", ""timestamp"": 1790570706892, ""keys"": [""resource_arn"", ""event_timestamp"", ""resource"", ""attributes"", ""metrics""], ""bytes"": 617}, {""eventId"": ""39931061116629797213745625851763561029402648781814759431"", ""timestamp"": 1790570707891, ""keys"": [""resource_arn"", ""event_timestamp"", ""resource"", ""attributes"", ""metrics""], ""bytes"": 617}, {""eventId"": ""39931061138930542412276248993299279302051010287795175432"", ""timestamp"": 1790570708891, ""keys"": [""resource_arn"", ""event_timestamp"", ""resource"", ""attributes"", ""metrics""], ""bytes"": 617}, {""eventId"": ""39931061161231287610806872134834997574699371793775591433"", ""timestamp"": 1790570709891, ""keys"": [""resource_arn"", ""event_timestamp"", ""resource"", ""attributes"", ""metrics""], ""bytes"": 617}]"
browser.observability.metrics,cn-north-1,PASS,2026-09-28T05:02:55.826896+00:00,results/cn-north-1-results.jsonl,233,"{""metricCount"": 23, ""samples"": [{""metric"": {""Namespace"": ""AWS/Bedrock-AgentCore"", ""MetricName"": ""SystemErrors"", ""Dimensions"": [{""Name"": ""Resource"", ""Value"": ""ac_cn_0928041532_bj_custom-HQH8kZrWth""}, {""Name"": ""Operation"", ""Value"": ""StartBrowserSession""}]}, ""datapoints"": [{""Timestamp"": ""2026-09-28 04:27:00+00:00"", ""Average"": 0.0, ""Sum"": 0.0, ""Unit"": ""Count""}, {""Timestamp"": ""2026-09-28 04:43:00+00:00"", ""Average"": 0.0, ""Sum"": 0.0, ""Unit"": ""Count""}, {""Timestamp"": ""2026-09-28 04:34:00+00:00"", ""Average"": 0.0, ""Sum"": 0.0, ""Unit"": ""Count""}]}, {""metric"": {""Namespace"": ""AWS/Bedrock-AgentCore"", ""MetricName"": ""SystemErrors"", ""Dimensions"": [{""Name"": ""Resource"", ""Value"": ""ac_cn_0928041532_bj_custom-HQH8kZrWth""}, {""Name"": ""Operation"", ""Value"": ""StopBrowserSession""}]}, ""datapoints"": [{""Timestamp"": ""2026-09-28 04:43:00+00:00"", ""Average"": 0.0, ""Sum"": 0.0, ""Unit"": ""Count""}]}, {""metric"": {""Namespace"": ""AWS/Bedrock-AgentCore"", ""MetricName"": ""Duration"", ""Dimensions"": [{""Name"": ""Resource"", ""Value"": ""ac_cn_0928041532_bj_custom-HQH8kZrWth""}, {""Name"": ""Operation"", ""Value"": ""ConnectBrowserAutomationStream""}]}, ""datapoints"": [{""Timestamp"": ""2026-09-28 04:34:00+00:00"", ""Average"": 106.0, ""Sum"": 106.0, ""Unit"": ""Milliseconds""}, {""Timestamp"": ""2026-09-28 04:43:00+00:00"", ""Average"": 54.0, ""Sum"": 54.0, ""Unit"": ""Milliseconds""}]}, {""metric"": {""Namespace"": ""AWS/Bedrock-AgentCore"", ""MetricName"": ""UserErrors"", ""Dimensions"": [{""Name"": ""Resource"", ""Value"": ""ac_cn_0928041532_bj_custom-HQH8kZrWth""}, {""Name"": ""Operation"", ""Value"": ""StopBrowserSession""}]}, ""datapoints"": [{""Timestamp"": ""2026-09-28 04:43:00+00:00"", ""Average"": 0.0, ""Sum"": 0.0, ""Unit"": ""Count""}]}, {""metric"": {""Namespace"": ""AWS/Bedrock-AgentCore"", ""MetricName"": ""Errors"", ""Dimensions"": [{""Name"": ""Resource"", ""Value"": ""ac_cn_0928041532_bj_custom-HQH8kZrWth""}, {""Name"": ""Operation"", ""Value"": ""StartBrowserSession""}]}, ""datapoints"": [{""Timestamp"": ""2026-09-28 04:27:00+00:00"", ""Average"": 1.0, ""Sum"": 1.0, ""Unit"": ""Count""}, {""Timestamp"": ""2026-09-28 04:43:00+00:00"", ""Average"": 0.0, ""Sum"": 0.0, ""Unit"": ""Count""}, {""Timestamp"": ""2026-09-28 04:34:00+00:00"", ""Average"": 0.0, ""Sum"": 0.0, ""Unit"": ""Count""}]}, {""metric"": {""Namespace"": ""AWS/Bedrock-AgentCore"", ""MetricName"": ""CPUUsed-vCPUHours"", ""Dimensions"": [{""Name"": ""Resource"", ""Value"": ""ac_cn_0928041532_bj_custom-HQH8kZrWth""}, {""Name"": ""Service"", ""Value"": ""AgentCore.Browser""}]}, ""datapoints"": [{""Timestamp"": ""2026-09-28 04:42:00+00:00"", ""Average"": 0.0003934097222225, ""Sum"": 0.000786819444445, ""Unit"": ""None""}, {""Timestamp"": ""2026-09-28 04:37:00+00:00"", ""Average"": 0.000409758194444, ""Sum"": 0.000819516388888, ""Unit"": ""None""}, {""Timestamp"": ""2026-09-28 04:41:00+00:00"", ""Average"": 0.0003895005555555, ""Sum"": 0.000779001111111, ""Unit"": ""None""}, {""Timestamp"": ""2026-09-28 04:36:00+00:00"", ""Average"": 0.0004187833333335, ""Sum"": 0.000837566666667, ""Unit"": ""None""}, {""Timestamp"": ""2026-09-28 04:40:00+00:00"", ""Average"": 0.000400544861111, ""Sum"": 0.000801089722222, ""Unit"": ""None""}]}, {""metric"": {""Namespace"": ""AWS/Bedrock-AgentCore"", ""MetricName"": ""MemoryUsed-GBHours"", ""Dimensions"": [{""Name"": ""Resource"", ""Value"": ""ac_cn_0928041532_bj_custom-HQH8kZrWth""}, {""Name"": ""Service"", ""Value"": ""AgentCore.Browser""}]}, ""datapoints"": [{""Timestamp"": ""2026-09-28 04:42:00+00:00"", ""Average"": 0.024027587533711, ""Sum"": 0.048055175067422, ""Unit"": ""None""}, {""Timestamp"": ""2026-09-28 04:37:00+00:00"", ""Average"": 0.023990580553338, ""Sum"": 0.047981161106676, ""Unit"": ""None""}, {""Timestamp"": ""2026-09-28 04:41:00+00:00"", ""Average"": 0.02401941127041, ""Sum"": 0.04803882254082, ""Unit"": ""None""}, {""Timestamp"": ""2026-09-28 04:36:00+00:00"", ""Average"": 0.023975122303109497, ""Sum"": 0.047950244606218995, ""Unit"": ""None""}, {""Timestamp"": ""2026-09-28 04:40:00+00:00"", ""Average"": 0.0240139310933365, ""Sum"": 0.048027862186673, ""Unit"": ""None""}]}, {""metric"": {""Namespace"": ""AWS/Bedrock-AgentCore"", ""MetricName"": ""Duration"", ""Dimensions"": [{""Name"": ""Resource"", ""Value"": ""ac_cn_0928041532_bj_custom-HQH8kZrWth""}, {""Name"": ""Operation"", ""Value"": ""StartBrowserSession""}]}, ""datapoints"": [{""Timestamp"": ""2026-09-28 04:34:00+00:00"", ""Average"": 3154.0, ""Sum"": 3154.0, ""Unit"": ""Milliseconds""}, {""Timestamp"": ""2026-09-28 04:43:00+00:00"", ""Average"": 4383.0, ""Sum"": 4383.0, ""Unit"": ""Milliseconds""}, {""Timestamp"": ""2026-09-28 04:27:00+00:00"", ""Average"": 29.0, ""Sum"": 29.0, ""Unit"": ""Milliseconds""}]}, {""metric"": {""Namespace"": ""AWS/Bedrock-AgentCore"", ""MetricName"": ""Duration"", ""Dimensions"": [{""Name"": ""Resource"", ""Value"": ""ac_cn_0928041532_bj_custom-HQH8kZrWth""}, {""Name"": ""Operation"", ""Value"": ""StopBrowserSession""}]}, ""datapoints"": [{""Timestamp"": ""2026-09-28 04:43:00+00:00"", ""Average"": 91.0, ""Sum"": 91.0, ""Unit"": ""Milliseconds""}]}, {""metric"": {""Namespace"": ""AWS/Bedrock-AgentCore"", ""MetricName"": ""Invocations"", ""Dimensions"": [{""Name"": ""Resource"", ""Value"": ""ac_cn_0928041532_bj_custom-HQH8kZrWth""}, {""Name"": ""Operation"", ""Value"": ""StopBrowserSession""}]}, ""datapoints"": [{""Timestamp"": ""2026-09-28 04:43:00+00:00"", ""Average"": 1.0, ""Sum"": 1.0, ""Unit"": ""Count""}]}]}"
browser.observability.usage_log_configure,cn-north-1,PASS,2026-09-28T05:02:39.694654+00:00,results/cn-north-1-results.jsonl,228,"{""logGroup"": ""/aws/vendedlogs/bedrock-agentcore/cn-test/ac-cn-0928041532-bj-browser"", ""deliveryId"": ""ze2yEyNEmB3AJvYx""}"
browser.os.input_effect,cn-north-1,PASS,2026-09-28T04:26:48.178893+00:00,results/cn-north-1-results.jsonl,66,"""os-input-ok"""
browser.os.keyPress,cn-north-1,PASS,2026-09-28T04:26:45.925667+00:00,results/cn-north-1-results.jsonl,62,"{""ResponseMetadata"": {""RequestId"": ""7ce21611-95a7-4160-8383-39e35593f712"", ""HTTPStatusCode"": 200, ""HTTPHeaders"": {""date"": ""Mon, 28 Sep 2026 04:26:45 GMT"", ""content-type"": ""application/json"", ""content-length"": ""57"", ""connection"": ""keep-alive"", ""x-amzn-requestid"": ""7ce21611-95a7-4160-8383-39e35593f712"", ""x-amzn-browser-session-id"": ""01M3K474CGQW4PQNZSBKR7CKQJ""}, ""RetryAttempts"": 0}, ""sessionId"": ""01M3K474CGQW4PQNZSBKR7CKQJ"", ""result"": {""keyPress"": {""status"": ""SUCCESS""}}}"
browser.os.keyShortcut,cn-north-1,PASS,2026-09-28T04:26:45.078874+00:00,results/cn-north-1-results.jsonl,60,"{""ResponseMetadata"": {""RequestId"": ""103a369a-4d44-457a-a661-6527678efe61"", ""HTTPStatusCode"": 200, ""HTTPHeaders"": {""date"": ""Mon, 28 Sep 2026 04:26:44 GMT"", ""content-type"": ""application/json"", ""content-length"": ""60"", ""connection"": ""keep-alive"", ""x-amzn-requestid"": ""103a369a-4d44-457a-a661-6527678efe61"", ""x-amzn-browser-session-id"": ""01M3K474CGQW4PQNZSBKR7CKQJ""}, ""RetryAttempts"": 0}, ""sessionId"": ""01M3K474CGQW4PQNZSBKR7CKQJ"", ""result"": {""keyShortcut"": {""status"": ""SUCCESS""}}}"
browser.os.keyType,cn-north-1,PASS,2026-09-28T04:26:45.507880+00:00,results/cn-north-1-results.jsonl,61,"{""ResponseMetadata"": {""RequestId"": ""97982889-2f04-4d14-a6f8-46c51fa71393"", ""HTTPStatusCode"": 200, ""HTTPHeaders"": {""date"": ""Mon, 28 Sep 2026 04:26:45 GMT"", ""content-type"": ""application/json"", ""content-length"": ""56"", ""connection"": ""keep-alive"", ""x-amzn-requestid"": ""97982889-2f04-4d14-a6f8-46c51fa71393"", ""x-amzn-browser-session-id"": ""01M3K474CGQW4PQNZSBKR7CKQJ""}, ""RetryAttempts"": 0}, ""sessionId"": ""01M3K474CGQW4PQNZSBKR7CKQJ"", ""result"": {""keyType"": {""status"": ""SUCCESS""}}}"
browser.os.mouseClick,cn-north-1,PASS,2026-09-28T04:26:43.749727+00:00,results/cn-north-1-results.jsonl,59,"{""ResponseMetadata"": {""RequestId"": ""a435e129-9cda-4959-a62d-9225cce52cc0"", ""HTTPStatusCode"": 200, ""HTTPHeaders"": {""date"": ""Mon, 28 Sep 2026 04:26:43 GMT"", ""content-type"": ""application/json"", ""content-length"": ""59"", ""connection"": ""keep-alive"", ""x-amzn-requestid"": ""a435e129-9cda-4959-a62d-9225cce52cc0"", ""x-amzn-browser-session-id"": ""01M3K474CGQW4PQNZSBKR7CKQJ""}, ""RetryAttempts"": 0}, ""sessionId"": ""01M3K474CGQW4PQNZSBKR7CKQJ"", ""result"": {""mouseClick"": {""status"": ""SUCCESS""}}}"
browser.os.mouseDrag,cn-north-1,PASS,2026-09-28T04:26:46.443053+00:00,results/cn-north-1-results.jsonl,63,"{""ResponseMetadata"": {""RequestId"": ""0b66ab46-9cc5-4987-9d8d-5b523d5783c0"", ""HTTPStatusCode"": 200, ""HTTPHeaders"": {""date"": ""Mon, 28 Sep 2026 04:26:46 GMT"", ""content-type"": ""application/json"", ""content-length"": ""58"", ""connection"": ""keep-alive"", ""x-amzn-requestid"": ""0b66ab46-9cc5-4987-9d8d-5b523d5783c0"", ""x-amzn-browser-session-id"": ""01M3K474CGQW4PQNZSBKR7CKQJ""}, ""RetryAttempts"": 0}, ""sessionId"": ""01M3K474CGQW4PQNZSBKR7CKQJ"", ""result"": {""mouseDrag"": {""status"": ""SUCCESS""}}}"
browser.os.mouseMove,cn-north-1,PASS,2026-09-28T04:26:43.328808+00:00,results/cn-north-1-results.jsonl,58,"{""ResponseMetadata"": {""RequestId"": ""f940acb0-f3a9-4750-8f16-81060277cb0f"", ""HTTPStatusCode"": 200, ""HTTPHeaders"": {""date"": ""Mon, 28 Sep 2026 04:26:43 GMT"", ""content-type"": ""application/json"", ""content-length"": ""58"", ""connection"": ""keep-alive"", ""x-amzn-requestid"": ""f940acb0-f3a9-4750-8f16-81060277cb0f"", ""x-amzn-browser-session-id"": ""01M3K474CGQW4PQNZSBKR7CKQJ""}, ""RetryAttempts"": 0}, ""sessionId"": ""01M3K474CGQW4PQNZSBKR7CKQJ"", ""result"": {""mouseMove"": {""status"": ""SUCCESS""}}}"
browser.os.mouseScroll,cn-north-1,PASS,2026-09-28T04:26:47.267028+00:00,results/cn-north-1-results.jsonl,64,"{""ResponseMetadata"": {""RequestId"": ""0ab7c042-e83f-4bbb-a189-56b338a5736b"", ""HTTPStatusCode"": 200, ""HTTPHeaders"": {""date"": ""Mon, 28 Sep 2026 04:26:47 GMT"", ""content-type"": ""application/json"", ""content-length"": ""60"", ""connection"": ""keep-alive"", ""x-amzn-requestid"": ""0ab7c042-e83f-4bbb-a189-56b338a5736b"", ""x-amzn-browser-session-id"": ""01M3K474CGQW4PQNZSBKR7CKQJ""}, ""RetryAttempts"": 0}, ""sessionId"": ""01M3K474CGQW4PQNZSBKR7CKQJ"", ""result"": {""mouseScroll"": {""status"": ""SUCCESS""}}}"
browser.os.screenshot,cn-north-1,PASS,2026-09-28T04:26:47.945755+00:00,results/cn-north-1-results.jsonl,65,"{""ResponseMetadata"": {""RequestId"": ""11c6855f-9c27-445b-bb03-aa8feb96f6f5"", ""HTTPStatusCode"": 200, ""HTTPHeaders"": {""date"": ""Mon, 28 Sep 2026 04:26:47 GMT"", ""content-type"": ""application/json"", ""content-length"": ""32989"", ""connection"": ""keep-alive"", ""x-amzn-requestid"": ""11c6855f-9c27-445b-bb03-aa8feb96f6f5"", ""x-amzn-browser-session-id"": ""01M3K474CGQW4PQNZSBKR7CKQJ""}, ""RetryAttempts"": 0}, ""sessionId"": ""01M3K474CGQW4PQNZSBKR7CKQJ"", ""result"": {""screenshot"": {""status"": ""SUCCESS"", ""data"": {""bytes"": 24689, ""path"": ""/home/ec2-user/agentcore/cn/results/cn-north-1-browser-os.png""}}}}"
browser.pagination,cn-north-1,PASS,2026-09-28T05:05:54.827499+00:00,results/cn-north-1-results.jsonl,259,"{""uniqueBrowsers"": 3}"
browser.private_link,cn-north-1,NOT_AVAILABLE,2026-09-28T06:14:01.382501+00:00,results/retest/cn-north-1-results.jsonl,123,"{""allPagesScanned"": true, ""advertisedServices"": [], ""scope"": ""This account and region""}"
browser.profile.cookies_local_storage_restored,cn-north-1,PASS,2026-09-28T04:26:58.642759+00:00,results/cn-north-1-results.jsonl,73,"{""cookieRestored"": true, ""localStorageRestored"": true}"
browser.profile.create,cn-north-1,PASS,2026-09-28T04:26:49.579440+00:00,results/cn-north-1-results.jsonl,68,"{""ResponseMetadata"": {""RequestId"": ""5723381a-36c3-4ff6-9dd2-d96fd39dbbb4"", ""HTTPStatusCode"": 200, ""HTTPHeaders"": {""date"": ""Mon, 28 Sep 2026 04:26:49 GMT"", ""content-type"": ""application/json"", ""content-length"": ""239"", ""connection"": ""keep-alive"", ""x-amzn-requestid"": ""5723381a-36c3-4ff6-9dd2-d96fd39dbbb4"", ""x-amz-apigw-id"": ""EZHlgFvUhTIELoA="", ""x-amzn-trace-id"": ""Root=1-6ab9ec89-5a9d04302054fb73798704c7""}, ""RetryAttempts"": 0}, ""profileId"": ""ac_cn_0928041532_bj_profile-lMc2o3oorX"", ""profileArn"": ""arn:aws-cn:bedrock-agentcore:cn-north-1:209915754514:browser-profile/ac_cn_0928041532_bj_profile-lMc2o3oorX"", ""createdAt"": ""2026-09-28 04:26:49.422880+00:00"", ""status"": ""READY""}"
browser.profile.get,cn-north-1,PASS,2026-09-28T04:26:49.835036+00:00,results/cn-north-1-results.jsonl,69,"{""ResponseMetadata"": {""RequestId"": ""615740db-af7d-40d6-877f-feea927e97b1"", ""HTTPStatusCode"": 200, ""HTTPHeaders"": {""date"": ""Mon, 28 Sep 2026 04:26:49 GMT"", ""content-type"": ""application/json"", ""content-length"": ""367"", ""connection"": ""keep-alive"", ""x-amzn-requestid"": ""615740db-af7d-40d6-877f-feea927e97b1"", ""x-amz-apigw-id"": ""EZHllG4ohTIEOhQ="", ""x-amzn-trace-id"": ""Root=1-6ab9ec89-7a0d629c05db3e46303bde96""}, ""RetryAttempts"": 0}, ""profileId"": ""ac_cn_0928041532_bj_profile-lMc2o3oorX"", ""profileArn"": ""arn:aws-cn:bedrock-agentcore:cn-north-1:209915754514:browser-profile/ac_cn_0928041532_bj_profile-lMc2o3oorX"", ""name"": ""ac_cn_0928041532_bj_profile"", ""description"": ""Synthetic browser profile"", ""status"": ""READY"", ""createdAt"": ""2026-09-28 04:26:49.422880+00:00"", ""lastUpdatedAt"": ""2026-09-28 04:26:49.422880+00:00""}"
browser.profile.list,cn-north-1,PASS,2026-09-28T04:26:50.101363+00:00,results/cn-north-1-results.jsonl,70,"{""ResponseMetadata"": {""RequestId"": ""33d3a5f2-e824-4790-b48b-3bbecf7bec20"", ""HTTPStatusCode"": 200, ""HTTPHeaders"": {""date"": ""Mon, 28 Sep 2026 04:26:49 GMT"", ""content-type"": ""application/json"", ""content-length"": ""390"", ""connection"": ""keep-alive"", ""x-amzn-requestid"": ""33d3a5f2-e824-4790-b48b-3bbecf7bec20"", ""x-amz-apigw-id"": ""EZHloHUXBTIEfyQ="", ""x-amzn-trace-id"": ""Root=1-6ab9ec89-2864886731adc83209e4095d""}, ""RetryAttempts"": 0}, ""profileSummaries"": [{""profileId"": ""ac_cn_0928041532_bj_profile-lMc2o3oorX"", ""profileArn"": ""arn:aws-cn:bedrock-agentcore:cn-north-1:209915754514:browser-profile/ac_cn_0928041532_bj_profile-lMc2o3oorX"", ""name"": ""ac_cn_0928041532_bj_profile"", ""description"": ""Synthetic browser profile"", ""status"": ""READY"", ""createdAt"": ""2026-09-28 04:26:49.422880+00:00"", ""lastUpdatedAt"": ""2026-09-28 04:26:49.422880+00:00""}]}"
browser.profile.restore_start,cn-north-1,PASS,2026-09-28T04:26:54.561718+00:00,results/cn-north-1-results.jsonl,72,"{""ResponseMetadata"": {""RequestId"": ""3629a811-3054-4699-a01c-254754c9508d"", ""HTTPStatusCode"": 200, ""HTTPHeaders"": {""date"": ""Mon, 28 Sep 2026 04:26:54 GMT"", ""content-type"": ""application/json"", ""content-length"": ""500"", ""connection"": ""keep-alive"", ""x-amzn-requestid"": ""3629a811-3054-4699-a01c-254754c9508d""}, ""RetryAttempts"": 0}, ""browserIdentifier"": ""aws.browser.v1"", ""sessionId"": ""01M3K47ZD6ENHM79KZPYTYTTGW"", ""createdAt"": ""2026-09-28 04:26:50.647920+00:00"", ""streams"": {""automationStream"": {""streamEndpoint"": ""wss://bedrock-agentcore.cn-north-1.amazonaws.com.cn/browser-streams/aws.browser.v1/sessions/01M3K47ZD6ENHM79KZPYTYTTGW/automation"", ""streamStatus"": ""ENABLED""}, ""liveViewStream"": {""streamEndpoint"": ""https://bedrock-agentcore.cn-north-1.amazonaws.com.cn/browser-streams/aws.browser.v1/sessions/01M3K47ZD6ENHM79KZPYTYTTGW/live-view""}}}"
browser.profile.save,cn-north-1,PASS,2026-09-28T04:26:50.524231+00:00,results/cn-north-1-results.jsonl,71,"{""ResponseMetadata"": {""RequestId"": ""3e9a582f-fd6f-4eb6-90ef-ff023a8ad34b"", ""HTTPStatusCode"": 200, ""HTTPHeaders"": {""date"": ""Mon, 28 Sep 2026 04:26:50 GMT"", ""content-type"": ""application/json"", ""content-length"": ""140"", ""connection"": ""keep-alive"", ""x-amzn-requestid"": ""3e9a582f-fd6f-4eb6-90ef-ff023a8ad34b""}, ""RetryAttempts"": 0}, ""profileIdentifier"": ""ac_cn_0928041532_bj_profile-lMc2o3oorX"", ""browserIdentifier"": ""aws.browser.v1"", ""sessionId"": ""01M3K474CGQW4PQNZSBKR7CKQJ""}"
browser.profile.session_stop,cn-north-1,PASS,2026-09-28T04:26:58.994617+00:00,results/cn-north-1-results.jsonl,74,"{""ResponseMetadata"": {""RequestId"": ""8416d09a-f740-4165-ae19-fcd80cdcfa8e"", ""HTTPStatusCode"": 200, ""HTTPHeaders"": {""date"": ""Mon, 28 Sep 2026 04:26:58 GMT"", ""content-type"": ""application/json"", ""content-length"": ""128"", ""connection"": ""keep-alive"", ""x-amzn-requestid"": ""8416d09a-f740-4165-ae19-fcd80cdcfa8e""}, ""RetryAttempts"": 0}, ""browserIdentifier"": ""aws.browser.v1"", ""sessionId"": ""01M3K47ZD6ENHM79KZPYTYTTGW"", ""lastUpdatedAt"": ""2026-09-28 04:26:58.848279+00:00""}"
browser.profile.tags,cn-north-1,PASS,2026-09-28T05:05:59.187343+00:00,results/cn-north-1-results.jsonl,261,"{""tagAddListRemoveVerified"": true}"
browser.proxy.authenticated_routing,cn-north-1,PASS,2026-09-28T06:16:28.042601+00:00,results/retest/cn-north-1-results.jsonl,133,"{""supportedConfiguration"": {""httpPort"": 80, ""httpsPort"": 443, ""domainPatterns"": ""Explicit target domains when DNS is only known to the upstream proxy"", ""bypass"": ""Tested in a separate session to avoid matching the routed endpoint's reverse DNS""}, ""verifiedChecks"": [{""feature"": ""browser.proxy.standard.default-auth.http"", ""time"": ""2026-09-28T06:12:00.598241+00:00""}, {""feature"": ""browser.proxy.standard.default-auth.https"", ""time"": ""2026-09-28T06:12:01.789871+00:00""}, {""feature"": ""browser.proxy.standard.explicit-auth.https"", ""time"": ""2026-09-28T06:12:15.640415+00:00""}], ""limits"": ""8000/8443 rejected by the built-in proxy in this test; upstream-only DNS without domainPatterns returned 503"", ""previousFailuresRetained"": true}"
browser.proxy.bypass,cn-north-1,PASS,2026-09-28T06:16:28.042778+00:00,results/retest/cn-north-1-results.jsonl,134,"{""supportedConfiguration"": {""httpPort"": 80, ""httpsPort"": 443, ""domainPatterns"": ""Explicit target domains when DNS is only known to the upstream proxy"", ""bypass"": ""Tested in a separate session to avoid matching the routed endpoint's reverse DNS""}, ""verifiedChecks"": [{""feature"": ""browser.proxy.standard.bypass"", ""time"": ""2026-09-28T06:12:56.430910+00:00""}], ""limits"": ""8000/8443 rejected by the built-in proxy in this test; upstream-only DNS without domainPatterns returned 503"", ""previousFailuresRetained"": true}"
browser.proxy.fixture_baseline,cn-north-1,PASS,2026-09-28T05:05:14.851768+00:00,results/cn-north-1-results.jsonl,249,"{""proxyFixtureAcceptsCorrectCredentials"": true}"
browser.proxy.http_routing,cn-north-1,PASS,2026-09-28T06:16:28.042906+00:00,results/retest/cn-north-1-results.jsonl,135,"{""supportedConfiguration"": {""httpPort"": 80, ""httpsPort"": 443, ""domainPatterns"": ""Explicit target domains when DNS is only known to the upstream proxy"", ""bypass"": ""Tested in a separate session to avoid matching the routed endpoint's reverse DNS""}, ""verifiedChecks"": [{""feature"": ""browser.proxy.standard.explicit-auth.synthetic_dns"", ""time"": ""2026-09-28T06:12:16.709509+00:00""}, {""feature"": ""browser.proxy.standard.explicit-no-auth.synthetic_dns"", ""time"": ""2026-09-28T06:12:45.301511+00:00""}], ""limits"": ""8000/8443 rejected by the built-in proxy in this test; upstream-only DNS without domainPatterns returned 503"", ""previousFailuresRetained"": true}"
browser.proxy.start_basic_auth_bypass,cn-north-1,PASS,2026-09-28T04:40:04.920770+00:00,results/cn-north-1-results.jsonl,167,"{""ResponseMetadata"": {""RequestId"": ""4a2d831b-7a93-4ca1-8492-80ec5ef53356"", ""HTTPStatusCode"": 200, ""HTTPHeaders"": {""date"": ""Mon, 28 Sep 2026 04:40:04 GMT"", ""content-type"": ""application/json"", ""content-length"": ""560"", ""connection"": ""keep-alive"", ""x-amzn-requestid"": ""4a2d831b-7a93-4ca1-8492-80ec5ef53356""}, ""RetryAttempts"": 0}, ""browserIdentifier"": ""ac_cn_0928041532_bj_vpc-rkfvhcfFfj"", ""sessionId"": ""01M3K501ZAV106H4GXQZEEX58X"", ""createdAt"": ""2026-09-28 04:39:59.711700+00:00"", ""streams"": {""automationStream"": {""streamEndpoint"": ""wss://bedrock-agentcore.cn-north-1.amazonaws.com.cn/browser-streams/ac_cn_0928041532_bj_vpc-rkfvhcfFfj/sessions/01M3K501ZAV106H4GXQZEEX58X/automation"", ""streamStatus"": ""ENABLED""}, ""liveViewStream"": {""streamEndpoint"": ""https://bedrock-agentcore.cn-north-1.amazonaws.com.cn/browser-streams/ac_cn_0928041532_bj_vpc-rkfvhcfFfj/sessions/01M3K501ZAV106H4GXQZEEX58X/live-view""}}}"
browser.proxy.stop,cn-north-1,PASS,2026-09-28T04:40:10.547297+00:00,results/cn-north-1-results.jsonl,170,"{""ResponseMetadata"": {""RequestId"": ""5ddc25f0-0c55-4134-b1d6-df53b58b33a7"", ""HTTPStatusCode"": 200, ""HTTPHeaders"": {""date"": ""Mon, 28 Sep 2026 04:40:10 GMT"", ""content-type"": ""application/json"", ""content-length"": ""148"", ""connection"": ""keep-alive"", ""x-amzn-requestid"": ""5ddc25f0-0c55-4134-b1d6-df53b58b33a7""}, ""RetryAttempts"": 0}, ""browserIdentifier"": ""ac_cn_0928041532_bj_vpc-rkfvhcfFfj"", ""sessionId"": ""01M3K501ZAV106H4GXQZEEX58X"", ""lastUpdatedAt"": ""2026-09-28 04:40:10.417229+00:00""}"
browser.recording.replay,cn-north-1,PASS,2026-09-28T05:14:54.903228+00:00,results/cn-north-1-results.jsonl,278,"{""artifact"": ""/home/ec2-user/agentcore/cn/results/cn-north-1-replay.html"", ""eventCount"": 330, ""replayedTestPage"": true}"
browser.recording.s3_delivery,cn-north-1,PASS,2026-09-28T05:14:51.937554+00:00,results/cn-north-1-results.jsonl,277,"{""recordedSession"": ""01M3K56SE2ZQVN24Z2E3DVSQ4K"", ""batchCount"": 2, ""eventCount"": 330, ""snapshotCount"": 1}"
browser.session.get,cn-north-1,PASS,2026-09-28T04:26:24.536194+00:00,results/cn-north-1-results.jsonl,48,"{""ResponseMetadata"": {""RequestId"": ""c8999041-ed00-463d-8bc7-785cf83a3f69"", ""HTTPStatusCode"": 200, ""HTTPHeaders"": {""date"": ""Mon, 28 Sep 2026 04:26:24 GMT"", ""content-type"": ""application/json"", ""content-length"": ""841"", ""connection"": ""keep-alive"", ""x-amzn-requestid"": ""c8999041-ed00-463d-8bc7-785cf83a3f69""}, ""RetryAttempts"": 0}, ""browserIdentifier"": ""aws.browser.v1"", ""sessionId"": ""01M3K474CGQW4PQNZSBKR7CKQJ"", ""name"": ""ac_cn_0928041532_bj"", ""createdAt"": ""2026-09-28 04:26:22.975066+00:00"", ""viewPort"": {""width"": 1280, ""height"": 720}, ""sessionTimeoutSeconds"": 900, ""status"": ""READY"", ""streams"": {""automationStream"": {""streamEndpoint"": ""wss://bedrock-agentcore.cn-north-1.amazonaws.com.cn/browser-streams/aws.browser.v1/sessions/01M3K474CGQW4PQNZSBKR7CKQJ/automation"", ""streamStatus"": ""ENABLED""}, ""liveViewStream"": {""streamEndpoint"": ""https://bedrock-agentcore.cn-north-1.amazonaws.com.cn/browser-streams/aws.browser.v1/sessions/01M3K474CGQW4PQNZSBKR7CKQJ/live-view""}}, ""lastUpdatedAt"": ""2026-09-28 04:26:22.975066+00:00""}"
browser.session.idempotency,cn-north-1,PASS,2026-09-28T05:05:57.613017+00:00,results/cn-north-1-results.jsonl,260,"{""sameSessionId"": ""01M3K6FHHEG77ZEXY7SD5WEGMA""}"
browser.session.list,cn-north-1,PASS,2026-09-28T04:26:24.782828+00:00,results/cn-north-1-results.jsonl,49,"{""ResponseMetadata"": {""RequestId"": ""f961e9dc-8463-4134-8cc7-84f9cc22a181"", ""HTTPStatusCode"": 200, ""HTTPHeaders"": {""date"": ""Mon, 28 Sep 2026 04:26:24 GMT"", ""content-type"": ""application/json"", ""content-length"": ""770"", ""connection"": ""keep-alive"", ""x-amzn-requestid"": ""f961e9dc-8463-4134-8cc7-84f9cc22a181""}, ""RetryAttempts"": 0}, ""items"": [{""browserIdentifier"": ""aws.browser.v1"", ""sessionId"": ""01M3K474CGQW4PQNZSBKR7CKQJ"", ""name"": ""ac_cn_0928041532_bj"", ""status"": ""READY"", ""createdAt"": ""2026-09-28 04:26:22.975066+00:00"", ""lastUpdatedAt"": ""2026-09-28 04:26:22.975066+00:00""}], ""nextToken"": ""{\""AccountIdProfileArn\"":{\""s\"":\""209915754514#arn:aws-cn:bedrock-agentcore:cn-north-1:aws:browser/aws.browser.v1\"",\""ss\"":[],\""ns\"":[],\""bs\"":[],\""m\"":{},\""l\"":[],\""type\"":\""S\""},\""AccountId\"":{\""s\"":\""209915754514\"",\""ss\"":[],\""ns\"":[],\""bs\"":[],\""m\"":{},\""l\"":[],\""type\"":\""S\""},\""TerminationTime\"":{\""s\"":\""2026-09-28T04:41:22.975066035Z\"",\""ss\"":[],\""ns\"":[],\""bs\"":[],\""m\"":{},\""l\"":[],\""type\"":\""S\""},\""SessionId\"":{\""s\"":\""01M3K474CGQW4PQNZSBKR7CKQJ\"",\""ss\"":[],\""ns\"":[],\""bs\"":[],\""m\"":{},\""l\"":[],\""type\"":\""S\""}}""}"
browser.session.stopped_status,cn-north-1,PASS,2026-09-28T04:27:09.751797+00:00,results/cn-north-1-results.jsonl,83,"{""ResponseMetadata"": {""RequestId"": ""024b1834-74cd-411d-aff3-525f9988ac66"", ""HTTPStatusCode"": 200, ""HTTPHeaders"": {""date"": ""Mon, 28 Sep 2026 04:27:09 GMT"", ""content-type"": ""application/json"", ""content-length"": ""846"", ""connection"": ""keep-alive"", ""x-amzn-requestid"": ""024b1834-74cd-411d-aff3-525f9988ac66""}, ""RetryAttempts"": 0}, ""browserIdentifier"": ""aws.browser.v1"", ""sessionId"": ""01M3K474CGQW4PQNZSBKR7CKQJ"", ""name"": ""ac_cn_0928041532_bj"", ""createdAt"": ""2026-09-28 04:26:22.975066+00:00"", ""viewPort"": {""width"": 1280, ""height"": 720}, ""sessionTimeoutSeconds"": 900, ""status"": ""TERMINATED"", ""streams"": {""automationStream"": {""streamEndpoint"": ""wss://bedrock-agentcore.cn-north-1.amazonaws.com.cn/browser-streams/aws.browser.v1/sessions/01M3K474CGQW4PQNZSBKR7CKQJ/automation"", ""streamStatus"": ""ENABLED""}, ""liveViewStream"": {""streamEndpoint"": ""https://bedrock-agentcore.cn-north-1.amazonaws.com.cn/browser-streams/aws.browser.v1/sessions/01M3K474CGQW4PQNZSBKR7CKQJ/live-view""}}, ""lastUpdatedAt"": ""2026-09-28 04:27:09.339903+00:00""}"
browser.stream.disable,cn-north-1,PASS,2026-09-28T04:27:05.627450+00:00,results/cn-north-1-results.jsonl,78,"{""ResponseMetadata"": {""RequestId"": ""80585204-7488-4941-8cf1-6aa832d2e0ca"", ""HTTPStatusCode"": 200, ""HTTPHeaders"": {""date"": ""Mon, 28 Sep 2026 04:27:05 GMT"", ""content-type"": ""application/json"", ""content-length"": ""501"", ""connection"": ""keep-alive"", ""x-amzn-requestid"": ""80585204-7488-4941-8cf1-6aa832d2e0ca""}, ""RetryAttempts"": 0}, ""browserIdentifier"": ""aws.browser.v1"", ""sessionId"": ""01M3K474CGQW4PQNZSBKR7CKQJ"", ""streams"": {""automationStream"": {""streamEndpoint"": ""wss://bedrock-agentcore.cn-north-1.amazonaws.com.cn/browser-streams/aws.browser.v1/sessions/01M3K474CGQW4PQNZSBKR7CKQJ/automation"", ""streamStatus"": ""DISABLED""}, ""liveViewStream"": {""streamEndpoint"": ""https://bedrock-agentcore.cn-north-1.amazonaws.com.cn/browser-streams/aws.browser.v1/sessions/01M3K474CGQW4PQNZSBKR7CKQJ/live-view""}}, ""updatedAt"": ""2026-09-28 04:26:22.975066+00:00""}"
browser.stream.disabled_enforced,cn-north-1,PASS,2026-09-28T04:27:06.523252+00:00,results/cn-north-1-results.jsonl,79,"{""rejected"": true, ""error"": ""BrowserType.connect_over_cdp: WebSocket error: wss://bedrock-agentcore.cn-north-1.amazonaws.com.cn/browser-streams/aws.browser.v1/sessions/01M3K474CGQW4PQNZSBKR7CKQJ/automation 403 Forbidden\nStream is disabled for this session\nCall log:\n  - <ws connecting> wss://bedrock-agentcore.cn-north-1.amazonaws.com.cn/browser-streams/aws.browser.v1/sessions/01M3K474CGQW4PQNZSBKR7CKQJ/automation\n  - <ws unexpected response> wss://bedrock-agentcore.cn-north-1.amazonaws.com.cn/browser-streams/aws.browser.v1/s""}"
browser.stream.enable,cn-north-1,PASS,2026-09-28T04:27:06.825312+00:00,results/cn-north-1-results.jsonl,80,"{""ResponseMetadata"": {""RequestId"": ""690f2960-768d-49a0-94aa-803dda78654d"", ""HTTPStatusCode"": 200, ""HTTPHeaders"": {""date"": ""Mon, 28 Sep 2026 04:27:06 GMT"", ""content-type"": ""application/json"", ""content-length"": ""500"", ""connection"": ""keep-alive"", ""x-amzn-requestid"": ""690f2960-768d-49a0-94aa-803dda78654d""}, ""RetryAttempts"": 0}, ""browserIdentifier"": ""aws.browser.v1"", ""sessionId"": ""01M3K474CGQW4PQNZSBKR7CKQJ"", ""streams"": {""automationStream"": {""streamEndpoint"": ""wss://bedrock-agentcore.cn-north-1.amazonaws.com.cn/browser-streams/aws.browser.v1/sessions/01M3K474CGQW4PQNZSBKR7CKQJ/automation"", ""streamStatus"": ""ENABLED""}, ""liveViewStream"": {""streamEndpoint"": ""https://bedrock-agentcore.cn-north-1.amazonaws.com.cn/browser-streams/aws.browser.v1/sessions/01M3K474CGQW4PQNZSBKR7CKQJ/live-view""}}, ""updatedAt"": ""2026-09-28 04:26:22.975066+00:00""}"
browser.stream.reenabled_connect,cn-north-1,PASS,2026-09-28T04:27:09.188896+00:00,results/cn-north-1-results.jsonl,81,"""CDP reconnected"""
browser.tags.add,cn-north-1,PASS,2026-09-28T04:43:38.674915+00:00,results/cn-north-1-results.jsonl,175,"{""ResponseMetadata"": {""RequestId"": ""9970e3c2-1ab3-457c-beea-d3b2b73ff502"", ""HTTPStatusCode"": 204, ""HTTPHeaders"": {""date"": ""Mon, 28 Sep 2026 04:43:38 GMT"", ""content-type"": ""application/json"", ""content-length"": ""0"", ""connection"": ""keep-alive"", ""x-amzn-requestid"": ""9970e3c2-1ab3-457c-beea-d3b2b73ff502"", ""access-control-allow-origin"": ""*"", ""x-amz-apigw-id"": ""EZKDNF_5BTIEPlw="", ""access-control-expose-headers"": ""x-amzn-ErrorType, x-amzn-RequestId, x-amzn-ErrorMessage, x-amzn-Trace-Id, x-amz-apigw-id, Date"", ""x-amzn-trace-id"": ""Root=1-6ab9f07a-336ddc061a439e54263ab7f7""}, ""RetryAttempts"": 0}}"
browser.tags.list,cn-north-1,PASS,2026-09-28T04:43:38.985576+00:00,results/cn-north-1-results.jsonl,176,"{""ResponseMetadata"": {""RequestId"": ""a0ac3d9e-a8fb-4c29-850a-ebfb40137a83"", ""HTTPStatusCode"": 200, ""HTTPHeaders"": {""date"": ""Mon, 28 Sep 2026 04:43:38 GMT"", ""content-type"": ""application/json"", ""content-length"": ""62"", ""connection"": ""keep-alive"", ""x-amzn-requestid"": ""a0ac3d9e-a8fb-4c29-850a-ebfb40137a83"", ""access-control-allow-origin"": ""*"", ""x-amz-apigw-id"": ""EZKDQEg2BTIEH3w="", ""access-control-expose-headers"": ""x-amzn-ErrorType, x-amzn-RequestId, x-amzn-ErrorMessage, x-amzn-Trace-Id, x-amz-apigw-id, Date"", ""x-amzn-trace-id"": ""Root=1-6ab9f07a-3aea108278a3720007e510bd""}, ""RetryAttempts"": 0}, ""tags"": {""Feature"": ""browser"", ""Purpose"": ""ac-cn-0928041532-bj""}}"
browser.tags.remove,cn-north-1,PASS,2026-09-28T04:43:39.291186+00:00,results/cn-north-1-results.jsonl,177,"{""ResponseMetadata"": {""RequestId"": ""11b3bd1e-2936-4d45-ac26-4dbbec6426f7"", ""HTTPStatusCode"": 204, ""HTTPHeaders"": {""date"": ""Mon, 28 Sep 2026 04:43:39 GMT"", ""content-type"": ""application/json"", ""content-length"": ""0"", ""connection"": ""keep-alive"", ""x-amzn-requestid"": ""11b3bd1e-2936-4d45-ac26-4dbbec6426f7"", ""access-control-allow-origin"": ""*"", ""x-amz-apigw-id"": ""EZKDTGt5BTIEfyQ="", ""access-control-expose-headers"": ""x-amzn-ErrorType, x-amzn-RequestId, x-amzn-ErrorMessage, x-amzn-Trace-Id, x-amz-apigw-id, Date"", ""x-amzn-trace-id"": ""Root=1-6ab9f07b-52950b5206e7370248c3f5f9""}, ""RetryAttempts"": 0}}"
browser.ttl.auto_termination,cn-north-1,PASS,2026-09-28T05:03:40.076076+00:00,results/cn-north-1-results.jsonl,238,"{""ResponseMetadata"": {""RequestId"": ""bbbf4cf2-6b80-4fec-8185-9949518f989a"", ""HTTPStatusCode"": 200, ""HTTPHeaders"": {""date"": ""Mon, 28 Sep 2026 05:03:39 GMT"", ""content-type"": ""application/json"", ""content-length"": ""834"", ""connection"": ""keep-alive"", ""x-amzn-requestid"": ""bbbf4cf2-6b80-4fec-8185-9949518f989a""}, ""RetryAttempts"": 0}, ""browserIdentifier"": ""aws.browser.v1"", ""sessionId"": ""01M3K57XGB2F1PR94J7K53SBCK"", ""name"": ""ttl_test"", ""createdAt"": ""2026-09-28 04:44:17.282335+00:00"", ""viewPort"": {""width"": 1456, ""height"": 819}, ""sessionTimeoutSeconds"": 60, ""status"": ""TERMINATED"", ""streams"": {""automationStream"": {""streamEndpoint"": ""wss://bedrock-agentcore.cn-north-1.amazonaws.com.cn/browser-streams/aws.browser.v1/sessions/01M3K57XGB2F1PR94J7K53SBCK/automation"", ""streamStatus"": ""ENABLED""}, ""liveViewStream"": {""streamEndpoint"": ""https://bedrock-agentcore.cn-north-1.amazonaws.com.cn/browser-streams/aws.browser.v1/sessions/01M3K57XGB2F1PR94J7K53SBCK/live-view""}}, ""lastUpdatedAt"": ""2026-09-28 04:44:17.282335+00:00""}"
browser.ttl.short_session,cn-north-1,PASS,2026-09-28T04:44:18.464307+00:00,results/cn-north-1-results.jsonl,188,"{""sessionId"": ""01M3K57XGB2F1PR94J7K53SBCK"", ""timeoutSeconds"": 60}"
browser.vpc.create,cn-north-1,PASS,2026-09-28T04:31:31.035820+00:00,results/cn-north-1-results.jsonl,123,"{""ResponseMetadata"": {""RequestId"": ""3758ee17-6a34-40fa-9488-2601d7202765"", ""HTTPStatusCode"": 202, ""HTTPHeaders"": {""date"": ""Mon, 28 Sep 2026 04:31:30 GMT"", ""content-type"": ""application/json"", ""content-length"": ""233"", ""connection"": ""keep-alive"", ""x-amzn-requestid"": ""3758ee17-6a34-40fa-9488-2601d7202765"", ""x-amz-apigw-id"": ""EZIRdGVqhTIEb7A="", ""x-amzn-trace-id"": ""Root=1-6ab9eda2-13541ff303eeb0613572b520""}, ""RetryAttempts"": 0}, ""browserId"": ""ac_cn_0928041532_bj_vpc-rkfvhcfFfj"", ""browserArn"": ""arn:aws-cn:bedrock-agentcore:cn-north-1:209915754514:browser-custom/ac_cn_0928041532_bj_vpc-rkfvhcfFfj"", ""createdAt"": ""2026-09-28 04:31:30.876348+00:00"", ""status"": ""CREATING""}"
browser.vpc.private_http,cn-north-1,PASS,2026-09-28T04:39:47.475908+00:00,results/cn-north-1-results.jsonl,161,"{""privateHttpStatus"": 200, ""title"": ""Private China test""}"
browser.vpc.ready,cn-north-1,PASS,2026-09-28T04:39:40.265798+00:00,results/cn-north-1-results.jsonl,159,"{""ResponseMetadata"": {""RequestId"": ""3a72f7b5-e3b9-469f-9f81-a1058be6ffb1"", ""HTTPStatusCode"": 200, ""HTTPHeaders"": {""date"": ""Mon, 28 Sep 2026 04:39:40 GMT"", ""content-type"": ""application/json"", ""content-length"": ""537"", ""connection"": ""keep-alive"", ""x-amzn-requestid"": ""3a72f7b5-e3b9-469f-9f81-a1058be6ffb1"", ""x-amz-apigw-id"": ""EZJd-HEvBTIEcnA="", ""x-amzn-trace-id"": ""Root=1-6ab9ef8c-27fa9aff76c3946d4e981e2a""}, ""RetryAttempts"": 0}, ""browserId"": ""ac_cn_0928041532_bj_vpc-rkfvhcfFfj"", ""browserArn"": ""arn:aws-cn:bedrock-agentcore:cn-north-1:209915754514:browser-custom/ac_cn_0928041532_bj_vpc-rkfvhcfFfj"", ""name"": ""ac_cn_0928041532_bj_vpc"", ""executionRoleArn"": ""arn:aws-cn:iam::209915754514:role/ac-cn-0928041532-bj-agentcore"", ""networkConfiguration"": {""networkMode"": ""VPC"", ""vpcConfig"": {""securityGroups"": [""sg-00ea1d13ed36ba5d3""], ""subnets"": [""subnet-0dcdbbc30d29d403c""]}}, ""status"": ""READY"", ""createdAt"": ""2026-09-28 04:31:30.876348+00:00"", ""lastUpdatedAt"": ""2026-09-28 04:35:51.704213+00:00""}"
browser.vpc.start,cn-north-1,PASS,2026-09-28T04:39:42.502798+00:00,results/cn-north-1-results.jsonl,160,"{""ResponseMetadata"": {""RequestId"": ""3c2722a3-1f77-4dfe-b7c7-064d55950ec7"", ""HTTPStatusCode"": 200, ""HTTPHeaders"": {""date"": ""Mon, 28 Sep 2026 04:39:42 GMT"", ""content-type"": ""application/json"", ""content-length"": ""560"", ""connection"": ""keep-alive"", ""x-amzn-requestid"": ""3c2722a3-1f77-4dfe-b7c7-064d55950ec7""}, ""RetryAttempts"": 0}, ""browserIdentifier"": ""ac_cn_0928041532_bj_vpc-rkfvhcfFfj"", ""sessionId"": ""01M3K4ZFYX1JK945VJ4D0AGH6B"", ""createdAt"": ""2026-09-28 04:39:41.266739+00:00"", ""streams"": {""automationStream"": {""streamEndpoint"": ""wss://bedrock-agentcore.cn-north-1.amazonaws.com.cn/browser-streams/ac_cn_0928041532_bj_vpc-rkfvhcfFfj/sessions/01M3K4ZFYX1JK945VJ4D0AGH6B/automation"", ""streamStatus"": ""ENABLED""}, ""liveViewStream"": {""streamEndpoint"": ""https://bedrock-agentcore.cn-north-1.amazonaws.com.cn/browser-streams/ac_cn_0928041532_bj_vpc-rkfvhcfFfj/sessions/01M3K4ZFYX1JK945VJ4D0AGH6B/live-view""}}}"
browser.vpc.stop,cn-north-1,PASS,2026-09-28T04:39:48.597432+00:00,results/cn-north-1-results.jsonl,163,"{""ResponseMetadata"": {""RequestId"": ""8e251198-b15e-42b6-881b-c524d2ba093f"", ""HTTPStatusCode"": 200, ""HTTPHeaders"": {""date"": ""Mon, 28 Sep 2026 04:39:48 GMT"", ""content-type"": ""application/json"", ""content-length"": ""148"", ""connection"": ""keep-alive"", ""x-amzn-requestid"": ""8e251198-b15e-42b6-881b-c524d2ba093f""}, ""RetryAttempts"": 0}, ""browserIdentifier"": ""ac_cn_0928041532_bj_vpc-rkfvhcfFfj"", ""sessionId"": ""01M3K4ZFYX1JK945VJ4D0AGH6B"", ""lastUpdatedAt"": ""2026-09-28 04:39:48.473728+00:00""}"
gateway.api_gateway.filters_overrides,cn-north-1,PASS,2026-09-28T04:28:17.946797+00:00,results/cn-north-1-results.jsonl,96,"{""ResponseMetadata"": {""RequestId"": ""4d44e217-2848-4e38-b39e-02297e2afd1c"", ""HTTPStatusCode"": 200, ""HTTPHeaders"": {""date"": ""Mon, 28 Sep 2026 04:28:17 GMT"", ""content-type"": ""application/json"", ""content-length"": ""673"", ""connection"": ""keep-alive"", ""x-amzn-requestid"": ""4d44e217-2848-4e38-b39e-02297e2afd1c"", ""x-amz-apigw-id"": ""EZHzVHcjBTIELoA="", ""x-amzn-trace-id"": ""Root=1-6ab9ece1-142938223676217a49c62355""}, ""RetryAttempts"": 0}, ""gatewayArn"": ""arn:aws-cn:bedrock-agentcore:cn-north-1:209915754514:gateway/ac-cn-0928041532-bj-qvzqlrwoke"", ""targetId"": ""HIULGYUYQS"", ""createdAt"": ""2026-09-28 04:20:37.615107+00:00"", ""updatedAt"": ""2026-09-28 04:28:16.278618+00:00"", ""status"": ""READY"", ""name"": ""api-stage"", ""targetConfiguration"": {""mcp"": {""apiGateway"": {""restApiId"": ""lvvy6jfk64"", ""stage"": ""test"", ""apiGatewayToolConfiguration"": {""toolOverrides"": [{""name"": ""iam_echo"", ""description"": ""IAM authorized echo"", ""path"": ""/iam"", ""method"": ""GET""}], ""toolFilters"": [{""filterPath"": ""/iam"", ""methods"": [""GET""]}]}}}}, ""credentialProviderConfigurations"": [{""credentialProviderType"": ""GATEWAY_IAM_ROLE""}], ""lastSynchronizedAt"": ""2026-09-28 04:28:16.069246+00:00""}"
gateway.api_gateway.iam_invocation,cn-north-1,PASS,2026-09-28T04:28:18.717687+00:00,results/cn-north-1-results.jsonl,97,"{""status"": 200, ""headers"": {""content-type"": ""application/json"", ""x-amzn-requestid"": ""cc20976a-d48f-497e-b234-a4ccaa2418e9""}, ""body"": {""jsonrpc"": ""2.0"", ""id"": 876857, ""result"": {""isError"": false, ""content"": [{""type"": ""text"", ""text"": ""{\""message\"":\""echo-ok\"",\""path\"":\""/iam\"",\""region\"":\""cn-north-1\"",\""forwardedHeader\"":\""\"",\""forwardedQuery\"":\""\""}""}]}}}"
gateway.create_iam,cn-north-1,PASS,2026-09-28T04:20:14.477262+00:00,results/cn-north-1-results.jsonl,3,"{""ResponseMetadata"": {""RequestId"": ""6b957153-d708-452f-8e03-f68ee572b710"", ""HTTPStatusCode"": 202, ""HTTPHeaders"": {""date"": ""Mon, 28 Sep 2026 04:20:14 GMT"", ""content-type"": ""application/json"", ""content-length"": ""662"", ""connection"": ""keep-alive"", ""x-amzn-requestid"": ""6b957153-d708-452f-8e03-f68ee572b710"", ""x-amz-apigw-id"": ""EZGnyEcphTIEcnA="", ""x-amzn-trace-id"": ""Root=1-6ab9eafe-1df03e601842ea43075de222""}, ""RetryAttempts"": 0}, ""gatewayArn"": ""arn:aws-cn:bedrock-agentcore:cn-north-1:209915754514:gateway/ac-cn-0928041532-bj-qvzqlrwoke"", ""gatewayId"": ""ac-cn-0928041532-bj-qvzqlrwoke"", ""gatewayUrl"": ""https://ac-cn-0928041532-bj-qvzqlrwoke.gateway.bedrock-agentcore.cn-north-1.amazonaws.com.cn/mcp"", ""createdAt"": ""2026-09-28 04:20:14.326049+00:00"", ""updatedAt"": ""2026-09-28 04:20:14.326057+00:00"", ""status"": ""CREATING"", ""name"": ""ac-cn-0928041532-bj"", ""roleArn"": ""arn:aws-cn:iam::209915754514:role/ac-cn-0928041532-bj-agentcore"", ""protocolType"": ""MCP"", ""protocolConfiguration"": {""mcp"": {""instructions"": ""Synthetic China feature test""}}, ""authorizerType"": ""AWS_IAM"", ""workloadIdentityDetails"": {}, ""exceptionLevel"": ""DEBUG""}"
gateway.debug.target_error,cn-north-1,PASS,2026-09-28T04:20:29.349311+00:00,results/cn-north-1-results.jsonl,16,"{""status"": 200, ""headers"": {""Content-Type"": ""application/json"", ""x-amzn-RequestId"": ""720377b3-02a6-4dfc-ac45-8795b1852488""}, ""body"": {""jsonrpc"": ""2.0"", ""id"": 696729, ""result"": {""content"": [{""type"": ""text"", ""text"": ""{\""errorMessage\"": \""deliberate-synthetic-error\"", \""errorType\"": \""ValueError\"", \""requestId\"": \""396b117c-e5ea-47bc-9e18-87b8dcdae6b5\"", \""stackTrace\"": [\""  File \\\""/var/task/backend.py\\\"", line 31, in handler\\n    raise ValueError(\\\""deliberate-synthetic-error\\\"")\\n\""]}""}], ""_meta"": {""debug"": {""type"": ""text"", ""text"": ""{\""errorMessage\"": \""deliberate-synthetic-error\"", \""errorType\"": \""ValueError\"", \""requestId\"": \""396b117c-e5ea-47bc-9e18-87b8dcdae6b5\"", \""stackTrace\"": [\""  File \\\""/var/task/backend.py\\\"", line 31, in handler\\n    raise ValueError(\\\""deliberate-synthetic-error\\\"")\\n\""]}""}}, ""isError"": true}}}"
gateway.get_ready,cn-north-1,PASS,2026-09-28T04:20:17.994313+00:00,results/cn-north-1-results.jsonl,4,"{""ResponseMetadata"": {""RequestId"": ""58b3bfc3-af54-4336-a622-e520be8ad614"", ""HTTPStatusCode"": 200, ""HTTPHeaders"": {""date"": ""Mon, 28 Sep 2026 04:20:17 GMT"", ""content-type"": ""application/json"", ""content-length"": ""820"", ""connection"": ""keep-alive"", ""x-amzn-requestid"": ""58b3bfc3-af54-4336-a622-e520be8ad614"", ""x-amz-apigw-id"": ""EZGoXFkZhTIEViQ="", ""x-amzn-trace-id"": ""Root=1-6ab9eb01-003d72693eb8c8ad1ec175f6""}, ""RetryAttempts"": 0}, ""gatewayArn"": ""arn:aws-cn:bedrock-agentcore:cn-north-1:209915754514:gateway/ac-cn-0928041532-bj-qvzqlrwoke"", ""gatewayId"": ""ac-cn-0928041532-bj-qvzqlrwoke"", ""gatewayUrl"": ""https://ac-cn-0928041532-bj-qvzqlrwoke.gateway.bedrock-agentcore.cn-north-1.amazonaws.com.cn/mcp"", ""createdAt"": ""2026-09-28 04:20:14.326049+00:00"", ""updatedAt"": ""2026-09-28 04:20:15.056358+00:00"", ""status"": ""READY"", ""name"": ""ac-cn-0928041532-bj"", ""roleArn"": ""arn:aws-cn:iam::209915754514:role/ac-cn-0928041532-bj-agentcore"", ""protocolType"": ""MCP"", ""protocolConfiguration"": {""mcp"": {""instructions"": ""Synthetic China feature test""}}, ""authorizerType"": ""AWS_IAM"", ""workloadIdentityDetails"": {""workloadIdentityArn"": ""arn:aws-cn:bedrock-agentcore:cn-north-1:209915754514:workload-identity-directory/default/workload-identity/ac-cn-0928041532-bj-qvzqlrwoke""}, ""exceptionLevel"": ""DEBUG""}"
gateway.http_passthrough,cn-north-1,PASS,2026-09-28T04:49:31.591777+00:00,results/cn-north-1-results.jsonl,195,"{""gatewayWithoutProtocolType"": true, ""status"": 200, ""body"": {""message"": ""echo-ok"", ""path"": ""/echo"", ""region"": ""cn-north-1"", ""forwardedHeader"": """", ""forwardedQuery"": """"}}"
gateway.iam.unsigned_denied,cn-north-1,PASS,2026-09-28T04:20:30.015328+00:00,results/cn-north-1-results.jsonl,17,"{""status"": 401, ""body"": ""{\""jsonrpc\"":\""2.0\"",\""id\"":1,\""error\"":{\""code\"":-32001,\""message\"":\""Authentication error - Invalid credentials\""}}""}"
gateway.interceptors.configure,cn-north-1,PASS,2026-09-28T04:37:17.075405+00:00,results/cn-north-1-results.jsonl,142,"{""ResponseMetadata"": {""RequestId"": ""bb76c36c-8580-4d32-9a77-e91acca1ba42"", ""HTTPStatusCode"": 202, ""HTTPHeaders"": {""date"": ""Mon, 28 Sep 2026 04:37:13 GMT"", ""content-type"": ""application/json"", ""content-length"": ""974"", ""connection"": ""keep-alive"", ""x-amzn-requestid"": ""bb76c36c-8580-4d32-9a77-e91acca1ba42"", ""x-amz-apigw-id"": ""EZJHCEnuBTIEA3Q="", ""x-amzn-trace-id"": ""Root=1-6ab9eef9-7790cc0e258656e963092ebd""}, ""RetryAttempts"": 0}, ""gatewayArn"": ""arn:aws-cn:bedrock-agentcore:cn-north-1:209915754514:gateway/ac-cn-0928041532-bj-qvzqlrwoke"", ""gatewayId"": ""ac-cn-0928041532-bj-qvzqlrwoke"", ""gatewayUrl"": ""https://ac-cn-0928041532-bj-qvzqlrwoke.gateway.bedrock-agentcore.cn-north-1.amazonaws.com.cn/mcp"", ""createdAt"": ""2026-09-28 04:20:14.326049+00:00"", ""updatedAt"": ""2026-09-28 04:37:13.432730+00:00"", ""status"": ""UPDATING"", ""name"": ""ac-cn-0928041532-bj"", ""roleArn"": ""arn:aws-cn:iam::209915754514:role/ac-cn-0928041532-bj-agentcore"", ""protocolType"": ""MCP"", ""authorizerType"": ""AWS_IAM"", ""interceptorConfigurations"": [{""interceptor"": {""lambda"": {""arn"": ""arn:aws-cn:lambda:cn-north-1:209915754514:function:ac-cn-0928041532-bj""}}, ""interceptionPoints"": [""REQUEST"", ""RESPONSE""], ""inputConfiguration"": {""passRequestHeaders"": true}}], ""workloadIdentityDetails"": {""workloadIdentityArn"": ""arn:aws-cn:bedrock-agentcore:cn-north-1:209915754514:workload-identity-directory/default/workload-identity/ac-cn-0928041532-bj-qvzqlrwoke""}, ""exceptionLevel"": ""DEBUG""}"
gateway.interceptors.remove,cn-north-1,PASS,2026-09-28T04:37:21.966388+00:00,results/cn-north-1-results.jsonl,144,"{""ResponseMetadata"": {""RequestId"": ""28cdc2f9-393e-42dd-a892-b30b8df2f97c"", ""HTTPStatusCode"": 202, ""HTTPHeaders"": {""date"": ""Mon, 28 Sep 2026 04:37:18 GMT"", ""content-type"": ""application/json"", ""content-length"": ""851"", ""connection"": ""keep-alive"", ""x-amzn-requestid"": ""28cdc2f9-393e-42dd-a892-b30b8df2f97c"", ""x-amz-apigw-id"": ""EZJHzHdeBTIEZ-g="", ""x-amzn-trace-id"": ""Root=1-6ab9eefe-5eb389ac6c7d22303da41ca2""}, ""RetryAttempts"": 0}, ""gatewayArn"": ""arn:aws-cn:bedrock-agentcore:cn-north-1:209915754514:gateway/ac-cn-0928041532-bj-qvzqlrwoke"", ""gatewayId"": ""ac-cn-0928041532-bj-qvzqlrwoke"", ""gatewayUrl"": ""https://ac-cn-0928041532-bj-qvzqlrwoke.gateway.bedrock-agentcore.cn-north-1.amazonaws.com.cn/mcp"", ""createdAt"": ""2026-09-28 04:20:14.326049+00:00"", ""updatedAt"": ""2026-09-28 04:37:18.334120+00:00"", ""status"": ""UPDATING"", ""name"": ""ac-cn-0928041532-bj"", ""roleArn"": ""arn:aws-cn:iam::209915754514:role/ac-cn-0928041532-bj-agentcore"", ""protocolType"": ""MCP"", ""protocolConfiguration"": {""mcp"": {""supportedVersions"": [""2025-03-26"", ""2025-06-18"", ""2025-11-25"", ""2026-07-28""]}}, ""authorizerType"": ""AWS_IAM"", ""workloadIdentityDetails"": {""workloadIdentityArn"": ""arn:aws-cn:bedrock-agentcore:cn-north-1:209915754514:workload-identity-directory/default/workload-identity/ac-cn-0928041532-bj-qvzqlrwoke""}, ""exceptionLevel"": ""DEBUG""}"
gateway.interceptors.response_effect,cn-north-1,PASS,2026-09-28T04:37:18.150948+00:00,results/cn-north-1-results.jsonl,143,"{""requestTransformedSum"": 4, ""response"": {""status"": 200, ""headers"": {""content-type"": ""application/json"", ""x-amzn-requestid"": ""c84e3fbf-9027-4e1b-9cf1-333e57b9e9ff""}, ""body"": {""jsonrpc"": ""2.0"", ""id"": 528565, ""result"": {""isError"": false, ""content"": [{""type"": ""text"", ""text"": ""{\""sum\"":4,\""echo\"":\""\"",\""region\"":\""cn-north-1\"",\""tool\"":\""lambda-inline___add\""}""}], ""_meta"": {""cn_interceptor"": ""response-ok""}}}}}"
gateway.jwt,cn-north-1,PASS,2026-09-28T05:46:27.904744+00:00,results/retest/cn-north-1-results.jsonl,12,"{""validJwtInvocation"": {""status"": 200, ""headers"": {""content-type"": ""application/json"", ""x-amzn-requestid"": ""a199c3f6-906c-406b-95f6-40e1ee62b528""}, ""body"": {""jsonrpc"": ""2.0"", ""id"": 8471, ""result"": {""isError"": false, ""content"": [{""type"": ""text"", ""text"": ""{\""sum\"":42,\""fixture\"":\""retest-lambda\""}""}]}}}, ""negativeClaims"": {""wrongAudience"": 403, ""wrongClient"": 403, ""expired"": 403, ""wrongScope"": 403}}"
gateway.jwt.configuration_and_rejection,cn-north-1,PASS,2026-09-28T04:49:37.068621+00:00,results/cn-north-1-results.jsonl,197,"{""configurationReady"": true, ""invalidTokenRejected"": 401, ""discoveryProvider"": ""Microsoft public OIDC metadata""}"
gateway.kms,cn-north-1,PASS,2026-09-28T04:37:34.948176+00:00,results/cn-north-1-results.jsonl,146,"{""kmsKeyArn"": ""arn:aws-cn:kms:cn-north-1:209915754514:key/9fc74828-2ad7-4602-b21b-054a406c75a0"", ""invocation"": {""status"": 200, ""headers"": {""content-type"": ""application/json"", ""x-amzn-requestid"": ""ba731f5e-c911-4afe-badd-517939200ba9""}, ""body"": {""jsonrpc"": ""2.0"", ""id"": 476345, ""result"": {""isError"": false, ""content"": [{""type"": ""text"", ""text"": ""{\""sum\"":42,\""echo\"":\""\"",\""region\"":\""cn-north-1\"",\""tool\"":\""encrypted___add\""}""}]}}}}"
gateway.lambda.inline_target,cn-north-1,PASS,2026-09-28T04:20:23.245881+00:00,results/cn-north-1-results.jsonl,9,"{""ResponseMetadata"": {""RequestId"": ""65302b82-9707-4561-a740-a1595f5fa820"", ""HTTPStatusCode"": 200, ""HTTPHeaders"": {""date"": ""Mon, 28 Sep 2026 04:20:23 GMT"", ""content-type"": ""application/json"", ""content-length"": ""935"", ""connection"": ""keep-alive"", ""x-amzn-requestid"": ""65302b82-9707-4561-a740-a1595f5fa820"", ""x-amz-apigw-id"": ""EZGpLGZZBTIERhQ="", ""x-amzn-trace-id"": ""Root=1-6ab9eb07-6bddeebb00d1323a361be0f3""}, ""RetryAttempts"": 0}, ""gatewayArn"": ""arn:aws-cn:bedrock-agentcore:cn-north-1:209915754514:gateway/ac-cn-0928041532-bj-qvzqlrwoke"", ""targetId"": ""VWVJYU03UC"", ""createdAt"": ""2026-09-28 04:20:19.459272+00:00"", ""updatedAt"": ""2026-09-28 04:20:20.050218+00:00"", ""status"": ""READY"", ""name"": ""lambda-inline"", ""targetConfiguration"": {""mcp"": {""lambda"": {""lambdaArn"": ""arn:aws-cn:lambda:cn-north-1:209915754514:function:ac-cn-0928041532-bj"", ""toolSchema"": {""inlinePayload"": [{""name"": ""add"", ""description"": ""Add two numbers"", ""inputSchema"": {""type"": ""object"", ""properties"": {""a"": {""type"": ""number""}, ""b"": {""type"": ""number""}}, ""required"": [""a"", ""b""]}}, {""name"": ""echo"", ""description"": ""Echo text"", ""inputSchema"": {""type"": ""object"", ""properties"": {""text"": {""type"": ""string""}}}}, {""name"": ""error"", ""description"": ""Return a synthetic test error"", ""inputSchema"": {""type"": ""object"", ""properties"": {""fail"": {""type"": ""boolean""}}, ""required"": [""fail""]}}]}}}}, ""credentialProviderConfigurations"": [{""credentialProviderType"": ""GATEWAY_IAM_ROLE""}]}"
gateway.lambda.invoke_add,cn-north-1,PASS,2026-09-28T04:20:27.575221+00:00,results/cn-north-1-results.jsonl,14,"{""status"": 200, ""headers"": {""Content-Type"": ""application/json"", ""x-amzn-RequestId"": ""bdd29b8d-ee2e-49fc-975f-b2b1c618c61a""}, ""body"": {""jsonrpc"": ""2.0"", ""id"": 950759, ""result"": {""isError"": false, ""content"": [{""type"": ""text"", ""text"": ""{\""sum\"":42,\""echo\"":\""\"",\""region\"":\""cn-north-1\"",\""tool\"":\""lambda-inline___add\""}""}]}}}"
gateway.lambda.invoke_unicode,cn-north-1,PASS,2026-09-28T04:20:28.486936+00:00,results/cn-north-1-results.jsonl,15,"{""status"": 200, ""headers"": {""Content-Type"": ""application/json"", ""x-amzn-RequestId"": ""61cd1dc6-8c5a-46d2-9aa6-6dfa314b1dac""}, ""body"": {""jsonrpc"": ""2.0"", ""id"": 527283, ""result"": {""isError"": false, ""content"": [{""type"": ""text"", ""text"": ""{\""sum\"":0,\""echo\"":\""北京宁夏\"",\""region\"":\""cn-north-1\"",\""tool\"":\""lambda-inline___echo\""}""}]}}}"
gateway.lambda.s3_invoke,cn-north-1,PASS,2026-09-28T04:20:36.613736+00:00,results/cn-north-1-results.jsonl,19,"{""status"": 200, ""headers"": {""Content-Type"": ""application/json"", ""x-amzn-RequestId"": ""711eefbc-2a48-4388-8d65-cfb867e3528c""}, ""body"": {""jsonrpc"": ""2.0"", ""id"": 197624, ""result"": {""isError"": false, ""content"": [{""type"": ""text"", ""text"": ""{\""sum\"":42,\""echo\"":\""\"",\""region\"":\""cn-north-1\"",\""tool\"":\""lambda-s3___add\""}""}]}}}"
gateway.lambda.s3_schema,cn-north-1,PASS,2026-09-28T04:20:35.770895+00:00,results/cn-north-1-results.jsonl,18,"{""ResponseMetadata"": {""RequestId"": ""72b579b5-e88e-4742-bfb1-cc4780799148"", ""HTTPStatusCode"": 200, ""HTTPHeaders"": {""date"": ""Mon, 28 Sep 2026 04:20:35 GMT"", ""content-type"": ""application/json"", ""content-length"": ""593"", ""connection"": ""keep-alive"", ""x-amzn-requestid"": ""72b579b5-e88e-4742-bfb1-cc4780799148"", ""x-amz-apigw-id"": ""EZGrIF-phTIEWyg="", ""x-amzn-trace-id"": ""Root=1-6ab9eb13-4b0d646656b4b8ad0508acc1""}, ""RetryAttempts"": 0}, ""gatewayArn"": ""arn:aws-cn:bedrock-agentcore:cn-north-1:209915754514:gateway/ac-cn-0928041532-bj-qvzqlrwoke"", ""targetId"": ""B8CWJUTZEW"", ""createdAt"": ""2026-09-28 04:20:32.042297+00:00"", ""updatedAt"": ""2026-09-28 04:20:32.587475+00:00"", ""status"": ""READY"", ""name"": ""lambda-s3"", ""targetConfiguration"": {""mcp"": {""lambda"": {""lambdaArn"": ""arn:aws-cn:lambda:cn-north-1:209915754514:function:ac-cn-0928041532-bj"", ""toolSchema"": {""s3"": {""uri"": ""s3://ac-cn-0928041532-bj-209915754514/lambda-tools.json"", ""bucketOwnerAccountId"": ""209915754514""}}}}}, ""credentialProviderConfigurations"": [{""credentialProviderType"": ""GATEWAY_IAM_ROLE""}]}"
gateway.list,cn-north-1,PASS,2026-09-28T04:20:18.266131+00:00,results/cn-north-1-results.jsonl,5,"{""ResponseMetadata"": {""RequestId"": ""1e697780-2015-4b06-aa60-221219d51d2d"", ""HTTPStatusCode"": 200, ""HTTPHeaders"": {""date"": ""Mon, 28 Sep 2026 04:20:18 GMT"", ""content-type"": ""application/json"", ""content-length"": ""777"", ""connection"": ""keep-alive"", ""x-amzn-requestid"": ""1e697780-2015-4b06-aa60-221219d51d2d"", ""x-amz-apigw-id"": ""EZGoZGu8hTIEC4g="", ""x-amzn-trace-id"": ""Root=1-6ab9eb02-3c0143cc438f93c27ce9ce63""}, ""RetryAttempts"": 0}, ""items"": [{""gatewayId"": ""ac-cn-0928041532-bj-qvzqlrwoke"", ""name"": ""ac-cn-0928041532-bj"", ""status"": ""READY"", ""createdAt"": ""2026-09-28 04:20:14.326049+00:00"", ""updatedAt"": ""2026-09-28 04:20:15.056358+00:00"", ""authorizerType"": ""AWS_IAM"", ""protocolType"": ""MCP""}], ""nextToken"": ""AQED/ze8iknH43SkDxesfs/hmducNcFPuElmzKLYqqIUBwNycAAAAV0BAIQRVRi/olBV9gSp7Koq4P2XjLVch6WufBgottG1mD22XSAaeWvIwrkyBXvldzWyLCJO+jjnL+vhY7HfhYsejJMonE/+soN/AAABAAAAAAAAAEAaPhKCfwAAAAAAAAAAAADwnnbrlwGmRSvwGeAOQrRMbS2g25ziWd+hdbKq4o6TKPtSzSQAwPBfj7I5HB++IJEVXftLZwXk07IC0N96MirwZLyAAu2d/7w4dV2ve6MIHRnM7vXUCHSynG0G4o6trwxwzBMtaLm1zGb8F032ZhTmXHT/UlNUB7HqQ7IxVcTHrKStsy+hmrqK/9VHm1tyv9Nq6qIWqYnlVdpJiROt/tq7tYAbZkSpboLeO8FZFRblw19SA1N6tvZh6IzydTvhObOmO9wtE8EH+YHxsTWne5Gozj79v3JkXKTREQNVmVxE0oX0p0VqFAAQull0AGHz9LD+eK3TUNag0QAA""}"
gateway.mcp.elicitation_roundtrip,cn-north-1,PASS,2026-09-28T04:56:01.527125+00:00,results/cn-north-1-results.jsonl,217,"{""inputRequested"": {""status"": 200, ""headers"": {""content-type"": ""application/json"", ""x-amzn-requestid"": ""9ef3703c-68fc-43bb-add2-cdef2e9e2d60""}, ""body"": {""jsonrpc"": ""2.0"", ""id"": 675753, ""result"": {""resultType"": ""input_required"", ""inputRequests"": {""cn-input"": {""method"": ""elicitation/create"", ""params"": {""mode"": ""form"", ""message"": ""Confirm synthetic test"", ""requestedSchema"": {""type"": ""object"", ""properties"": {""confirm"": {""type"": ""boolean""}}, ""required"": [""confirm""]}}}}, ""requestState"": ""REDACTED""}}}, ""completed"": {""status"": 200, ""headers"": {""content-type"": ""application/json"", ""x-amzn-requestid"": ""d4ef2b94-c345-43bf-9fff-7ab9c7a8c3d1""}, ""body"": {""jsonrpc"": ""2.0"", ""id"": 861990, ""result"": {""content"": [{""type"": ""text"", ""text"": ""roundtrip-ok:{\""cn-input\"": {\""action\"": \""accept\"", \""content\"": {\""confirm\"": true}}}""}], ""isError"": false, ""resultType"": ""complete""}}}}"
gateway.mcp.initialize.2025-03-26,cn-north-1,PASS,2026-09-28T04:37:08.895115+00:00,results/cn-north-1-results.jsonl,137,"{""status"": 200, ""headers"": {""content-type"": ""application/json"", ""x-amzn-requestid"": ""93c7c957-0909-484f-a00a-2d7e698cc263""}, ""body"": {""jsonrpc"": ""2.0"", ""id"": 249288, ""result"": {""protocolVersion"": ""2025-03-26"", ""capabilities"": {""tools"": {""listChanged"": false}, ""prompts"": {""listChanged"": false}, ""resources"": {""listChanged"": false}}, ""serverInfo"": {""version"": ""1.0.0"", ""name"": ""ac-cn-0928041532-bj""}}}}"
gateway.mcp.initialize.2025-06-18,cn-north-1,PASS,2026-09-28T04:37:10.379923+00:00,results/cn-north-1-results.jsonl,138,"{""status"": 200, ""headers"": {""content-type"": ""application/json"", ""x-amzn-requestid"": ""c7f231ae-e4ad-4340-b8a3-4c964ed480a4""}, ""body"": {""jsonrpc"": ""2.0"", ""id"": 486995, ""result"": {""protocolVersion"": ""2025-06-18"", ""capabilities"": {""tools"": {""listChanged"": false}, ""prompts"": {""listChanged"": false}, ""resources"": {""listChanged"": false}}, ""serverInfo"": {""version"": ""1.0.0"", ""name"": ""ac-cn-0928041532-bj""}}}}"
gateway.mcp.initialize.2025-11-25,cn-north-1,PASS,2026-09-28T04:37:11.836430+00:00,results/cn-north-1-results.jsonl,139,"{""status"": 200, ""headers"": {""content-type"": ""application/json"", ""x-amzn-requestid"": ""b59e1378-ac4b-46ce-9fad-0cf2f7322114""}, ""body"": {""jsonrpc"": ""2.0"", ""id"": 321802, ""result"": {""protocolVersion"": ""2025-11-25"", ""capabilities"": {""tools"": {""listChanged"": false}, ""prompts"": {""listChanged"": false}, ""resources"": {""listChanged"": false}}, ""serverInfo"": {""version"": ""1.0.0"", ""name"": ""ac-cn-0928041532-bj""}}}}"
gateway.mcp.prompts_get,cn-north-1,PASS,2026-09-28T04:28:26.144081+00:00,results/cn-north-1-results.jsonl,102,"{""status"": 200, ""headers"": {""content-type"": ""application/json"", ""x-amzn-requestid"": ""be1aeab5-fa3c-4b1e-80fb-5433fe4ecdb2""}, ""body"": {""jsonrpc"": ""2.0"", ""id"": 360420, ""result"": {""messages"": [{""role"": ""user"", ""content"": {""type"": ""text"", ""text"": ""Hello China""}}]}}}"
gateway.mcp.prompts_list,cn-north-1,PASS,2026-09-28T04:28:25.036411+00:00,results/cn-north-1-results.jsonl,101,"{""status"": 200, ""headers"": {""content-type"": ""application/json"", ""x-amzn-requestid"": ""02a81977-986b-4a45-ac6f-e0eaf879ef04""}, ""body"": {""jsonrpc"": ""2.0"", ""id"": 459243, ""result"": {""prompts"": [{""name"": ""mcp-server___hello"", ""description"": ""Synthetic prompt"", ""arguments"": [{""name"": ""name"", ""required"": true}]}]}}}"
gateway.mcp.resources_list,cn-north-1,PASS,2026-09-28T04:28:26.918550+00:00,results/cn-north-1-results.jsonl,103,"{""status"": 200, ""headers"": {""content-type"": ""application/json"", ""x-amzn-requestid"": ""d3ff9c30-cbbb-4c86-ace7-282d13ed9843""}, ""body"": {""jsonrpc"": ""2.0"", ""id"": 17637, ""result"": {""resources"": [{""uri"": ""test://china/info"", ""name"": ""test://china/info"", ""mimeType"": ""text/plain"", ""description"": """"}]}}}"
gateway.mcp.resources_read,cn-north-1,PASS,2026-09-28T04:28:27.952748+00:00,results/cn-north-1-results.jsonl,104,"{""status"": 200, ""headers"": {""content-type"": ""application/json"", ""x-amzn-requestid"": ""55b8036d-8e85-4293-b229-12ccf80372fb""}, ""body"": {""jsonrpc"": ""2.0"", ""id"": 856441, ""result"": {""contents"": [{""uri"": ""test://china/info"", ""mimeType"": ""text/plain"", ""text"": ""china-resource-ok""}]}}}"
gateway.mcp.resources_templates_list,cn-north-1,PASS,2026-09-28T04:28:28.703854+00:00,results/cn-north-1-results.jsonl,105,"{""status"": 200, ""headers"": {""content-type"": ""application/json"", ""x-amzn-requestid"": ""ffa84a6f-6e97-4221-830d-61348445d8d8""}, ""body"": {""jsonrpc"": ""2.0"", ""id"": 158552, ""result"": {""resourceTemplates"": [{""uriTemplate"": ""test://china/{name}"", ""name"": ""test://china/{name}"", ""description"": """"}]}}}"
gateway.mcp.sampling_roundtrip,cn-north-1,PASS,2026-09-28T04:56:03.214078+00:00,results/cn-north-1-results.jsonl,218,"{""inputRequested"": {""status"": 200, ""headers"": {""content-type"": ""application/json"", ""x-amzn-requestid"": ""c61acc51-8916-4e26-9c4e-b727a0efdd01""}, ""body"": {""jsonrpc"": ""2.0"", ""id"": 827979, ""result"": {""resultType"": ""input_required"", ""inputRequests"": {""cn-input"": {""method"": ""sampling/createMessage"", ""params"": {""messages"": [{""role"": ""user"", ""content"": {""type"": ""text"", ""text"": ""Reply test-ok""}}], ""maxTokens"": 20}}}, ""requestState"": ""REDACTED""}}}, ""completed"": {""status"": 200, ""headers"": {""content-type"": ""application/json"", ""x-amzn-requestid"": ""5c774b5a-35da-47c1-bdb5-db502b5c0c27""}, ""body"": {""jsonrpc"": ""2.0"", ""id"": 587044, ""result"": {""content"": [{""type"": ""text"", ""text"": ""roundtrip-ok:{\""cn-input\"": {\""stopReason\"": \""endTurn\"", \""model\"": \""synthetic-test\"", \""role\"": \""assistant\"", \""content\"": {\""type\"": \""text\"", \""text\"": \""test-ok\""}}}""}], ""isError"": false, ""resultType"": ""complete""}}}}"
gateway.mcp.server_discover.2026-07-28,cn-north-1,PASS,2026-09-28T04:37:12.524869+00:00,results/cn-north-1-results.jsonl,140,"{""status"": 200, ""headers"": {""content-type"": ""application/json"", ""x-amzn-requestid"": ""506f2bcf-750e-415e-8eda-54c961f693e0""}, ""body"": {""jsonrpc"": ""2.0"", ""id"": 135656, ""result"": {""supportedVersions"": [""2025-03-26"", ""2025-06-18"", ""2025-11-25"", ""2026-07-28""], ""capabilities"": {""tools"": {""listChanged"": false}, ""prompts"": {""listChanged"": false}, ""resources"": {""listChanged"": false}}, ""serverInfo"": {""version"": ""1.0.0"", ""name"": ""ac-cn-0928041532-bj""}, ""ttlMs"": 0, ""cacheScope"": ""private""}}}"
gateway.mcp.tools_list,cn-north-1,PASS,2026-09-28T04:20:26.767692+00:00,results/cn-north-1-results.jsonl,13,"{""status"": 200, ""headers"": {""Content-Type"": ""application/json"", ""x-amzn-RequestId"": ""3f578106-d60a-4c46-8393-721d0629edee""}, ""body"": {""jsonrpc"": ""2.0"", ""id"": 623497, ""result"": {""tools"": [{""inputSchema"": {""type"": ""object"", ""properties"": {""a"": {""type"": ""number""}, ""b"": {""type"": ""number""}}, ""required"": [""a"", ""b""]}, ""name"": ""lambda-inline___add"", ""description"": ""Add two numbers""}, {""inputSchema"": {""type"": ""object"", ""properties"": {""text"": {""type"": ""string""}}}, ""name"": ""lambda-inline___echo"", ""description"": ""Echo text""}, {""inputSchema"": {""type"": ""object"", ""properties"": {""fail"": {""type"": ""boolean""}}, ""required"": [""fail""]}, ""name"": ""lambda-inline___error"", ""description"": ""Return a synthetic test error""}]}}}"
gateway.mcp.tools_list.2026-07-28,cn-north-1,PASS,2026-09-28T04:37:13.252932+00:00,results/cn-north-1-results.jsonl,141,"{""status"": 200, ""headers"": {""content-type"": ""application/json"", ""x-amzn-requestid"": ""871cbb46-9659-45e0-99f3-965b00c359a4""}, ""body"": {""jsonrpc"": ""2.0"", ""id"": 559764, ""result"": {""tools"": [{""inputSchema"": {""type"": ""object"", ""properties"": {""basePath"": {""type"": ""string""}}}, ""name"": ""api-stage___iam_echo"", ""description"": ""IAM authorized echo""}, {""inputSchema"": {""type"": ""object"", ""properties"": {""a"": {""type"": ""number""}, ""b"": {""type"": ""number""}}, ""required"": [""a"", ""b""]}, ""name"": ""lambda-inline___add"", ""description"": ""Add two numbers""}, {""inputSchema"": {""type"": ""object"", ""properties"": {""text"": {""type"": ""string""}}}, ""name"": ""lambda-inline___echo"", ""description"": ""Echo text""}, {""inputSchema"": {""type"": ""object"", ""properties"": {""fail"": {""type"": ""boolean""}}, ""required"": [""fail""]}, ""name"": ""lambda-inline___error"", ""description"": ""Return a synthetic test error""}, {""inputSchema"": {""type"": ""object"", ""properties"": {""a"": {""type"": ""number""}, ""b"": {""type"": ""number""}}, ""required"": [""a"", ""b""]}, ""name"": ""lambda-s3___add"", ""description"": ""Add two numbers""}, {""inputSchema"": {""type"": ""object"", ""properties"": {""text"": {""type"": ""string""}}}, ""name"": ""lambda-s3___echo"", ""description"": ""Echo text""}, {""inputSchema"": {""type"": ""object"", ""properties"": {""fail"": {""type"": ""boolean""}}, ""required"": [""fail""]}, ""name"": ""lambda-s3___error"", ""description"": ""Return a synthetic test error""}, {""name"": ""mcp-server___echo"", ""description"": ""Echo synthetic test text"", ""inputSchema"": {""type"": ""object"", ""properties"": {""text"": {""type"": ""string""}}, ""required"": [""text""]}}, {""inputSchema"": {""type"": ""object"", ""properties"": {""message"": {""type"": ""string""}}}, ""name"": ""openapi-inline___get_echo"", ""description"": ""Read a synthetic response""}, {""inputSchema"": {""type"": ""object"", ""properties"": {""message"": {""type"": ""string""}}}, ""name"": ""openapi-s3___get_echo"", ""description"": ""Read a synthetic response""}, {""inputSchema"": {""type"": ""object"", ""properties"": {""FunctionName"": {""description"": ""<p>The name or ARN of the Lambda function.</p> <p class=\""title\""> <b>Name formats</b> </p> <ul> <li> <p> <b>Function name</b> – <code>my-function</code>.</p> </li> <li> <p> <b>Function ARN</b> – <code>arn:aws:lambda:us-west-2:123456789012:function:my-function</code>.</p> </li> <li> <p> <b>Partial ARN</b> – <code>123456789012:function:my-function</code>.</p> </li> </ul> <p>The length constraint applies only to the full ARN. If you specify only the function name, it is limited to 64 characters in length.</p>"", ""type"": ""string""}, ""UseFIPS"": {""description"": ""When true, send this request to the FIPS-compliant regional endpoint. If the configured endpoint does not have a FIPS compliant endpoint, dispatching the request will return an error."", ""type"": ""boolean""}, ""Endpoint"": {""description"": ""Override the endpoint used to send this request"", ""type"": ""string""}, ""Region"": {""description"": ""The AWS region used to dispatch the request."", ""type"": ""string""}, ""UseDualStack"": {""description"": ""When true, use the dual-stack endpoint. If the configured endpoint does not support dual-stack, dispatching the request MAY return an error."", ""type"": ""boolean""}}, ""required"": [""FunctionName""]}, ""name"": ""smithy___GetFunctionConcurrency"", ""description"": ""<p>Returns details about the reserved concurrency configuration for a function. To set a concurrency limit for a function, use <a>PutFunctionConcurrency</a>.</p>""}], ""nextCursor"": ""AQED/zcWs2tstJfEPeqV5nLkJh1rAPLjrcho/QD8O2m4hyuuzwAAAS0BAIS4F0QjBAAAACYkIm37fwAAAAAAAAAAAABAnGsWBAAAAFAMyqTyYphsrCryuhSHLMazDFo0/c2UfnTY7W9Q6cURlcXNggAAAAA2ZEtV+38AAJieHh0HAAAAsJ4eHQcAAACwDS1lBlp1HUQ9pai4bXQMr+X+AELhDvHyJBcYrl6EveeeCvAAkIqjooESy17qzz/HaAj21Z8bX3MTR5AxA+32MAprRUAYDkatwcpRWTUALiOFENe0hkOdHrNIJd6r9XPLRmV4sUZ1Odyu1vihLPQdJDYg81kCWvFQiGAQsSn7j5sTKEsQAeJcBuFr01mQ5l4t/B8OJupwDIZdJCL9LwRrtTOlEk+FYUgsp95+pSqXN0m2L1FUxQAQWMRAKqoUJVjWQ1bkcvZ2NAAA"", ""resultType"": ""complete"", ""ttlMs"": 0, ""cacheScope"": ""private""}}}"
gateway.mcp_server.dynamic_invoke,cn-north-1,PASS,2026-09-28T04:28:33.777748+00:00,results/cn-north-1-results.jsonl,107,"{""status"": 200, ""headers"": {""content-type"": ""application/json"", ""x-amzn-requestid"": ""fddffb63-79b1-4dda-a3e2-83a29b2b18cc""}, ""body"": {""jsonrpc"": ""2.0"", ""id"": 556559, ""result"": {""content"": [{""type"": ""text"", ""text"": ""mcp-echo:dynamic-ok""}], ""isError"": false}}}"
gateway.mcp_server.dynamic_listing,cn-north-1,PASS,2026-09-28T04:28:32.709490+00:00,results/cn-north-1-results.jsonl,106,"{""ResponseMetadata"": {""RequestId"": ""6b22140e-2d34-453d-8aef-bb93457f5932"", ""HTTPStatusCode"": 200, ""HTTPHeaders"": {""date"": ""Mon, 28 Sep 2026 04:28:32 GMT"", ""content-type"": ""application/json"", ""content-length"": ""589"", ""connection"": ""keep-alive"", ""x-amzn-requestid"": ""6b22140e-2d34-453d-8aef-bb93457f5932"", ""x-amz-apigw-id"": ""EZH1qEnUhTIEITA="", ""x-amzn-trace-id"": ""Root=1-6ab9ecf0-441f6e283d878eaf1fcd58c8""}, ""RetryAttempts"": 0}, ""gatewayArn"": ""arn:aws-cn:bedrock-agentcore:cn-north-1:209915754514:gateway/ac-cn-0928041532-bj-qvzqlrwoke"", ""targetId"": ""ATFJZVLA1P"", ""createdAt"": ""2026-09-28 04:28:28.969630+00:00"", ""updatedAt"": ""2026-09-28 04:28:30.149098+00:00"", ""status"": ""READY"", ""name"": ""mcp-dynamic"", ""targetConfiguration"": {""mcp"": {""mcpServer"": {""endpoint"": ""https://lvvy6jfk64.execute-api.cn-north-1.amazonaws.com.cn/test/mcp"", ""listingMode"": ""DYNAMIC""}}}, ""credentialProviderConfigurations"": [{""credentialProviderType"": ""GATEWAY_IAM_ROLE"", ""credentialProvider"": {""iamCredentialProvider"": {""service"": ""execute-api"", ""region"": ""cn-north-1""}}}]}"
gateway.mcp_server.invoke,cn-north-1,PASS,2026-09-28T04:28:23.849056+00:00,results/cn-north-1-results.jsonl,99,"{""status"": 200, ""headers"": {""content-type"": ""application/json"", ""x-amzn-requestid"": ""8bdb8a7b-7876-4501-8c06-1505aaa0fcdb""}, ""body"": {""jsonrpc"": ""2.0"", ""id"": 381687, ""result"": {""content"": [{""type"": ""text"", ""text"": ""mcp-echo:mcp-ok""}], ""isError"": false}}}"
gateway.mcp_server.refresh_schema,cn-north-1,PASS,2026-09-28T04:49:41.815430+00:00,results/cn-north-1-results.jsonl,204,"{""ResponseMetadata"": {""RequestId"": ""a782e342-09b4-4ae9-bb52-ee55d993b315"", ""HTTPStatusCode"": 200, ""HTTPHeaders"": {""date"": ""Mon, 28 Sep 2026 04:49:41 GMT"", ""content-type"": ""application/json"", ""content-length"": ""585"", ""connection"": ""keep-alive"", ""x-amzn-requestid"": ""a782e342-09b4-4ae9-bb52-ee55d993b315"", ""x-amz-apigw-id"": ""EZK79HvNhTIEKSg="", ""x-amzn-trace-id"": ""Root=1-6ab9f1e5-29e6f3262ab454e856010b3a""}, ""RetryAttempts"": 0}, ""gatewayArn"": ""arn:aws-cn:bedrock-agentcore:cn-north-1:209915754514:gateway/ac-cn-0928041532-bj-qvzqlrwoke"", ""targetId"": ""D94JXG4EYV"", ""createdAt"": ""2026-09-28 04:49:38.071058+00:00"", ""updatedAt"": ""2026-09-28 04:49:39.119864+00:00"", ""status"": ""READY"", ""name"": ""mcp-new"", ""targetConfiguration"": {""mcp"": {""mcpServer"": {""endpoint"": ""https://lvvy6jfk64.execute-api.cn-north-1.amazonaws.com.cn/test/mcp"", ""listingMode"": ""DYNAMIC""}}}, ""credentialProviderConfigurations"": [{""credentialProviderType"": ""GATEWAY_IAM_ROLE"", ""credentialProvider"": {""iamCredentialProvider"": {""service"": ""execute-api"", ""region"": ""cn-north-1""}}}]}"
gateway.mcp_server.synchronize,cn-north-1,PASS,2026-09-28T04:28:24.292557+00:00,results/cn-north-1-results.jsonl,100,"{""ResponseMetadata"": {""RequestId"": ""c7e539bb-20ac-4094-981d-bcb7791811a1"", ""HTTPStatusCode"": 202, ""HTTPHeaders"": {""date"": ""Mon, 28 Sep 2026 04:28:24 GMT"", ""content-type"": ""application/json"", ""content-length"": ""640"", ""connection"": ""keep-alive"", ""x-amzn-requestid"": ""c7e539bb-20ac-4094-981d-bcb7791811a1"", ""x-amz-apigw-id"": ""EZH0UHZuhTIEbRA="", ""x-amzn-trace-id"": ""Root=1-6ab9ece7-77e77f591aadb4be6480b93c""}, ""RetryAttempts"": 0}, ""targets"": [{""gatewayArn"": ""arn:aws-cn:bedrock-agentcore:cn-north-1:209915754514:gateway/ac-cn-0928041532-bj-qvzqlrwoke"", ""targetId"": ""L2MEHN62RS"", ""createdAt"": ""2026-09-28 04:28:18.979194+00:00"", ""updatedAt"": ""2026-09-28 04:28:24.107835+00:00"", ""status"": ""SYNCHRONIZING"", ""name"": ""mcp-server"", ""targetConfiguration"": {""mcp"": {""mcpServer"": {""endpoint"": ""https://lvvy6jfk64.execute-api.cn-north-1.amazonaws.com.cn/test/mcp""}}}, ""credentialProviderConfigurations"": [{""credentialProviderType"": ""GATEWAY_IAM_ROLE"", ""credentialProvider"": {""iamCredentialProvider"": {""service"": ""execute-api"", ""region"": ""cn-north-1""}}}], ""lastSynchronizedAt"": ""2026-09-28 04:28:21.903953+00:00""}]}"
gateway.mcp_server.target,cn-north-1,PASS,2026-09-28T04:28:22.718339+00:00,results/cn-north-1-results.jsonl,98,"{""ResponseMetadata"": {""RequestId"": ""1a9826cd-8025-4536-9538-f75ba8327546"", ""HTTPStatusCode"": 200, ""HTTPHeaders"": {""date"": ""Mon, 28 Sep 2026 04:28:22 GMT"", ""content-type"": ""application/json"", ""content-length"": ""618"", ""connection"": ""keep-alive"", ""x-amzn-requestid"": ""1a9826cd-8025-4536-9538-f75ba8327546"", ""x-amz-apigw-id"": ""EZH0GHhWhTIEPjg="", ""x-amzn-trace-id"": ""Root=1-6ab9ece6-081a57e736c7622a74f47858""}, ""RetryAttempts"": 0}, ""gatewayArn"": ""arn:aws-cn:bedrock-agentcore:cn-north-1:209915754514:gateway/ac-cn-0928041532-bj-qvzqlrwoke"", ""targetId"": ""L2MEHN62RS"", ""createdAt"": ""2026-09-28 04:28:18.979194+00:00"", ""updatedAt"": ""2026-09-28 04:28:22.169184+00:00"", ""status"": ""READY"", ""name"": ""mcp-server"", ""targetConfiguration"": {""mcp"": {""mcpServer"": {""endpoint"": ""https://lvvy6jfk64.execute-api.cn-north-1.amazonaws.com.cn/test/mcp""}}}, ""credentialProviderConfigurations"": [{""credentialProviderType"": ""GATEWAY_IAM_ROLE"", ""credentialProvider"": {""iamCredentialProvider"": {""service"": ""execute-api"", ""region"": ""cn-north-1""}}}], ""lastSynchronizedAt"": ""2026-09-28 04:28:21.903953+00:00""}"
gateway.metadata.request_header,cn-north-1,PASS,2026-09-28T04:28:08.675152+00:00,results/cn-north-1-results.jsonl,93,"{""status"": 200, ""headers"": {""content-type"": ""application/json"", ""x-amzn-requestid"": ""0d7179ed-ef11-4311-babb-aee158b65a22""}, ""body"": {""jsonrpc"": ""2.0"", ""id"": 336554, ""result"": {""isError"": false, ""content"": [{""type"": ""text"", ""text"": ""{\""message\"":\""echo-ok\"",\""path\"":\""/echo\"",\""region\"":\""cn-north-1\"",\""forwardedHeader\"":\""forward-ok\"",\""forwardedQuery\"":\""\""}""}]}}}"
gateway.observability.cloudtrail,cn-north-1,PASS,2026-09-28T05:02:56.649618+00:00,results/cn-north-1-results.jsonl,234,"[{""eventId"": ""ea256fb2-cd99-45e4-ba05-8e0f639938f6"", ""eventName"": ""CreateGateway"", ""eventTime"": ""2026-09-28 04:49:32+00:00"", ""eventSource"": ""bedrock-agentcore.amazonaws.com"", ""awsRegion"": ""cn-north-1""}, {""eventId"": ""dd4dee6c-2b7e-43fd-91b9-3944a00fd559"", ""eventName"": ""CreateGateway"", ""eventTime"": ""2026-09-28 04:49:22+00:00"", ""eventSource"": ""bedrock-agentcore.amazonaws.com"", ""awsRegion"": ""cn-north-1""}, {""eventId"": ""389134f9-9184-4d82-993e-202481ea18a7"", ""eventName"": ""CreateGateway"", ""eventTime"": ""2026-09-28 04:37:36+00:00"", ""eventSource"": ""bedrock-agentcore.amazonaws.com"", ""awsRegion"": ""cn-north-1""}, {""eventId"": ""0384ff21-86d7-4dc8-9990-a9334e92304d"", ""eventName"": ""CreateGateway"", ""eventTime"": ""2026-09-28 04:37:25+00:00"", ""eventSource"": ""bedrock-agentcore.amazonaws.com"", ""awsRegion"": ""cn-north-1""}, {""eventId"": ""bff394d1-ddf1-4ea9-abf3-800d29c08b85"", ""eventName"": ""CreateGateway"", ""eventTime"": ""2026-09-28 04:20:14+00:00"", ""eventSource"": ""bedrock-agentcore.amazonaws.com"", ""awsRegion"": ""cn-north-1""}]"
gateway.observability.log_delivery_configure,cn-north-1,PASS,2026-09-28T05:02:37.265014+00:00,results/cn-north-1-results.jsonl,227,"{""logGroup"": ""/aws/vendedlogs/bedrock-agentcore/cn-test/ac-cn-0928041532-bj-gateway"", ""deliveryId"": ""HOoTosb8Z5pmUHtE""}"
gateway.observability.log_delivery_received,cn-north-1,PASS,2026-09-28T05:03:13.315596+00:00,results/cn-north-1-results.jsonl,236,"[{""eventId"": ""39931084590371892441881013976172326751652428006273056768"", ""timestamp"": 1790571760490, ""keys"": [""resource_arn"", ""event_timestamp"", ""body"", ""account_id"", ""request_id"", ""trace_id"", ""span_id"", ""resource"", ""attributes"", ""timeUnixNano"", ""severityNumber"", ""severityText"", ""traceId"", ""spanId""], ""bytes"": 1026}, {""eventId"": ""39931084590394193187079544599313862469925076367779037185"", ""timestamp"": 1790571760491, ""keys"": [""resource_arn"", ""event_timestamp"", ""body"", ""account_id"", ""request_id"", ""trace_id"", ""span_id"", ""resource"", ""attributes"", ""timeUnixNano"", ""severityNumber"", ""severityText"", ""traceId"", ""spanId""], ""bytes"": 919}, {""eventId"": ""39931084591353125230616361394399898355648955912536195074"", ""timestamp"": 1790571760534, ""keys"": [""resource_arn"", ""event_timestamp"", ""body"", ""account_id"", ""request_id"", ""trace_id"", ""span_id"", ""resource"", ""attributes"", ""timeUnixNano"", ""severityNumber"", ""severityText"", ""traceId"", ""spanId""], ""bytes"": 938}, {""eventId"": ""39931084596839108549454894687217685050720452843007377411"", ""timestamp"": 1790571760780, ""keys"": [""resource_arn"", ""event_timestamp"", ""body"", ""account_id"", ""request_id"", ""trace_id"", ""span_id"", ""resource"", ""attributes"", ""timeUnixNano"", ""severityNumber"", ""severityText"", ""traceId"", ""spanId""], ""bytes"": 1092}]"
gateway.observability.metrics,cn-north-1,PASS,2026-09-28T05:02:53.242074+00:00,results/cn-north-1-results.jsonl,232,"{""metricCount"": 230, ""samples"": [{""metric"": {""Namespace"": ""AWS/Bedrock-AgentCore"", ""MetricName"": ""TargetType.MCP"", ""Dimensions"": [{""Name"": ""Resource"", ""Value"": ""arn:aws-cn:bedrock-agentcore:cn-north-1:209915754514:gateway/ac-cn-0928041532-bj-qvzqlrwoke""}, {""Name"": ""Operation"", ""Value"": ""InvokeGateway""}, {""Name"": ""Method"", ""Value"": ""tools/call""}, {""Name"": ""Protocol"", ""Value"": ""MCP""}, {""Name"": ""Name"", ""Value"": ""mcp-new___elicit""}]}, ""datapoints"": [{""Timestamp"": ""2026-09-28 04:49:00+00:00"", ""Average"": 1.0, ""Sum"": 1.0, ""Unit"": ""Count""}]}, {""metric"": {""Namespace"": ""AWS/Bedrock-AgentCore"", ""MetricName"": ""TargetExecutionTime"", ""Dimensions"": [{""Name"": ""Resource"", ""Value"": ""arn:aws-cn:bedrock-agentcore:cn-north-1:209915754514:gateway/ac-cn-0928041532-bj-qvzqlrwoke""}, {""Name"": ""Operation"", ""Value"": ""InvokeGateway""}, {""Name"": ""Method"", ""Value"": ""tools/call""}, {""Name"": ""Protocol"", ""Value"": ""MCP""}, {""Name"": ""Name"", ""Value"": ""mcp-dynamic___echo""}]}, ""datapoints"": [{""Timestamp"": ""2026-09-28 04:28:00+00:00"", ""Average"": 288.0, ""Sum"": 288.0, ""Unit"": ""Milliseconds""}]}, {""metric"": {""Namespace"": ""AWS/Bedrock-AgentCore"", ""MetricName"": ""Duration"", ""Dimensions"": [{""Name"": ""Resource"", ""Value"": ""arn:aws-cn:bedrock-agentcore:cn-north-1:209915754514:gateway/ac-cn-0928041532-bj-qvzqlrwoke""}, {""Name"": ""Operation"", ""Value"": ""InvokeGateway""}, {""Name"": ""Method"", ""Value"": ""tools/call""}, {""Name"": ""Protocol"", ""Value"": ""MCP""}, {""Name"": ""Name"", ""Value"": ""mcp-dynamic___elicit""}]}, ""datapoints"": [{""Timestamp"": ""2026-09-28 04:37:00+00:00"", ""Average"": 447.0, ""Sum"": 447.0, ""Unit"": ""Milliseconds""}]}, {""metric"": {""Namespace"": ""AWS/Bedrock-AgentCore"", ""MetricName"": ""SystemErrors"", ""Dimensions"": [{""Name"": ""Resource"", ""Value"": ""arn:aws-cn:bedrock-agentcore:cn-north-1:209915754514:gateway/ac-cn-0928041532-bj-qvzqlrwoke""}, {""Name"": ""Operation"", ""Value"": ""InvokeGateway""}, {""Name"": ""Method"", ""Value"": ""tools/list""}, {""Name"": ""Protocol"", ""Value"": ""MCP""}]}, ""datapoints"": [{""Timestamp"": ""2026-09-28 04:28:00+00:00"", ""Average"": 0.0, ""Sum"": 0.0, ""Unit"": ""Count""}, {""Timestamp"": ""2026-09-28 04:37:00+00:00"", ""Average"": 0.0, ""Sum"": 0.0, ""Unit"": ""Count""}, {""Timestamp"": ""2026-09-28 04:20:00+00:00"", ""Average"": 0.0, ""Sum"": 0.0, ""Unit"": ""Count""}]}, {""metric"": {""Namespace"": ""AWS/Bedrock-AgentCore"", ""MetricName"": ""Throttles"", ""Dimensions"": [{""Name"": ""Resource"", ""Value"": ""arn:aws-cn:bedrock-agentcore:cn-north-1:209915754514:gateway/ac-cn-0928041532-bj-qvzqlrwoke""}, {""Name"": ""Operation"", ""Value"": ""InvokeGateway""}, {""Name"": ""Method"", ""Value"": ""tools/call""}, {""Name"": ""Protocol"", ""Value"": ""MCP""}, {""Name"": ""Name"", ""Value"": ""mcp-roundtrip___elicit""}]}, ""datapoints"": [{""Timestamp"": ""2026-09-28 04:56:00+00:00"", ""Average"": 0.0, ""Sum"": 0.0, ""Unit"": ""Count""}]}, {""metric"": {""Namespace"": ""AWS/Bedrock-AgentCore"", ""MetricName"": ""UserErrors"", ""Dimensions"": [{""Name"": ""Resource"", ""Value"": ""arn:aws-cn:bedrock-agentcore:cn-north-1:209915754514:gateway/ac-cn-0928041532-bj-qvzqlrwoke""}, {""Name"": ""Operation"", ""Value"": ""InvokeGateway""}, {""Name"": ""Method"", ""Value"": ""tools/call""}, {""Name"": ""Protocol"", ""Value"": ""MCP""}, {""Name"": ""Name"", ""Value"": ""api-key___secure_key""}]}, ""datapoints"": [{""Timestamp"": ""2026-09-28 04:37:00+00:00"", ""Average"": 1.0, ""Sum"": 1.0, ""Unit"": ""Count""}, {""Timestamp"": ""2026-09-28 04:49:00+00:00"", ""Average"": 1.0, ""Sum"": 1.0, ""Unit"": ""Count""}, {""Timestamp"": ""2026-09-28 04:55:00+00:00"", ""Average"": 0.0, ""Sum"": 0.0, ""Unit"": ""Count""}]}, {""metric"": {""Namespace"": ""AWS/Bedrock-AgentCore"", ""MetricName"": ""TargetType.OPENAPI"", ""Dimensions"": [{""Name"": ""Resource"", ""Value"": ""arn:aws-cn:bedrock-agentcore:cn-north-1:209915754514:gateway/ac-cn-0928041532-bj-qvzqlrwoke""}, {""Name"": ""Operation"", ""Value"": ""InvokeGateway""}, {""Name"": ""Method"", ""Value"": ""tools/call""}, {""Name"": ""Protocol"", ""Value"": ""MCP""}, {""Name"": ""Name"", ""Value"": ""openapi-s3___get_echo""}]}, ""datapoints"": [{""Timestamp"": ""2026-09-28 04:28:00+00:00"", ""Average"": 1.0, ""Sum"": 1.0, ""Unit"": ""Count""}]}, {""metric"": {""Namespace"": ""AWS/Bedrock-AgentCore"", ""MetricName"": ""UserErrors"", ""Dimensions"": [{""Name"": ""Resource"", ""Value"": ""arn:aws-cn:bedrock-agentcore:cn-north-1:209915754514:gateway/ac-cn-0928041532-bj-qvzqlrwoke""}, {""Name"": ""Operation"", ""Value"": ""InvokeGateway""}, {""Name"": ""Method"", ""Value"": ""prompts/get""}, {""Name"": ""Protocol"", ""Value"": ""MCP""}]}, ""datapoints"": [{""Timestamp"": ""2026-09-28 04:28:00+00:00"", ""Average"": 0.0, ""Sum"": 0.0, ""Unit"": ""Count""}]}, {""metric"": {""Namespace"": ""AWS/Bedrock-AgentCore"", ""MetricName"": ""UserErrors"", ""Dimensions"": [{""Name"": ""Resource"", ""Value"": ""arn:aws-cn:bedrock-agentcore:cn-north-1:209915754514:gateway/ac-cn-0928041532-bj-qvzqlrwoke""}, {""Name"": ""Operation"", ""Value"": ""InvokeGateway""}, {""Name"": ""Method"", ""Value"": ""tools/call""}, {""Name"": ""Protocol"", ""Value"": ""MCP""}, {""Name"": ""Name"", ""Value"": ""lambda-inline___error""}]}, ""datapoints"": [{""Timestamp"": ""2026-09-28 04:20:00+00:00"", ""Average"": 1.0, ""Sum"": 1.0, ""Unit"": ""Count""}]}, {""metric"": {""Namespace"": ""AWS/Bedrock-AgentCore"", ""MetricName"": ""Duration"", ""Dimensions"": [{""Name"": ""Resource"", ""Value"": ""arn:aws-cn:bedrock-agentcore:cn-north-1:209915754514:gateway/ac-cn-0928041532-bj-qvzqlrwoke""}, {""Name"": ""Operation"", ""Value"": ""InvokeGateway""}, {""Name"": ""Method"", ""Value"": ""server/discover""}, {""Name"": ""Protocol"", ""Value"": ""MCP""}]}, ""datapoints"": [{""Timestamp"": ""2026-09-28 04:28:00+00:00"", ""Average"": 2.0, ""Sum"": 2.0, ""Unit"": ""Milliseconds""}, {""Timestamp"": ""2026-09-28 04:37:00+00:00"", ""Average"": 2.0, ""Sum"": 2.0, ""Unit"": ""Milliseconds""}]}]}"
gateway.observability.traced_invocation,cn-north-1,PASS,2026-09-28T05:02:42.468257+00:00,results/cn-north-1-results.jsonl,231,"{""status"": 200, ""headers"": {""content-type"": ""application/json"", ""x-amzn-requestid"": ""7ced72d8-ae13-4a0b-99b9-77e1827b78e7""}, ""body"": {""jsonrpc"": ""2.0"", ""id"": 450489, ""result"": {""isError"": false, ""content"": [{""type"": ""text"", ""text"": ""{\""sum\"":42,\""echo\"":\""\"",\""region\"":\""cn-north-1\"",\""tool\"":\""lambda-inline___add\""}""}]}}}"
gateway.openapi.inline_target,cn-north-1,PASS,2026-09-28T04:28:06.686135+00:00,results/cn-north-1-results.jsonl,91,"{""ResponseMetadata"": {""RequestId"": ""0f1ca158-3298-4952-a342-65366a6cc00b"", ""HTTPStatusCode"": 200, ""HTTPHeaders"": {""date"": ""Mon, 28 Sep 2026 04:28:06 GMT"", ""content-type"": ""application/json"", ""content-length"": ""1287"", ""connection"": ""keep-alive"", ""x-amzn-requestid"": ""0f1ca158-3298-4952-a342-65366a6cc00b"", ""x-amz-apigw-id"": ""EZHxlFz_hTIEFBg="", ""x-amzn-trace-id"": ""Root=1-6ab9ecd6-0e87a46a4330b971336b6129""}, ""RetryAttempts"": 0}, ""gatewayArn"": ""arn:aws-cn:bedrock-agentcore:cn-north-1:209915754514:gateway/ac-cn-0928041532-bj-qvzqlrwoke"", ""targetId"": ""VZLYYFYQ8T"", ""createdAt"": ""2026-09-28 04:28:02.922437+00:00"", ""updatedAt"": ""2026-09-28 04:28:03.817978+00:00"", ""status"": ""READY"", ""name"": ""openapi-inline"", ""targetConfiguration"": {""mcp"": {""openApiSchema"": {""inlinePayload"": ""{\""openapi\"": \""3.0.3\"", \""info\"": {\""title\"": \""China synthetic API\"", \""version\"": \""1.0\""}, \""servers\"": [{\""url\"": \""https://lvvy6jfk64.execute-api.cn-north-1.amazonaws.com.cn/test\""}], \""paths\"": {\""/echo\"": {\""get\"": {\""operationId\"": \""get_echo\"", \""description\"": \""Read a synthetic response\"", \""parameters\"": [{\""name\"": \""message\"", \""in\"": \""query\"", \""schema\"": {\""type\"": \""string\""}}], \""responses\"": {\""200\"": {\""description\"": \""Success\"", \""content\"": {\""application/json\"": {\""schema\"": {\""type\"": \""object\"", \""properties\"": {\""message\"": {\""type\"": \""string\""}, \""authenticated\"": {\""type\"": \""boolean\""}}}}}}}}}}}""}}}, ""credentialProviderConfigurations"": [{""credentialProviderType"": ""GATEWAY_IAM_ROLE"", ""credentialProvider"": {""iamCredentialProvider"": {""service"": ""execute-api"", ""region"": ""cn-north-1""}}}], ""metadataConfiguration"": {""allowedRequestHeaders"": [""x-cn-test""], ""allowedQueryParameters"": [""cn_test""], ""allowedResponseHeaders"": [""x-cn-result""]}}"
gateway.openapi.invoke,cn-north-1,PASS,2026-09-28T04:28:07.832622+00:00,results/cn-north-1-results.jsonl,92,"{""status"": 200, ""headers"": {""content-type"": ""application/json"", ""x-amzn-requestid"": ""c1e05bcb-c5f3-4643-b734-ef12af78ee0a""}, ""body"": {""jsonrpc"": ""2.0"", ""id"": 637772, ""result"": {""isError"": false, ""content"": [{""type"": ""text"", ""text"": ""{\""message\"":\""openapi-ok\"",\""path\"":\""/echo\"",\""region\"":\""cn-north-1\"",\""forwardedHeader\"":\""\"",\""forwardedQuery\"":\""\""}""}]}}}"
gateway.openapi.s3_invoke,cn-north-1,PASS,2026-09-28T04:28:13.553348+00:00,results/cn-north-1-results.jsonl,95,"{""status"": 200, ""headers"": {""content-type"": ""application/json"", ""x-amzn-requestid"": ""a168d08b-783c-4544-8d15-e2a1330c3467""}, ""body"": {""jsonrpc"": ""2.0"", ""id"": 97464, ""result"": {""isError"": false, ""content"": [{""type"": ""text"", ""text"": ""{\""message\"":\""echo-ok\"",\""path\"":\""/echo\"",\""region\"":\""cn-north-1\"",\""forwardedHeader\"":\""\"",\""forwardedQuery\"":\""\""}""}]}}}"
gateway.openapi.s3_schema,cn-north-1,PASS,2026-09-28T04:28:12.748100+00:00,results/cn-north-1-results.jsonl,94,"{""ResponseMetadata"": {""RequestId"": ""04453195-66f3-443a-8531-e3e62677f4b1"", ""HTTPStatusCode"": 200, ""HTTPHeaders"": {""date"": ""Mon, 28 Sep 2026 04:28:12 GMT"", ""content-type"": ""application/json"", ""content-length"": ""553"", ""connection"": ""keep-alive"", ""x-amzn-requestid"": ""04453195-66f3-443a-8531-e3e62677f4b1"", ""x-amz-apigw-id"": ""EZHyiFCBBTIEELw="", ""x-amzn-trace-id"": ""Root=1-6ab9ecdc-57dbf5700acb46b671dee311""}, ""RetryAttempts"": 0}, ""gatewayArn"": ""arn:aws-cn:bedrock-agentcore:cn-north-1:209915754514:gateway/ac-cn-0928041532-bj-qvzqlrwoke"", ""targetId"": ""LEPGGPL4DF"", ""createdAt"": ""2026-09-28 04:28:09.003168+00:00"", ""updatedAt"": ""2026-09-28 04:28:09.745773+00:00"", ""status"": ""READY"", ""name"": ""openapi-s3"", ""targetConfiguration"": {""mcp"": {""openApiSchema"": {""s3"": {""uri"": ""s3://ac-cn-0928041532-bj-209915754514/openapi.json""}}}}, ""credentialProviderConfigurations"": [{""credentialProviderType"": ""GATEWAY_IAM_ROLE"", ""credentialProvider"": {""iamCredentialProvider"": {""service"": ""execute-api"", ""region"": ""cn-north-1""}}}]}"
gateway.outbound.api_key,cn-north-1,PASS,2026-09-28T04:55:42.516946+00:00,results/cn-north-1-results.jsonl,216,"{""status"": 200, ""headers"": {""content-type"": ""application/json"", ""x-amzn-requestid"": ""fbf3df9d-e481-4e0b-9ded-9cb57825fe6e""}, ""body"": {""jsonrpc"": ""2.0"", ""id"": 4574, ""result"": {""isError"": false, ""content"": [{""type"": ""text"", ""text"": ""{\""authenticated\"":true,\""region\"":\""cn-north-1\""}""}]}}}"
gateway.outbound.caller_iam,cn-north-1,PASS,2026-09-29T01:59:26.898761+00:00,results/repro-caller-confirm-20260929/cn-north-1-results.jsonl,20,"{""status"": 200, ""body"": ""{\""sum\"": 42, \""runtime\"": \""gateway-fixture\"", \""region\"": \""cn-north-1\""}"", ""requestId"": ""f98e5c28-3a15-4c0a-9d78-798bcdc8c5fc, 30b54a95-6b76-4594-b169-7d472b908459""}"
gateway.outbound.caller_iam.direct_runtime_baseline,cn-north-1,PASS,2026-09-29T01:59:20.335198+00:00,results/repro-caller-confirm-20260929/cn-north-1-results.jsonl,18,"{""temporaryCredentialsValid"": true, ""body"": {""sum"": 42, ""runtime"": ""gateway-fixture"", ""region"": ""cn-north-1""}, ""requestId"": ""3fd531eb-9e73-492c-a386-b4b20ab06329""}"
gateway.outbound.caller_iam.gateway_role_baseline,cn-north-1,PASS,2026-09-29T01:59:23.989964+00:00,results/repro-caller-confirm-20260929/cn-north-1-results.jsonl,19,"{""status"": 200, ""body"": ""{\""sum\"": 42, \""runtime\"": \""gateway-fixture\"", \""region\"": \""cn-north-1\""}"", ""requestId"": ""07cb373c-900c-4abb-9615-7b8e0ea16ccc, a1a76938-80d9-4f60-be91-d8dbdb98f0ca""}"
gateway.outbound.jwt_passthrough,cn-north-1,PASS,2026-09-28T05:46:40.065764+00:00,results/retest/cn-north-1-results.jsonl,13,"{""unchangedTokenHashVerified"": true, ""backend"": {""authenticated"": true, ""sub"": ""synthetic-user"", ""grant"": null, ""tokenSha256"": ""3d0b7cde0e306338408f4cf1356654336e4184606b5efbd8bf1fff97dc2d421e""}, ""invalidTokenRejected"": 403, ""requestId"": ""76a774bb-59f6-4bc1-88da-445653102eb3""}"
gateway.outbound.oauth_authorization_code,cn-north-1,PASS,2026-09-28T06:14:29.956995+00:00,results/retest/cn-north-1-results.jsonl,130,"{""redirects"": [{""host"": ""bedrock-agentcore.cn-north-1.amazonaws.com.cn"", ""path"": ""/identities/oauth2/authorize"", ""status"": 302}, {""host"": ""dialog-wash-javascript-objectives.trycloudflare.com"", ""path"": ""/test/REDACTED_PATH_KEY/authorize"", ""status"": 302}, {""host"": ""bedrock-agentcore.cn-north-1.amazonaws.com.cn"", ""path"": ""/identities/oauth2/callback/ad2e3d7a-996b-45c3-9b0c-7f42acb4348b"", ""status"": 302}, {""host"": ""dialog-wash-javascript-objectives.trycloudflare.com"", ""path"": ""/test/REDACTED_PATH_KEY/callback"", ""status"": 200}], ""resumedToolCall"": {""status"": 200, ""headers"": {""content-type"": ""text/event-stream"", ""x-amzn-requestid"": ""2deba972-f044-4458-a630-b552476f4ce8""}, ""body"": [{""jsonrpc"": ""2.0"", ""id"": 433244, ""result"": {""isError"": false, ""content"": [{""type"": ""text"", ""text"": ""{\""authenticated\"":true,\""sub\"":\""synthetic-user\"",\""grant\"":\""authorization_code\"",\""tokenSha256\"":\""e27b0ae346e2f9557484e3b0f53879ab5e351a9051c26e6c4bf3576b202ec8b6\""}""}], ""resultType"": ""complete""}}]}}"
gateway.outbound.oauth_client_credentials,cn-north-1,PASS,2026-09-28T05:46:48.842994+00:00,results/retest/cn-north-1-results.jsonl,14,"{""status"": 200, ""headers"": {""content-type"": ""application/json"", ""x-amzn-requestid"": ""dc827cff-10e6-48a5-97d8-388d8c93af16""}, ""body"": {""jsonrpc"": ""2.0"", ""id"": 255268, ""result"": {""isError"": false, ""content"": [{""type"": ""text"", ""text"": ""{\""authenticated\"":true,\""sub\"":\""synthetic-service\"",\""grant\"":\""client_credentials\"",\""tokenSha256\"":\""f5c84c4eac1e5aa6890544d3c204ef8a5fccef1b846d51974fefdd3ba3355eaf\""}""}]}}}"
gateway.outbound.oauth_configuration,cn-north-1,PASS,2026-09-28T04:49:37.811307+00:00,results/cn-north-1-results.jsonl,199,"{""credentialProviderArn"": ""arn:aws-cn:bedrock-agentcore:cn-north-1:209915754514:token-vault/default/oauth2credentialprovider/ac-cn-0928041532-bj-oauth"", ""scope"": ""control plane configuration only""}"
gateway.outbound.oauth_token_exchange,cn-north-1,BLOCKED,2026-09-28T06:16:28.042392+00:00,results/retest/cn-north-1-results.jsonl,132,"{""reason"": ""Gateway explicitly rejects Token Exchange for this account"", ""originalAttemptTime"": ""2026-09-28T05:46:50.584074+00:00"", ""response"": {""Error"": {""Message"": ""Token Exchange is not available for this account"", ""Code"": ""AccessDeniedException""}, ""ResponseMetadata"": {""RequestId"": ""08634911-a5a6-4afe-a6ba-524adf94ec67"", ""HTTPStatusCode"": 403, ""HTTPHeaders"": {""date"": ""Mon, 28 Sep 2026 05:46:50 GMT"", ""content-type"": ""application/json"", ""content-length"": ""62"", ""connection"": ""keep-alive"", ""x-amzn-requestid"": ""08634911-a5a6-4afe-a6ba-524adf94ec67"", ""x-amzn-errortype"": ""AccessDeniedException"", ""x-amz-apigw-id"": ""EZTTsFhLBTIEOhQ="", ""x-amzn-trace-id"": ""Root=1-6ab9ff4a-7b02f9c23d6d08430d73174d""}, ""RetryAttempts"": 0}, ""message"": ""Token Exchange is not available for this account""}}"
gateway.private_link,cn-north-1,NOT_AVAILABLE,2026-09-28T06:14:01.382370+00:00,results/retest/cn-north-1-results.jsonl,122,"{""allPagesScanned"": true, ""advertisedServices"": [], ""scope"": ""This account and region""}"
gateway.private_target,cn-north-1,BLOCKED,2026-09-28T06:07:22.166962+00:00,results/retest/cn-north-1-results.jsonl,84,"{""Error"": {""Message"": ""Private endpoint configuration requires VPC egress feature to be enabled for this account."", ""Code"": ""ValidationException""}, ""ResponseMetadata"": {""RequestId"": ""1132c9b8-59d0-4576-8610-48bb1c9c4fea"", ""HTTPStatusCode"": 400, ""HTTPHeaders"": {""date"": ""Mon, 28 Sep 2026 06:07:22 GMT"", ""content-type"": ""application/json"", ""content-length"": ""104"", ""connection"": ""keep-alive"", ""x-amzn-requestid"": ""1132c9b8-59d0-4576-8610-48bb1c9c4fea"", ""x-amzn-errortype"": ""ValidationException"", ""x-amz-apigw-id"": ""EZWUIH3HhTIEAVQ="", ""x-amzn-trace-id"": ""Root=1-6aba0419-2b1679ff2c4adc112321c7dd""}, ""RetryAttempts"": 0}, ""message"": ""Private endpoint configuration requires VPC egress feature to be enabled for this account.""}"
gateway.protocols.configure,cn-north-1,PASS,2026-09-28T04:37:07.190254+00:00,results/cn-north-1-results.jsonl,136,"{""ResponseMetadata"": {""RequestId"": ""793a07ad-3df2-454e-9eca-2d7e437466d7"", ""HTTPStatusCode"": 202, ""HTTPHeaders"": {""date"": ""Mon, 28 Sep 2026 04:37:03 GMT"", ""content-type"": ""application/json"", ""content-length"": ""851"", ""connection"": ""keep-alive"", ""x-amzn-requestid"": ""793a07ad-3df2-454e-9eca-2d7e437466d7"", ""x-amz-apigw-id"": ""EZJFfFCvhTIEbMw="", ""x-amzn-trace-id"": ""Root=1-6ab9eeef-36efea4e4a1c47e020e36af3""}, ""RetryAttempts"": 0}, ""gatewayArn"": ""arn:aws-cn:bedrock-agentcore:cn-north-1:209915754514:gateway/ac-cn-0928041532-bj-qvzqlrwoke"", ""gatewayId"": ""ac-cn-0928041532-bj-qvzqlrwoke"", ""gatewayUrl"": ""https://ac-cn-0928041532-bj-qvzqlrwoke.gateway.bedrock-agentcore.cn-north-1.amazonaws.com.cn/mcp"", ""createdAt"": ""2026-09-28 04:20:14.326049+00:00"", ""updatedAt"": ""2026-09-28 04:37:03.549923+00:00"", ""status"": ""UPDATING"", ""name"": ""ac-cn-0928041532-bj"", ""roleArn"": ""arn:aws-cn:iam::209915754514:role/ac-cn-0928041532-bj-agentcore"", ""protocolType"": ""MCP"", ""protocolConfiguration"": {""mcp"": {""supportedVersions"": [""2025-03-26"", ""2025-06-18"", ""2025-11-25"", ""2026-07-28""]}}, ""authorizerType"": ""AWS_IAM"", ""workloadIdentityDetails"": {""workloadIdentityArn"": ""arn:aws-cn:bedrock-agentcore:cn-north-1:209915754514:workload-identity-directory/default/workload-identity/ac-cn-0928041532-bj-qvzqlrwoke""}, ""exceptionLevel"": ""DEBUG""}"
gateway.rate_limits,cn-north-1,PASS,2026-09-28T04:37:57.721465+00:00,results/cn-north-1-results.jsonl,157,"{""createdListedUpdatedDeleted"": true, ""zeroRateRejected"": {""status"": 429, ""headers"": {""content-type"": ""application/json"", ""x-amzn-requestid"": ""7de88287-aadc-4fa7-84be-6b0f9d4a8cf2""}, ""body"": {""jsonrpc"": ""2.0"", ""id"": 891615, ""error"": {""code"": -32003, ""message"": ""Rate limit exceeded"", ""data"": {""metric"": ""requests"", ""retryAfter"": 1.0, ""limitKey"": ""cn-test-limit""}}}}}"
gateway.runtime.role_invocation,cn-north-1,PASS,2026-09-29T01:58:25.453767+00:00,results/repro-caller-confirm-20260929/cn-north-1-results.jsonl,7,"{""status"": 200, ""body"": {""sum"": 42, ""runtime"": ""gateway-fixture"", ""region"": ""cn-north-1""}}"
gateway.runtime.runtime-caller.target,cn-north-1,PASS,2026-09-29T01:58:29.738126+00:00,results/repro-caller-confirm-20260929/cn-north-1-results.jsonl,8,"{""ResponseMetadata"": {""RequestId"": ""99c2000f-0602-49f7-a78d-f394ffc3e3fb"", ""HTTPStatusCode"": 200, ""HTTPHeaders"": {""date"": ""Tue, 29 Sep 2026 01:58:29 GMT"", ""content-type"": ""application/json"", ""content-length"": ""533"", ""connection"": ""keep-alive"", ""x-amzn-requestid"": ""99c2000f-0602-49f7-a78d-f394ffc3e3fb"", ""x-amz-apigw-id"": ""EcEy8GD-BTIEOhQ="", ""x-amzn-trace-id"": ""Root=1-6abb1b45-074aecd353234bb052713e51""}, ""RetryAttempts"": 0}, ""gatewayArn"": ""arn:aws-cn:bedrock-agentcore:cn-north-1:209915754514:gateway/ac-cn-0929015405-bj-http-ys9phkel49"", ""targetId"": ""UG0AOI6UCD"", ""createdAt"": ""2026-09-29 01:58:25.975164+00:00"", ""updatedAt"": ""2026-09-29 01:58:26.786393+00:00"", ""status"": ""READY"", ""name"": ""runtime-caller"", ""targetConfiguration"": {""http"": {""agentcoreRuntime"": {""arn"": ""arn:aws-cn:bedrock-agentcore:cn-north-1:209915754514:runtime/ac_cn_0929015405_bj-fyqfwJ2ER2"", ""qualifier"": ""DEFAULT""}}}, ""credentialProviderConfigurations"": [{""credentialProviderType"": ""CALLER_IAM_CREDENTIALS""}]}"
gateway.runtime.runtime-role.target,cn-north-1,PASS,2026-09-29T01:58:22.134857+00:00,results/repro-caller-confirm-20260929/cn-north-1-results.jsonl,6,"{""ResponseMetadata"": {""RequestId"": ""14fa113a-6a8a-472b-a335-c6ad47b7b3ae"", ""HTTPStatusCode"": 200, ""HTTPHeaders"": {""date"": ""Tue, 29 Sep 2026 01:58:22 GMT"", ""content-type"": ""application/json"", ""content-length"": ""525"", ""connection"": ""keep-alive"", ""x-amzn-requestid"": ""14fa113a-6a8a-472b-a335-c6ad47b7b3ae"", ""x-amz-apigw-id"": ""EcExwEjCBTIECeg="", ""x-amzn-trace-id"": ""Root=1-6abb1b3d-337839c01d647ddc5191f96b""}, ""RetryAttempts"": 0}, ""gatewayArn"": ""arn:aws-cn:bedrock-agentcore:cn-north-1:209915754514:gateway/ac-cn-0929015405-bj-http-ys9phkel49"", ""targetId"": ""YOHNKORLHC"", ""createdAt"": ""2026-09-29 01:58:18.377782+00:00"", ""updatedAt"": ""2026-09-29 01:58:19.183582+00:00"", ""status"": ""READY"", ""name"": ""runtime-role"", ""targetConfiguration"": {""http"": {""agentcoreRuntime"": {""arn"": ""arn:aws-cn:bedrock-agentcore:cn-north-1:209915754514:runtime/ac_cn_0929015405_bj-fyqfwJ2ER2"", ""qualifier"": ""DEFAULT""}}}, ""credentialProviderConfigurations"": [{""credentialProviderType"": ""GATEWAY_IAM_ROLE""}]}"
gateway.sessions.full_handshake,cn-north-1,PASS,2026-09-28T04:49:47.237094+00:00,results/cn-north-1-results.jsonl,205,"{""sessionId"": ""911970b6-49a8-4a86-93e5-f3951a3d00fe"", ""notificationStatus"": 202}"
gateway.sessions.initialize,cn-north-1,PASS,2026-09-28T04:37:47.664206+00:00,results/cn-north-1-results.jsonl,152,"{""status"": 200, ""headers"": {""content-type"": ""application/json"", ""x-amzn-requestid"": ""dc629344-f201-4f64-bd1f-11c94c89274f"", ""mcp-session-id"": ""771a7e13-a08e-4986-940e-8b9bc2414e13""}, ""body"": {""jsonrpc"": ""2.0"", ""id"": 3045, ""result"": {""protocolVersion"": ""2025-11-25"", ""capabilities"": {""tools"": {""listChanged"": false}, ""prompts"": {""listChanged"": false}, ""resources"": {""listChanged"": false}}, ""serverInfo"": {""version"": ""1.0.0"", ""name"": ""ac-cn-0928041532-bj""}}}}"
gateway.sessions_streaming.configure,cn-north-1,PASS,2026-09-28T04:37:46.847819+00:00,results/cn-north-1-results.jsonl,151,"{""ResponseMetadata"": {""RequestId"": ""37fa5140-cf0b-4a67-9338-1698fd637435"", ""HTTPStatusCode"": 202, ""HTTPHeaders"": {""date"": ""Mon, 28 Sep 2026 04:37:43 GMT"", ""content-type"": ""application/json"", ""content-length"": ""964"", ""connection"": ""keep-alive"", ""x-amzn-requestid"": ""37fa5140-cf0b-4a67-9338-1698fd637435"", ""x-amz-apigw-id"": ""EZJLrEYBhTIEXjQ="", ""x-amzn-trace-id"": ""Root=1-6ab9ef17-0b7f59dd36bd2820531126ff""}, ""RetryAttempts"": 0}, ""gatewayArn"": ""arn:aws-cn:bedrock-agentcore:cn-north-1:209915754514:gateway/ac-cn-0928041532-bj-qvzqlrwoke"", ""gatewayId"": ""ac-cn-0928041532-bj-qvzqlrwoke"", ""gatewayUrl"": ""https://ac-cn-0928041532-bj-qvzqlrwoke.gateway.bedrock-agentcore.cn-north-1.amazonaws.com.cn/mcp"", ""createdAt"": ""2026-09-28 04:20:14.326049+00:00"", ""updatedAt"": ""2026-09-28 04:37:43.209016+00:00"", ""status"": ""UPDATING"", ""name"": ""ac-cn-0928041532-bj"", ""roleArn"": ""arn:aws-cn:iam::209915754514:role/ac-cn-0928041532-bj-agentcore"", ""protocolType"": ""MCP"", ""protocolConfiguration"": {""mcp"": {""supportedVersions"": [""2025-03-26"", ""2025-06-18"", ""2025-11-25"", ""2026-07-28""], ""sessionConfiguration"": {""sessionTimeoutInSeconds"": 900}, ""streamingConfiguration"": {""enableResponseStreaming"": true}}}, ""authorizerType"": ""AWS_IAM"", ""workloadIdentityDetails"": {""workloadIdentityArn"": ""arn:aws-cn:bedrock-agentcore:cn-north-1:209915754514:workload-identity-directory/default/workload-identity/ac-cn-0928041532-bj-qvzqlrwoke""}, ""exceptionLevel"": ""DEBUG""}"
gateway.smithy,cn-north-1,PASS,2026-09-28T04:37:24.983991+00:00,results/cn-north-1-results.jsonl,145,"{""targetId"": ""6DJ6BZUCMX"", ""tool"": {""inputSchema"": {""type"": ""object"", ""properties"": {""FunctionName"": {""description"": ""<p>The name or ARN of the Lambda function.</p> <p class=\""title\""> <b>Name formats</b> </p> <ul> <li> <p> <b>Function name</b> – <code>my-function</code>.</p> </li> <li> <p> <b>Function ARN</b> – <code>arn:aws:lambda:us-west-2:123456789012:function:my-function</code>.</p> </li> <li> <p> <b>Partial ARN</b> – <code>123456789012:function:my-function</code>.</p> </li> </ul> <p>The length constraint applies only to the full ARN. If you specify only the function name, it is limited to 64 characters in length.</p>"", ""type"": ""string""}, ""UseFIPS"": {""description"": ""When true, send this request to the FIPS-compliant regional endpoint. If the configured endpoint does not have a FIPS compliant endpoint, dispatching the request will return an error."", ""type"": ""boolean""}, ""Endpoint"": {""description"": ""Override the endpoint used to send this request"", ""type"": ""string""}, ""Region"": {""description"": ""The AWS region used to dispatch the request."", ""type"": ""string""}, ""UseDualStack"": {""description"": ""When true, use the dual-stack endpoint. If the configured endpoint does not support dual-stack, dispatching the request MAY return an error."", ""type"": ""boolean""}}, ""required"": [""FunctionName""]}, ""name"": ""smithy___GetFunctionConcurrency"", ""description"": ""<p>Returns details about the reserved concurrency configuration for a function. To set a concurrency limit for a function, use <a>PutFunctionConcurrency</a>.</p>""}, ""invocation"": {""status"": 200, ""headers"": {""content-type"": ""application/json"", ""x-amzn-requestid"": ""39ab3696-a98e-4085-bd84-facbb6f9f286""}, ""body"": {""jsonrpc"": ""2.0"", ""id"": 671920, ""result"": {""isError"": false, ""content"": [{""type"": ""text"", ""text"": ""{\""ReservedConcurrentExecutions\"":null}""}]}}}}"
gateway.streaming.progress_logging,cn-north-1,PASS,2026-09-28T04:49:49.288685+00:00,results/cn-north-1-results.jsonl,207,"{""status"": 200, ""headers"": {""content-type"": ""text/event-stream"", ""x-amzn-requestid"": ""b7c99746-a4df-4a28-b86f-9248d9288729"", ""mcp-session-id"": ""911970b6-49a8-4a86-93e5-f3951a3d00fe""}, ""body"": [{""jsonrpc"": ""2.0"", ""method"": ""notifications/progress"", ""params"": {""progressToken"": ""cn-progress"", ""progress"": 1, ""total"": 2}}, {""jsonrpc"": ""2.0"", ""method"": ""notifications/progress"", ""params"": {""progressToken"": ""cn-progress"", ""progress"": 2, ""total"": 2}}, {""jsonrpc"": ""2.0"", ""method"": ""notifications/message"", ""params"": {""level"": ""info"", ""data"": ""synthetic-log-ok""}}, {""jsonrpc"": ""2.0"", ""id"": 935215, ""result"": {""content"": [{""type"": ""text"", ""text"": ""mcp-echo:done""}], ""isError"": false}}]}"
gateway.streaming.tool_call,cn-north-1,PASS,2026-09-28T04:49:48.061027+00:00,results/cn-north-1-results.jsonl,206,"{""status"": 200, ""headers"": {""content-type"": ""text/event-stream"", ""x-amzn-requestid"": ""15663d26-b72c-4fc5-b234-8c9162125e7b"", ""mcp-session-id"": ""911970b6-49a8-4a86-93e5-f3951a3d00fe""}, ""body"": [{""jsonrpc"": ""2.0"", ""id"": 350244, ""result"": {""isError"": false, ""content"": [{""type"": ""text"", ""text"": ""{\""sum\"":42,\""echo\"":\""\"",\""region\"":\""cn-north-1\"",\""tool\"":\""lambda-inline___add\""}""}]}}]}"
gateway.tags.add,cn-north-1,PASS,2026-09-28T04:20:18.567247+00:00,results/cn-north-1-results.jsonl,6,"{""ResponseMetadata"": {""RequestId"": ""8e3f0b36-798b-42b1-8e77-d1a4e4e88cc3"", ""HTTPStatusCode"": 204, ""HTTPHeaders"": {""date"": ""Mon, 28 Sep 2026 04:20:18 GMT"", ""content-type"": ""application/json"", ""content-length"": ""0"", ""connection"": ""keep-alive"", ""x-amzn-requestid"": ""8e3f0b36-798b-42b1-8e77-d1a4e4e88cc3"", ""access-control-allow-origin"": ""*"", ""x-amz-apigw-id"": ""EZGocGHJBTIEJyw="", ""access-control-expose-headers"": ""x-amzn-ErrorType, x-amzn-RequestId, x-amzn-ErrorMessage, x-amzn-Trace-Id, x-amz-apigw-id, Date"", ""x-amzn-trace-id"": ""Root=1-6ab9eb02-5a952f0c27caa9c416bd0d4b""}, ""RetryAttempts"": 0}}"
gateway.tags.list,cn-north-1,PASS,2026-09-28T04:20:18.849646+00:00,results/cn-north-1-results.jsonl,7,"{""ResponseMetadata"": {""RequestId"": ""32ed26fb-4e1c-45db-9274-35521fe36b9c"", ""HTTPStatusCode"": 200, ""HTTPHeaders"": {""date"": ""Mon, 28 Sep 2026 04:20:18 GMT"", ""content-type"": ""application/json"", ""content-length"": ""62"", ""connection"": ""keep-alive"", ""x-amzn-requestid"": ""32ed26fb-4e1c-45db-9274-35521fe36b9c"", ""access-control-allow-origin"": ""*"", ""x-amz-apigw-id"": ""EZGofF0OBTIEdyQ="", ""access-control-expose-headers"": ""x-amzn-ErrorType, x-amzn-RequestId, x-amzn-ErrorMessage, x-amzn-Trace-Id, x-amz-apigw-id, Date"", ""x-amzn-trace-id"": ""Root=1-6ab9eb02-636eb2a93ed2636f281a844d""}, ""RetryAttempts"": 0}, ""tags"": {""Feature"": ""gateway"", ""Purpose"": ""ac-cn-0928041532-bj""}}"
gateway.tags.remove,cn-north-1,PASS,2026-09-28T04:20:19.145647+00:00,results/cn-north-1-results.jsonl,8,"{""ResponseMetadata"": {""RequestId"": ""90aca9c3-ab2e-4044-b6db-0a39e1789c14"", ""HTTPStatusCode"": 204, ""HTTPHeaders"": {""date"": ""Mon, 28 Sep 2026 04:20:19 GMT"", ""content-type"": ""application/json"", ""content-length"": ""0"", ""connection"": ""keep-alive"", ""x-amzn-requestid"": ""90aca9c3-ab2e-4044-b6db-0a39e1789c14"", ""access-control-allow-origin"": ""*"", ""x-amz-apigw-id"": ""EZGoiFPdBTIEbMw="", ""access-control-expose-headers"": ""x-amzn-ErrorType, x-amzn-RequestId, x-amzn-ErrorMessage, x-amzn-Trace-Id, x-amz-apigw-id, Date"", ""x-amzn-trace-id"": ""Root=1-6ab9eb02-2772c6eb246c2a414558e451""}, ""RetryAttempts"": 0}}"
gateway.targets.idempotency,cn-north-1,PASS,2026-09-28T05:05:53.528788+00:00,results/cn-north-1-results.jsonl,258,"{""sameTargetId"": ""YRHNKX6WKW""}"
gateway.targets.list,cn-north-1,PASS,2026-09-28T04:20:36.886076+00:00,results/cn-north-1-results.jsonl,20,"{""ResponseMetadata"": {""RequestId"": ""fdc4c1f5-7e08-4322-9edc-a54b7c46a6e9"", ""HTTPStatusCode"": 200, ""HTTPHeaders"": {""date"": ""Mon, 28 Sep 2026 04:20:36 GMT"", ""content-type"": ""application/json"", ""content-length"": ""744"", ""connection"": ""keep-alive"", ""x-amzn-requestid"": ""fdc4c1f5-7e08-4322-9edc-a54b7c46a6e9"", ""x-amz-apigw-id"": ""EZGrUFAfBTIEFBg="", ""x-amzn-trace-id"": ""Root=1-6ab9eb14-538c27f94bcdd43c6968725b""}, ""RetryAttempts"": 0}, ""items"": [{""targetId"": ""B8CWJUTZEW"", ""name"": ""lambda-s3"", ""status"": ""READY"", ""createdAt"": ""2026-09-28 04:20:32.042297+00:00"", ""updatedAt"": ""2026-09-28 04:20:32.587475+00:00"", ""targetType"": ""LAMBDA""}], ""nextToken"": ""AQED/ze8iknH43SkDxesfs/hmducNcFPuElmzKLYqqIUBwNycAAAAW0BAIQA8nev29+eC0GdnvPW7N1OIAAAAAAAAAAgAAAAAAAAANBJP2knrPFV14kjny9AIBQAyktyeGMMTyouVVO/WgTkMLcWgMd/AAABAAAAAAAAAPBJNIzGfwAAAAAAAAAAAAAYN6gM65PoNx1jVhwJDDakkSHyfE0/ulYpZTgirvBvV86aBeUA0PT+m4ENKQ8YKTJyjRjnQScnmuAS8eMTs0EVTr0QUSUhopSyo93Tc+WA6ReCh5lt+koLEfU/Vbc2nzWY0xUn56PJ6AuX+lKfCn/OKuKYBI3BfmvP7Gx7KKTTIqSRuTgO+WGCxhQ3QtUfPZObV9trCs04FPbbHQ7O5br5T7obFbIwwhaYze6ni4n0f7S+sIqOSVmDB3/cmbolqYwi0Q51rWOGzOhXVNMrPBdINjUxMdwh/WBn5yPjdhj0R1qvWevhcWY9cVUULiyuGDerAI9MKkQAEMIPTtXa+2DX/6ZMjVxDPtUAAA==""}"
gateway.targets.pagination,cn-north-1,PASS,2026-09-28T05:05:47.566252+00:00,results/cn-north-1-results.jsonl,256,"{""pages"": 11, ""uniqueTargets"": 11}"
gateway.targets.update_active_and_invoke,cn-north-1,PASS,2026-09-28T05:05:52.523483+00:00,results/cn-north-1-results.jsonl,257,"{""status"": 200, ""headers"": {""content-type"": ""application/json"", ""x-amzn-requestid"": ""976ca567-e764-48e0-9234-e09484bcebad""}, ""body"": {""jsonrpc"": ""2.0"", ""id"": 614972, ""result"": {""isError"": false, ""content"": [{""type"": ""text"", ""text"": ""{\""sum\"":0,\""echo\"":\""update-ok\"",\""region\"":\""cn-north-1\"",\""tool\"":\""lambda-inline___echo\""}""}]}}}"
gateway.update_description,cn-north-1,PASS,2026-09-28T04:20:41.664526+00:00,results/cn-north-1-results.jsonl,25,"{""ResponseMetadata"": {""RequestId"": ""f4c035e7-cdb8-46fe-9bc5-2bf40735afea"", ""HTTPStatusCode"": 202, ""HTTPHeaders"": {""date"": ""Mon, 28 Sep 2026 04:20:41 GMT"", ""content-type"": ""application/json"", ""content-length"": ""869"", ""connection"": ""keep-alive"", ""x-amzn-requestid"": ""f4c035e7-cdb8-46fe-9bc5-2bf40735afea"", ""x-amz-apigw-id"": ""EZGsDE_rBTIEafQ="", ""x-amzn-trace-id"": ""Root=1-6ab9eb19-63e1246f3935b79536042ca9""}, ""RetryAttempts"": 0}, ""gatewayArn"": ""arn:aws-cn:bedrock-agentcore:cn-north-1:209915754514:gateway/ac-cn-0928041532-bj-qvzqlrwoke"", ""gatewayId"": ""ac-cn-0928041532-bj-qvzqlrwoke"", ""gatewayUrl"": ""https://ac-cn-0928041532-bj-qvzqlrwoke.gateway.bedrock-agentcore.cn-north-1.amazonaws.com.cn/mcp"", ""createdAt"": ""2026-09-28 04:20:14.326049+00:00"", ""updatedAt"": ""2026-09-28 04:20:41.541018+00:00"", ""status"": ""UPDATING"", ""name"": ""ac-cn-0928041532-bj"", ""description"": ""Updated by China feature test"", ""roleArn"": ""arn:aws-cn:iam::209915754514:role/ac-cn-0928041532-bj-agentcore"", ""protocolType"": ""MCP"", ""protocolConfiguration"": {""mcp"": {""instructions"": ""Synthetic China feature test""}}, ""authorizerType"": ""AWS_IAM"", ""workloadIdentityDetails"": {""workloadIdentityArn"": ""arn:aws-cn:bedrock-agentcore:cn-north-1:209915754514:workload-identity-directory/default/workload-identity/ac-cn-0928041532-bj-qvzqlrwoke""}, ""exceptionLevel"": ""DEBUG""}"
browser.cdp.connect,cn-northwest-1,PASS,2026-09-28T04:26:27.150753+00:00,results/cn-northwest-1-results.jsonl,48,"""<Browser type=<BrowserType name=chromium executable_path=/home/ec2-user/.cache/ms-playwright/chromium-1243/chrome-linux64/chrome> version=148.0.7778.258>"""
browser.cdp.screenshot,cn-northwest-1,PASS,2026-09-28T04:26:37.050270+00:00,results/cn-northwest-1-results.jsonl,51,"{""path"": ""/home/ec2-user/agentcore/cn/results/cn-northwest-1-browser.png"", ""bytes"": 31676}"
browser.certificates.start_with_root_ca,cn-northwest-1,PASS,2026-09-28T04:39:55.011010+00:00,results/cn-northwest-1-results.jsonl,162,"{""ResponseMetadata"": {""RequestId"": ""f69b979c-5f33-4214-9c43-40697b18fa20"", ""HTTPStatusCode"": 200, ""HTTPHeaders"": {""date"": ""Mon, 28 Sep 2026 04:39:54 GMT"", ""content-type"": ""application/json"", ""content-length"": ""568"", ""connection"": ""keep-alive"", ""x-amzn-requestid"": ""f69b979c-5f33-4214-9c43-40697b18fa20""}, ""RetryAttempts"": 0}, ""browserIdentifier"": ""ac_cn_0928041532_nx_vpc-7kG1S9qRCX"", ""sessionId"": ""01M3K4ZR1G5VJZPZQD52RG9Z6W"", ""createdAt"": ""2026-09-28 04:39:49.540118+00:00"", ""streams"": {""automationStream"": {""streamEndpoint"": ""wss://bedrock-agentcore.cn-northwest-1.amazonaws.com.cn/browser-streams/ac_cn_0928041532_nx_vpc-7kG1S9qRCX/sessions/01M3K4ZR1G5VJZPZQD52RG9Z6W/automation"", ""streamStatus"": ""ENABLED""}, ""liveViewStream"": {""streamEndpoint"": ""https://bedrock-agentcore.cn-northwest-1.amazonaws.com.cn/browser-streams/ac_cn_0928041532_nx_vpc-7kG1S9qRCX/sessions/01M3K4ZR1G5VJZPZQD52RG9Z6W/live-view""}}}"
browser.certificates.stop,cn-northwest-1,PASS,2026-09-28T04:40:00.683566+00:00,results/cn-northwest-1-results.jsonl,164,"{""ResponseMetadata"": {""RequestId"": ""35368e93-11e1-4901-a0d9-2076b6fa40c4"", ""HTTPStatusCode"": 200, ""HTTPHeaders"": {""date"": ""Mon, 28 Sep 2026 04:40:00 GMT"", ""content-type"": ""application/json"", ""content-length"": ""148"", ""connection"": ""keep-alive"", ""x-amzn-requestid"": ""35368e93-11e1-4901-a0d9-2076b6fa40c4""}, ""RetryAttempts"": 0}, ""browserIdentifier"": ""ac_cn_0928041532_nx_vpc-7kG1S9qRCX"", ""sessionId"": ""01M3K4ZR1G5VJZPZQD52RG9Z6W"", ""lastUpdatedAt"": ""2026-09-28 04:40:00.548129+00:00""}"
browser.certificates.trusted_https,cn-northwest-1,PASS,2026-09-28T04:40:00.076434+00:00,results/cn-northwest-1-results.jsonl,163,"""Private TLS accepted with supplied CA; no ignoreHTTPSerrors"""
browser.certificates.untrusted_rejected,cn-northwest-1,PASS,2026-09-28T04:39:48.789076+00:00,results/cn-northwest-1-results.jsonl,160,"""Private CA rejected without trust configuration"""
browser.cookies_local_storage,cn-northwest-1,PASS,2026-09-28T04:26:44.793386+00:00,results/cn-northwest-1-results.jsonl,55,"{""cookie"": ""REDACTED"", ""localStorage"": ""local-ok""}"
browser.custom.create_recording_managed_policies,cn-northwest-1,PASS,2026-09-28T04:27:17.948478+00:00,results/cn-northwest-1-results.jsonl,82,"{""ResponseMetadata"": {""RequestId"": ""e70c5ff7-d192-4475-9da6-318fca568a3e"", ""HTTPStatusCode"": 202, ""HTTPHeaders"": {""date"": ""Mon, 28 Sep 2026 04:27:17 GMT"", ""content-type"": ""application/json"", ""content-length"": ""240"", ""connection"": ""keep-alive"", ""x-amzn-requestid"": ""e70c5ff7-d192-4475-9da6-318fca568a3e"", ""x-amz-apigw-id"": ""EZHp5GRV5PgELwg="", ""x-amzn-trace-id"": ""Root=1-6ab9eca5-556f8c177b02746f14445a82""}, ""RetryAttempts"": 0}, ""browserId"": ""ac_cn_0928041532_nx_custom-z577nniGi4"", ""browserArn"": ""arn:aws-cn:bedrock-agentcore:cn-northwest-1:209915754514:browser-custom/ac_cn_0928041532_nx_custom-z577nniGi4"", ""createdAt"": ""2026-09-28 04:27:17.759416+00:00"", ""status"": ""READY""}"
browser.custom.features,cn-northwest-1,PASS,2026-09-28T04:43:55.416922+00:00,results/cn-northwest-1-results.jsonl,182,null
browser.custom.get_ready,cn-northwest-1,PASS,2026-09-28T04:43:38.430783+00:00,results/cn-northwest-1-results.jsonl,172,"{""ResponseMetadata"": {""RequestId"": ""20c78c25-0158-4d52-9a9e-304e46cb2090"", ""HTTPStatusCode"": 200, ""HTTPHeaders"": {""date"": ""Mon, 28 Sep 2026 04:43:38 GMT"", ""content-type"": ""application/json"", ""content-length"": ""699"", ""connection"": ""keep-alive"", ""x-amzn-requestid"": ""20c78c25-0158-4d52-9a9e-304e46cb2090"", ""x-amz-apigw-id"": ""EZKDLEWO5PgEqaQ="", ""x-amzn-trace-id"": ""Root=1-6ab9f07a-54c8474f67e3a413564f1032""}, ""RetryAttempts"": 0}, ""browserId"": ""ac_cn_0928041532_nx_custom-z577nniGi4"", ""browserArn"": ""arn:aws-cn:bedrock-agentcore:cn-northwest-1:209915754514:browser-custom/ac_cn_0928041532_nx_custom-z577nniGi4"", ""name"": ""ac_cn_0928041532_nx_custom"", ""executionRoleArn"": ""arn:aws-cn:iam::209915754514:role/ac-cn-0928041532-nx-agentcore"", ""networkConfiguration"": {""networkMode"": ""PUBLIC""}, ""recording"": {""enabled"": true, ""s3Location"": {""bucket"": ""ac-cn-0928041532-nx-209915754514"", ""prefix"": ""recordings/""}}, ""enterprisePolicies"": [{""location"": {""s3"": {""bucket"": ""ac-cn-0928041532-nx-209915754514"", ""prefix"": ""managed.json""}}, ""type"": ""MANAGED""}], ""status"": ""READY"", ""createdAt"": ""2026-09-28 04:27:17.759416+00:00"", ""lastUpdatedAt"": ""2026-09-28 04:27:17.759416+00:00""}"
browser.custom.start_extensions_recommended_policy,cn-northwest-1,PASS,2026-09-28T04:43:43.639986+00:00,results/cn-northwest-1-results.jsonl,176,"{""ResponseMetadata"": {""RequestId"": ""d4d59c0c-b7b8-4a57-a674-f240c85f526f"", ""HTTPStatusCode"": 200, ""HTTPHeaders"": {""date"": ""Mon, 28 Sep 2026 04:43:43 GMT"", ""content-type"": ""application/json"", ""content-length"": ""577"", ""connection"": ""keep-alive"", ""x-amzn-requestid"": ""d4d59c0c-b7b8-4a57-a674-f240c85f526f""}, ""RetryAttempts"": 0}, ""browserIdentifier"": ""ac_cn_0928041532_nx_custom-z577nniGi4"", ""sessionId"": ""01M3K56SN2B29Z02915D3ZYM9K"", ""createdAt"": ""2026-09-28 04:43:40.568563+00:00"", ""streams"": {""automationStream"": {""streamEndpoint"": ""wss://bedrock-agentcore.cn-northwest-1.amazonaws.com.cn/browser-streams/ac_cn_0928041532_nx_custom-z577nniGi4/sessions/01M3K56SN2B29Z02915D3ZYM9K/automation"", ""streamStatus"": ""ENABLED""}, ""liveViewStream"": {""streamEndpoint"": ""https://bedrock-agentcore.cn-northwest-1.amazonaws.com.cn/browser-streams/ac_cn_0928041532_nx_custom-z577nniGi4/sessions/01M3K56SN2B29Z02915D3ZYM9K/live-view""}}}"
browser.custom.stop,cn-northwest-1,PASS,2026-09-28T04:43:54.650846+00:00,results/cn-northwest-1-results.jsonl,180,"{""ResponseMetadata"": {""RequestId"": ""80199ce5-8ee2-4af0-b84b-a6505c436d45"", ""HTTPStatusCode"": 200, ""HTTPHeaders"": {""date"": ""Mon, 28 Sep 2026 04:43:54 GMT"", ""content-type"": ""application/json"", ""content-length"": ""151"", ""connection"": ""keep-alive"", ""x-amzn-requestid"": ""80199ce5-8ee2-4af0-b84b-a6505c436d45""}, ""RetryAttempts"": 0}, ""browserIdentifier"": ""ac_cn_0928041532_nx_custom-z577nniGi4"", ""sessionId"": ""01M3K56SN2B29Z02915D3ZYM9K"", ""lastUpdatedAt"": ""2026-09-28 04:43:54.492716+00:00""}"
browser.download.playwright_save_as,cn-northwest-1,FAIL,2026-09-28T04:44:16.271937+00:00,results/cn-northwest-1-results.jsonl,184,"{""type"": ""AssertionError"", ""message"": ""{'downloadedBytes': 0, 'expectedBytes': 21, 'name': 'agentcore-test.txt'}"", ""traceback"": ""Traceback (most recent call last):\n  File \""/home/ec2-user/agentcore/cn/suite.py\"", line 77, in test\n    result = fn()\n             ^^^^\n  File \""/home/ec2-user/agentcore/cn/browser_more_tests.py\"", line 46, in download_retrieve\n    assert raw == b\""agentcore-download-ok\"", {\""downloadedBytes\"": len(raw), \""expectedBytes\"": 21, \""name\"": d.suggested_filename}\n           ^^^^^^^^^^^^^^^^^^^^^^^^^^^^^^^\nAssertionError: {'downloadedBytes': 0, 'expectedBytes': 21, 'name': 'agentcore-test.txt'}\n""}"
browser.efs,cn-northwest-1,PASS,2026-09-28T04:42:18.217760+00:00,results/cn-northwest-1-results.jsonl,170,"{""fileSystemId"": ""fs-0dc1385046057f5ad"", ""writtenAndRestoredAcrossSessions"": true}"
browser.efs.session_start,cn-northwest-1,PASS,2026-09-28T04:41:53.045047+00:00,results/cn-northwest-1-results.jsonl,169,"{""sessionId"": ""01M3K539JSCG1HARMHWYGNFX0W""}"
browser.enterprise.managed_enforced,cn-northwest-1,PASS,2026-09-28T04:52:01.659838+00:00,results/cn-northwest-1-results.jsonl,210,"{""blockedByAdministrator"": true}"
browser.enterprise.policies,cn-northwest-1,PASS,2026-09-28T04:52:02.284743+00:00,results/cn-northwest-1-results.jsonl,211,"{""browserId"": ""ac_cn_0928041532_nx_policy-MhYkaifvFu""}"
browser.enterprise.recommended_loaded,cn-northwest-1,PASS,2026-09-28T04:52:00.581925+00:00,results/cn-northwest-1-results.jsonl,209,"{""managedAndRecommendedPresent"": true}"
browser.extensions.executed,cn-northwest-1,PASS,2026-09-28T04:43:49.238564+00:00,results/cn-northwest-1-results.jsonl,177,"""loaded"""
browser.file_download,cn-northwest-1,PASS,2026-09-28T04:44:13.816169+00:00,results/cn-northwest-1-results.jsonl,183,"{""remoteContent"": ""agentcore-download-ok"", ""progress"": [{""guid"": ""b47d66b0-7058-4565-bc71-0a46aba4427d"", ""totalBytes"": 0, ""receivedBytes"": 0, ""state"": ""inProgress""}, {""guid"": ""b47d66b0-7058-4565-bc71-0a46aba4427d"", ""totalBytes"": 0, ""receivedBytes"": 21, ""state"": ""inProgress""}, {""guid"": ""b47d66b0-7058-4565-bc71-0a46aba4427d"", ""totalBytes"": 0, ""receivedBytes"": 21, ""state"": ""inProgress""}, {""guid"": ""b47d66b0-7058-4565-bc71-0a46aba4427d"", ""totalBytes"": 21, ""receivedBytes"": 21, ""state"": ""inProgress""}, {""guid"": ""b47d66b0-7058-4565-bc71-0a46aba4427d"", ""totalBytes"": 21, ""receivedBytes"": 21, ""state"": ""inProgress""}, {""guid"": ""b47d66b0-7058-4565-bc71-0a46aba4427d"", ""totalBytes"": 21, ""receivedBytes"": 21, ""state"": ""completed"", ""filePath"": ""/tmp/cn-downloads/agentcore-test.txt""}]}"
browser.file_upload,cn-northwest-1,PASS,2026-09-28T04:26:38.635227+00:00,results/cn-northwest-1-results.jsonl,52,"""synthetic.txt"""
browser.forms_click_unicode_extract,cn-northwest-1,PASS,2026-09-28T04:26:34.572480+00:00,results/cn-northwest-1-results.jsonl,50,"""Hello Beijing 北京 / Ningxia 宁夏"""
browser.isolation.concurrent_start,cn-northwest-1,PASS,2026-09-28T04:27:03.825097+00:00,results/cn-northwest-1-results.jsonl,73,"{""ResponseMetadata"": {""RequestId"": ""b5bec76e-b4e0-482f-ada2-6f9310755bee"", ""HTTPStatusCode"": 200, ""HTTPHeaders"": {""date"": ""Mon, 28 Sep 2026 04:27:03 GMT"", ""content-type"": ""application/json"", ""content-length"": ""508"", ""connection"": ""keep-alive"", ""x-amzn-requestid"": ""b5bec76e-b4e0-482f-ada2-6f9310755bee""}, ""RetryAttempts"": 0}, ""browserIdentifier"": ""aws.browser.v1"", ""sessionId"": ""01M3K48B306CJJKXEN14V545CA"", ""createdAt"": ""2026-09-28 04:27:02.611642+00:00"", ""streams"": {""automationStream"": {""streamEndpoint"": ""wss://bedrock-agentcore.cn-northwest-1.amazonaws.com.cn/browser-streams/aws.browser.v1/sessions/01M3K48B306CJJKXEN14V545CA/automation"", ""streamStatus"": ""ENABLED""}, ""liveViewStream"": {""streamEndpoint"": ""https://bedrock-agentcore.cn-northwest-1.amazonaws.com.cn/browser-streams/aws.browser.v1/sessions/01M3K48B306CJJKXEN14V545CA/live-view""}}}"
browser.isolation.cookies_local_storage,cn-northwest-1,PASS,2026-09-28T04:27:08.543454+00:00,results/cn-northwest-1-results.jsonl,74,"{""cookiesIsolated"": true, ""localStorageIsolated"": true}"
browser.isolation.stop,cn-northwest-1,PASS,2026-09-28T04:27:08.892450+00:00,results/cn-northwest-1-results.jsonl,75,"{""ResponseMetadata"": {""RequestId"": ""724c24bf-7269-4b82-8232-817c53029665"", ""HTTPStatusCode"": 200, ""HTTPHeaders"": {""date"": ""Mon, 28 Sep 2026 04:27:08 GMT"", ""content-type"": ""application/json"", ""content-length"": ""128"", ""connection"": ""keep-alive"", ""x-amzn-requestid"": ""724c24bf-7269-4b82-8232-817c53029665""}, ""RetryAttempts"": 0}, ""browserIdentifier"": ""aws.browser.v1"", ""sessionId"": ""01M3K48B306CJJKXEN14V545CA"", ""lastUpdatedAt"": ""2026-09-28 04:27:08.766868+00:00""}"
browser.list,cn-northwest-1,PASS,2026-09-28T04:26:22.011237+00:00,results/cn-northwest-1-results.jsonl,44,"{""ResponseMetadata"": {""RequestId"": ""78d177c5-079b-4884-b3c0-2b3e7bec74a2"", ""HTTPStatusCode"": 200, ""HTTPHeaders"": {""date"": ""Mon, 28 Sep 2026 04:26:21 GMT"", ""content-type"": ""application/json"", ""content-length"": ""23"", ""connection"": ""keep-alive"", ""x-amzn-requestid"": ""78d177c5-079b-4884-b3c0-2b3e7bec74a2"", ""x-amz-apigw-id"": ""EZHhPEhi5PgEE7w="", ""x-amzn-trace-id"": ""Root=1-6ab9ec6d-363c82616ca7329260ffbcdc""}, ""RetryAttempts"": 0}, ""browserSummaries"": []}"
browser.live_view.dcv_frame_and_input,cn-northwest-1,PASS,2026-09-28T06:48:46.931730+00:00,results/retest-livewait-default/cn-northwest-1-results.jsonl,8,"{""observations"": [{""attempt"": ""initial_5min"", ""originalAttemptTime"": ""2026-09-28T06:43:29.002716+00:00"", ""observationSeconds"": 300.524, ""events"": [{""event"": ""authenticate.start"", ""time"": ""2026-09-28T06:38:26.551Z"", ""elapsedSeconds"": 0.011}, {""event"": ""authenticate.success"", ""time"": ""2026-09-28T06:38:28.405Z"", ""elapsedSeconds"": 1.864, ""sessionCount"": 1, ""authTokenPresent"": true}, {""event"": ""connect.start"", ""time"": ""2026-09-28T06:38:28.416Z"", ""elapsedSeconds"": 1.876}, {""event"": ""authenticate.error"", ""time"": ""2026-09-28T06:38:28.651Z"", ""elapsedSeconds"": 2.111, ""message"": ""Failed to communicate with server.""}, {""event"": ""connect.success"", ""time"": ""2026-09-28T06:38:29.729Z"", ""elapsedSeconds"": 3.189}, {""event"": ""display.firstFrame"", ""time"": ""2026-09-28T06:38:33.268Z"", ""elapsedSeconds"": 6.728}], ""finalWebsocketCounters"": {""opened"": 6, ""closed"": 1, ""errors"": 1, ""receivedFrames"": 1218, ""receivedBytes"": 373290}, ""sessionId"": ""01M3KBRKPMCFC2WSMXK3ZTSPF2"", ""source"": ""results/retest-livewait-default/cn-northwest-1-results.jsonl"", ""scope"": ""Display connected, first frame received, incoming stream continued throughout observation"", ""inputCorrection"": ""Original combined check used content coordinates on a full-window stream; input separately passed with browser toolbar offset""}, {""attempt"": ""fresh_signature_retry_5min"", ""originalAttemptTime"": ""2026-09-28T06:48:33.608172+00:00"", ""observationSeconds"": 300.54, ""events"": [{""event"": ""authenticate.start"", ""time"": ""2026-09-28T06:43:31.151Z"", ""elapsedSeconds"": 0.011}, {""event"": ""authenticate.success"", ""time"": ""2026-09-28T06:43:33.312Z"", ""elapsedSeconds"": 2.172, ""sessionCount"": 1, ""authTokenPresent"": true}, {""event"": ""connect.start"", ""time"": ""2026-09-28T06:43:33.323Z"", ""elapsedSeconds"": 2.183}, {""event"": ""authenticate.error"", ""time"": ""2026-09-28T06:43:33.569Z"", ""elapsedSeconds"": 2.429, ""message"": ""Failed to communicate with server.""}, {""event"": ""connect.success"", ""time"": ""2026-09-28T06:43:34.739Z"", ""elapsedSeconds"": 3.599}, {""event"": ""display.firstFrame"", ""time"": ""2026-09-28T06:43:38.654Z"", ""elapsedSeconds"": 7.514}], ""finalWebsocketCounters"": {""opened"": 6, ""closed"": 1, ""errors"": 1, ""receivedFrames"": 2648, ""receivedBytes"": 672307}, ""sessionId"": ""01M3KBRKPMCFC2WSMXK3ZTSPF2"", ""source"": ""results/retest-livewait-default/cn-northwest-1-results.jsonl"", ""scope"": ""Display connected, first frame received, incoming stream continued throughout observation"", ""inputCorrection"": ""Original combined check used content coordinates on a full-window stream; input separately passed with browser toolbar offset""}], ""frameAndInputControl"": {""source"": ""results/retest-live-signature/cn-northwest-1-results.jsonl"", ""time"": ""2026-09-28T06:40:17.304715+00:00"", ""evidence"": {""authenticated"": true, ""connected"": true, ""firstFrame"": true, ""errors"": [""Failed to communicate with server.""], ""events"": [{""event"": ""authenticate.start"", ""time"": ""2026-09-28T06:40:05.992Z"", ""elapsedSeconds"": 0.011}, {""event"": ""authenticate.success"", ""time"": ""2026-09-28T06:40:07.964Z"", ""elapsedSeconds"": 1.983, ""sessionCount"": 1, ""authTokenPresent"": true}, {""event"": ""connect.start"", ""time"": ""2026-09-28T06:40:07.976Z"", ""elapsedSeconds"": 1.995}, {""event"": ""authenticate.error"", ""time"": ""2026-09-28T06:40:08.227Z"", ""elapsedSeconds"": 2.246, ""message"": ""Failed to communicate with server.""}, {""event"": ""connect.success"", ""time"": ""2026-09-28T06:40:09.411Z"", ""elapsedSeconds"": 3.43}, {""event"": ""display.firstFrame"", ""time"": ""2026-09-28T06:40:12.940Z"", ""elapsedSeconds"": 6.959}], ""clientErrors"": [{""url"": ""wss://bedrock-agentcore.cn-northwest-1.amazonaws.com.cn/browser-streams/aws.browser.v1/sessions/01M3KBVSD99E87B68QCTNYGM1K/live-view/auth"", ""error"": ""Close received after close""}], ""remoteWindowGeometry"": {""outerWidth"": 1279, ""outerHeight"": 719, ""innerWidth"": 1279, ""innerHeight"": 632, ""screenX"": 0, ""screenY"": 0, ""target"": {""x"": 290, ""y"": 105}}, ""remoteInput"": ""dcv-official-input-ok""}}, ""previousVerdictCorrection"": ""Original harness exited on a post-success authentication-socket error before the display first frame"", ""actualFirstFrameCriterion"": ""Wait for display.firstFrame; record authentication-socket errors without prematurely ending the display observation""}"
browser.live_view.presigned_access,cn-northwest-1,PASS,2026-09-28T05:10:35.491000+00:00,results/cn-northwest-1-results.jsonl,266,"{""dcvAuthenticated"": true}"
browser.managed.start_viewport_timeout,cn-northwest-1,PASS,2026-09-28T04:26:24.262608+00:00,results/cn-northwest-1-results.jsonl,45,"{""ResponseMetadata"": {""RequestId"": ""2cb49584-8c65-454a-9971-758321b6edd1"", ""HTTPStatusCode"": 200, ""HTTPHeaders"": {""date"": ""Mon, 28 Sep 2026 04:26:24 GMT"", ""content-type"": ""application/json"", ""content-length"": ""508"", ""connection"": ""keep-alive"", ""x-amzn-requestid"": ""2cb49584-8c65-454a-9971-758321b6edd1""}, ""RetryAttempts"": 0}, ""browserIdentifier"": ""aws.browser.v1"", ""sessionId"": ""01M3K474FYKF4ZY7CDBQP4A3Z6"", ""createdAt"": ""2026-09-28 04:26:23.095146+00:00"", ""streams"": {""automationStream"": {""streamEndpoint"": ""wss://bedrock-agentcore.cn-northwest-1.amazonaws.com.cn/browser-streams/aws.browser.v1/sessions/01M3K474FYKF4ZY7CDBQP4A3Z6/automation"", ""streamStatus"": ""ENABLED""}, ""liveViewStream"": {""streamEndpoint"": ""https://bedrock-agentcore.cn-northwest-1.amazonaws.com.cn/browser-streams/aws.browser.v1/sessions/01M3K474FYKF4ZY7CDBQP4A3Z6/live-view""}}}"
browser.managed.stop,cn-northwest-1,PASS,2026-09-28T04:27:14.052306+00:00,results/cn-northwest-1-results.jsonl,80,"{""ResponseMetadata"": {""RequestId"": ""6b5f38f3-3280-4d4c-9046-cd719daa4ea5"", ""HTTPStatusCode"": 200, ""HTTPHeaders"": {""date"": ""Mon, 28 Sep 2026 04:27:13 GMT"", ""content-type"": ""application/json"", ""content-length"": ""128"", ""connection"": ""keep-alive"", ""x-amzn-requestid"": ""6b5f38f3-3280-4d4c-9046-cd719daa4ea5""}, ""RetryAttempts"": 0}, ""browserIdentifier"": ""aws.browser.v1"", ""sessionId"": ""01M3K474FYKF4ZY7CDBQP4A3Z6"", ""lastUpdatedAt"": ""2026-09-28 04:27:13.927438+00:00""}"
browser.multiple_tabs,cn-northwest-1,PASS,2026-09-28T04:26:43.744405+00:00,results/cn-northwest-1-results.jsonl,54,"{""tabs"": 2}"
browser.navigation_https_dom,cn-northwest-1,PASS,2026-09-28T04:26:29.250009+00:00,results/cn-northwest-1-results.jsonl,49,"{""status"": 200, ""title"": ""AgentCore China feature test"", ""viewport"": {""width"": 1279, ""height"": 632}}"
browser.observability.cloudtrail,cn-northwest-1,PASS,2026-09-28T05:02:57.690563+00:00,results/cn-northwest-1-results.jsonl,233,"[{""eventId"": ""855162d8-f0c9-4ba7-8d73-30b8d6045ea8"", ""eventName"": ""CreateBrowser"", ""eventTime"": ""2026-09-28 04:51:45+00:00"", ""eventSource"": ""bedrock-agentcore.amazonaws.com"", ""awsRegion"": ""cn-northwest-1""}, {""eventId"": ""9a0bcff5-1ece-4975-aee6-69e669fcf916"", ""eventName"": ""CreateBrowser"", ""eventTime"": ""2026-09-28 04:31:31+00:00"", ""eventSource"": ""bedrock-agentcore.amazonaws.com"", ""awsRegion"": ""cn-northwest-1""}, {""eventId"": ""a69bd5a2-d55b-427b-a365-7f6600b998e6"", ""eventName"": ""CreateBrowser"", ""eventTime"": ""2026-09-28 04:27:17+00:00"", ""eventSource"": ""bedrock-agentcore.amazonaws.com"", ""awsRegion"": ""cn-northwest-1""}]"
browser.observability.log_delivery_received,cn-northwest-1,PASS,2026-09-28T05:03:30.394312+00:00,results/cn-northwest-1-results.jsonl,235,"[{""eventId"": ""39931061162547031577520178889734107520805633333932195840"", ""timestamp"": 1790570709950, ""keys"": [""resource_arn"", ""event_timestamp"", ""resource"", ""attributes"", ""metrics""], ""bytes"": 633}, {""eventId"": ""39931061184847776776050802031269825793453994839912611841"", ""timestamp"": 1790570710950, ""keys"": [""resource_arn"", ""event_timestamp"", ""resource"", ""attributes"", ""metrics""], ""bytes"": 633}, {""eventId"": ""39931061207148521974581425172805544066102356345893027842"", ""timestamp"": 1790570711950, ""keys"": [""resource_arn"", ""event_timestamp"", ""resource"", ""attributes"", ""metrics""], ""bytes"": 633}, {""eventId"": ""39931061229449267173112048314341262338750717851873443843"", ""timestamp"": 1790570712950, ""keys"": [""resource_arn"", ""event_timestamp"", ""resource"", ""attributes"", ""metrics""], ""bytes"": 633}, {""eventId"": ""39931061251750012371642671455876980611399079357853859844"", ""timestamp"": 1790570713950, ""keys"": [""resource_arn"", ""event_timestamp"", ""resource"", ""attributes"", ""metrics""], ""bytes"": 633}, {""eventId"": ""39931061274028456824974763974271163165774792502328295429"", ""timestamp"": 1790570714949, ""keys"": [""resource_arn"", ""event_timestamp"", ""resource"", ""attributes"", ""metrics""], ""bytes"": 633}, {""eventId"": ""39931061296351502768703917738948417156695802369814691846"", ""timestamp"": 1790570715950, ""keys"": [""resource_arn"", ""event_timestamp"", ""resource"", ""attributes"", ""metrics""], ""bytes"": 633}, {""eventId"": ""39931061318652247967234540880484135429344163875795107847"", ""timestamp"": 1790570716950, ""keys"": [""resource_arn"", ""event_timestamp"", ""resource"", ""attributes"", ""metrics""], ""bytes"": 633}, {""eventId"": ""39931061340952993165765164022019853701992525381775523848"", ""timestamp"": 1790570717950, ""keys"": [""resource_arn"", ""event_timestamp"", ""resource"", ""attributes"", ""metrics""], ""bytes"": 633}, {""eventId"": ""39931061363253738364295787163555571974640886887755939849"", ""timestamp"": 1790570718950, ""keys"": [""resource_arn"", ""event_timestamp"", ""resource"", ""attributes"", ""metrics""], ""bytes"": 633}]"
browser.observability.metrics,cn-northwest-1,PASS,2026-09-28T05:02:56.553974+00:00,results/cn-northwest-1-results.jsonl,231,"{""metricCount"": 23, ""samples"": [{""metric"": {""Namespace"": ""AWS/Bedrock-AgentCore"", ""MetricName"": ""Errors"", ""Dimensions"": [{""Name"": ""Resource"", ""Value"": ""ac_cn_0928041532_nx_custom-z577nniGi4""}, {""Name"": ""Operation"", ""Value"": ""StopBrowserSession""}]}, ""datapoints"": [{""Timestamp"": ""2026-09-28 04:43:00+00:00"", ""Average"": 0.0, ""Sum"": 0.0, ""Unit"": ""Count""}]}, {""metric"": {""Namespace"": ""AWS/Bedrock-AgentCore"", ""MetricName"": ""UserErrors"", ""Dimensions"": [{""Name"": ""Resource"", ""Value"": ""ac_cn_0928041532_nx_custom-z577nniGi4""}, {""Name"": ""Operation"", ""Value"": ""StopBrowserSession""}]}, ""datapoints"": [{""Timestamp"": ""2026-09-28 04:43:00+00:00"", ""Average"": 0.0, ""Sum"": 0.0, ""Unit"": ""Count""}]}, {""metric"": {""Namespace"": ""AWS/Bedrock-AgentCore"", ""MetricName"": ""Invocations"", ""Dimensions"": [{""Name"": ""Resource"", ""Value"": ""ac_cn_0928041532_nx_custom-z577nniGi4""}, {""Name"": ""Operation"", ""Value"": ""ConnectBrowserAutomationStream""}]}, ""datapoints"": [{""Timestamp"": ""2026-09-28 04:43:00+00:00"", ""Average"": 1.0, ""Sum"": 1.0, ""Unit"": ""Count""}, {""Timestamp"": ""2026-09-28 04:34:00+00:00"", ""Average"": 1.0, ""Sum"": 1.0, ""Unit"": ""Count""}]}, {""metric"": {""Namespace"": ""AWS/Bedrock-AgentCore"", ""MetricName"": ""Latency"", ""Dimensions"": [{""Name"": ""Resource"", ""Value"": ""ac_cn_0928041532_nx_custom-z577nniGi4""}, {""Name"": ""Operation"", ""Value"": ""StopBrowserSession""}]}, ""datapoints"": [{""Timestamp"": ""2026-09-28 04:43:00+00:00"", ""Average"": 69.0, ""Sum"": 69.0, ""Unit"": ""Milliseconds""}]}, {""metric"": {""Namespace"": ""AWS/Bedrock-AgentCore"", ""MetricName"": ""SystemErrors"", ""Dimensions"": [{""Name"": ""Resource"", ""Value"": ""ac_cn_0928041532_nx_custom-z577nniGi4""}, {""Name"": ""Operation"", ""Value"": ""StartBrowserSession""}]}, ""datapoints"": [{""Timestamp"": ""2026-09-28 04:27:00+00:00"", ""Average"": 0.0, ""Sum"": 0.0, ""Unit"": ""Count""}, {""Timestamp"": ""2026-09-28 04:43:00+00:00"", ""Average"": 0.0, ""Sum"": 0.0, ""Unit"": ""Count""}, {""Timestamp"": ""2026-09-28 04:34:00+00:00"", ""Average"": 0.0, ""Sum"": 0.0, ""Unit"": ""Count""}]}, {""metric"": {""Namespace"": ""AWS/Bedrock-AgentCore"", ""MetricName"": ""Invocations"", ""Dimensions"": [{""Name"": ""Resource"", ""Value"": ""ac_cn_0928041532_nx_custom-z577nniGi4""}, {""Name"": ""Operation"", ""Value"": ""StartBrowserSession""}]}, ""datapoints"": [{""Timestamp"": ""2026-09-28 04:27:00+00:00"", ""Average"": 1.0, ""Sum"": 1.0, ""Unit"": ""Count""}, {""Timestamp"": ""2026-09-28 04:43:00+00:00"", ""Average"": 1.0, ""Sum"": 1.0, ""Unit"": ""Count""}, {""Timestamp"": ""2026-09-28 04:34:00+00:00"", ""Average"": 1.0, ""Sum"": 1.0, ""Unit"": ""Count""}]}, {""metric"": {""Namespace"": ""AWS/Bedrock-AgentCore"", ""MetricName"": ""Errors"", ""Dimensions"": [{""Name"": ""Resource"", ""Value"": ""ac_cn_0928041532_nx_custom-z577nniGi4""}, {""Name"": ""Operation"", ""Value"": ""StartBrowserSession""}]}, ""datapoints"": [{""Timestamp"": ""2026-09-28 04:27:00+00:00"", ""Average"": 1.0, ""Sum"": 1.0, ""Unit"": ""Count""}, {""Timestamp"": ""2026-09-28 04:43:00+00:00"", ""Average"": 0.0, ""Sum"": 0.0, ""Unit"": ""Count""}, {""Timestamp"": ""2026-09-28 04:34:00+00:00"", ""Average"": 0.0, ""Sum"": 0.0, ""Unit"": ""Count""}]}, {""metric"": {""Namespace"": ""AWS/Bedrock-AgentCore"", ""MetricName"": ""Invocations"", ""Dimensions"": [{""Name"": ""Resource"", ""Value"": ""ac_cn_0928041532_nx_custom-z577nniGi4""}, {""Name"": ""Operation"", ""Value"": ""StopBrowserSession""}]}, ""datapoints"": [{""Timestamp"": ""2026-09-28 04:43:00+00:00"", ""Average"": 1.0, ""Sum"": 1.0, ""Unit"": ""Count""}]}, {""metric"": {""Namespace"": ""AWS/Bedrock-AgentCore"", ""MetricName"": ""Errors"", ""Dimensions"": [{""Name"": ""Resource"", ""Value"": ""ac_cn_0928041532_nx_custom-z577nniGi4""}, {""Name"": ""Operation"", ""Value"": ""ConnectBrowserAutomationStream""}]}, ""datapoints"": [{""Timestamp"": ""2026-09-28 04:43:00+00:00"", ""Average"": 0.0, ""Sum"": 0.0, ""Unit"": ""Count""}, {""Timestamp"": ""2026-09-28 04:34:00+00:00"", ""Average"": 0.0, ""Sum"": 0.0, ""Unit"": ""Count""}]}, {""metric"": {""Namespace"": ""AWS/Bedrock-AgentCore"", ""MetricName"": ""Duration"", ""Dimensions"": [{""Name"": ""Resource"", ""Value"": ""ac_cn_0928041532_nx_custom-z577nniGi4""}, {""Name"": ""Operation"", ""Value"": ""StartBrowserSession""}]}, ""datapoints"": [{""Timestamp"": ""2026-09-28 04:34:00+00:00"", ""Average"": 4394.0, ""Sum"": 4394.0, ""Unit"": ""Milliseconds""}, {""Timestamp"": ""2026-09-28 04:43:00+00:00"", ""Average"": 2990.0, ""Sum"": 2990.0, ""Unit"": ""Milliseconds""}, {""Timestamp"": ""2026-09-28 04:27:00+00:00"", ""Average"": 24.0, ""Sum"": 24.0, ""Unit"": ""Milliseconds""}]}]}"
browser.observability.usage_log_configure,cn-northwest-1,PASS,2026-09-28T05:02:39.843698+00:00,results/cn-northwest-1-results.jsonl,226,"{""logGroup"": ""/aws/vendedlogs/bedrock-agentcore/cn-test/ac-cn-0928041532-nx-browser"", ""deliveryId"": ""r53tzh29QeC5CzRH""}"
browser.os.input_effect,cn-northwest-1,PASS,2026-09-28T04:26:50.387059+00:00,results/cn-northwest-1-results.jsonl,64,"""os-input-ok"""
browser.os.keyPress,cn-northwest-1,PASS,2026-09-28T04:26:48.209801+00:00,results/cn-northwest-1-results.jsonl,60,"{""ResponseMetadata"": {""RequestId"": ""4aa2bf51-181d-42bf-91e0-ab275a0e15cc"", ""HTTPStatusCode"": 200, ""HTTPHeaders"": {""date"": ""Mon, 28 Sep 2026 04:26:48 GMT"", ""content-type"": ""application/json"", ""content-length"": ""57"", ""connection"": ""keep-alive"", ""x-amzn-requestid"": ""4aa2bf51-181d-42bf-91e0-ab275a0e15cc"", ""x-amzn-browser-session-id"": ""01M3K474FYKF4ZY7CDBQP4A3Z6""}, ""RetryAttempts"": 0}, ""sessionId"": ""01M3K474FYKF4ZY7CDBQP4A3Z6"", ""result"": {""keyPress"": {""status"": ""SUCCESS""}}}"
browser.os.keyShortcut,cn-northwest-1,PASS,2026-09-28T04:26:47.388337+00:00,results/cn-northwest-1-results.jsonl,58,"{""ResponseMetadata"": {""RequestId"": ""dc0a67f3-5ad9-4c5f-af1a-2cee6f9c34c1"", ""HTTPStatusCode"": 200, ""HTTPHeaders"": {""date"": ""Mon, 28 Sep 2026 04:26:47 GMT"", ""content-type"": ""application/json"", ""content-length"": ""60"", ""connection"": ""keep-alive"", ""x-amzn-requestid"": ""dc0a67f3-5ad9-4c5f-af1a-2cee6f9c34c1"", ""x-amzn-browser-session-id"": ""01M3K474FYKF4ZY7CDBQP4A3Z6""}, ""RetryAttempts"": 0}, ""sessionId"": ""01M3K474FYKF4ZY7CDBQP4A3Z6"", ""result"": {""keyShortcut"": {""status"": ""SUCCESS""}}}"
browser.os.keyType,cn-northwest-1,PASS,2026-09-28T04:26:47.805701+00:00,results/cn-northwest-1-results.jsonl,59,"{""ResponseMetadata"": {""RequestId"": ""53aad042-1a61-4e7b-a205-db276b02a578"", ""HTTPStatusCode"": 200, ""HTTPHeaders"": {""date"": ""Mon, 28 Sep 2026 04:26:47 GMT"", ""content-type"": ""application/json"", ""content-length"": ""56"", ""connection"": ""keep-alive"", ""x-amzn-requestid"": ""53aad042-1a61-4e7b-a205-db276b02a578"", ""x-amzn-browser-session-id"": ""01M3K474FYKF4ZY7CDBQP4A3Z6""}, ""RetryAttempts"": 0}, ""sessionId"": ""01M3K474FYKF4ZY7CDBQP4A3Z6"", ""result"": {""keyType"": {""status"": ""SUCCESS""}}}"
browser.os.mouseClick,cn-northwest-1,PASS,2026-09-28T04:26:45.936150+00:00,results/cn-northwest-1-results.jsonl,57,"{""ResponseMetadata"": {""RequestId"": ""e27acae0-22c3-476d-8cbd-8ca57c4769b8"", ""HTTPStatusCode"": 200, ""HTTPHeaders"": {""date"": ""Mon, 28 Sep 2026 04:26:45 GMT"", ""content-type"": ""application/json"", ""content-length"": ""59"", ""connection"": ""keep-alive"", ""x-amzn-requestid"": ""e27acae0-22c3-476d-8cbd-8ca57c4769b8"", ""x-amzn-browser-session-id"": ""01M3K474FYKF4ZY7CDBQP4A3Z6""}, ""RetryAttempts"": 0}, ""sessionId"": ""01M3K474FYKF4ZY7CDBQP4A3Z6"", ""result"": {""mouseClick"": {""status"": ""SUCCESS""}}}"
browser.os.mouseDrag,cn-northwest-1,PASS,2026-09-28T04:26:48.708347+00:00,results/cn-northwest-1-results.jsonl,61,"{""ResponseMetadata"": {""RequestId"": ""2af5a14d-2851-4871-8360-61741269c394"", ""HTTPStatusCode"": 200, ""HTTPHeaders"": {""date"": ""Mon, 28 Sep 2026 04:26:48 GMT"", ""content-type"": ""application/json"", ""content-length"": ""58"", ""connection"": ""keep-alive"", ""x-amzn-requestid"": ""2af5a14d-2851-4871-8360-61741269c394"", ""x-amzn-browser-session-id"": ""01M3K474FYKF4ZY7CDBQP4A3Z6""}, ""RetryAttempts"": 0}, ""sessionId"": ""01M3K474FYKF4ZY7CDBQP4A3Z6"", ""result"": {""mouseDrag"": {""status"": ""SUCCESS""}}}"
browser.os.mouseMove,cn-northwest-1,PASS,2026-09-28T04:26:45.517617+00:00,results/cn-northwest-1-results.jsonl,56,"{""ResponseMetadata"": {""RequestId"": ""871ecc0b-3d99-4dae-a46d-1093b6935722"", ""HTTPStatusCode"": 200, ""HTTPHeaders"": {""date"": ""Mon, 28 Sep 2026 04:26:45 GMT"", ""content-type"": ""application/json"", ""content-length"": ""58"", ""connection"": ""keep-alive"", ""x-amzn-requestid"": ""871ecc0b-3d99-4dae-a46d-1093b6935722"", ""x-amzn-browser-session-id"": ""01M3K474FYKF4ZY7CDBQP4A3Z6""}, ""RetryAttempts"": 0}, ""sessionId"": ""01M3K474FYKF4ZY7CDBQP4A3Z6"", ""result"": {""mouseMove"": {""status"": ""SUCCESS""}}}"
browser.os.mouseScroll,cn-northwest-1,PASS,2026-09-28T04:26:49.448588+00:00,results/cn-northwest-1-results.jsonl,62,"{""ResponseMetadata"": {""RequestId"": ""99f5a2ab-a05a-4827-bc92-b038923593b7"", ""HTTPStatusCode"": 200, ""HTTPHeaders"": {""date"": ""Mon, 28 Sep 2026 04:26:49 GMT"", ""content-type"": ""application/json"", ""content-length"": ""60"", ""connection"": ""keep-alive"", ""x-amzn-requestid"": ""99f5a2ab-a05a-4827-bc92-b038923593b7"", ""x-amzn-browser-session-id"": ""01M3K474FYKF4ZY7CDBQP4A3Z6""}, ""RetryAttempts"": 0}, ""sessionId"": ""01M3K474FYKF4ZY7CDBQP4A3Z6"", ""result"": {""mouseScroll"": {""status"": ""SUCCESS""}}}"
browser.os.screenshot,cn-northwest-1,PASS,2026-09-28T04:26:50.118468+00:00,results/cn-northwest-1-results.jsonl,63,"{""ResponseMetadata"": {""RequestId"": ""53c252aa-5c22-42a3-81fe-34864e457a5f"", ""HTTPStatusCode"": 200, ""HTTPHeaders"": {""date"": ""Mon, 28 Sep 2026 04:26:49 GMT"", ""content-type"": ""application/json"", ""content-length"": ""34489"", ""connection"": ""keep-alive"", ""x-amzn-requestid"": ""53c252aa-5c22-42a3-81fe-34864e457a5f"", ""x-amzn-browser-session-id"": ""01M3K474FYKF4ZY7CDBQP4A3Z6""}, ""RetryAttempts"": 0}, ""sessionId"": ""01M3K474FYKF4ZY7CDBQP4A3Z6"", ""result"": {""screenshot"": {""status"": ""SUCCESS"", ""data"": {""bytes"": 25813, ""path"": ""/home/ec2-user/agentcore/cn/results/cn-northwest-1-browser-os.png""}}}}"
browser.pagination,cn-northwest-1,PASS,2026-09-28T05:05:55.398966+00:00,results/cn-northwest-1-results.jsonl,257,"{""uniqueBrowsers"": 3}"
browser.private_link,cn-northwest-1,NOT_AVAILABLE,2026-09-28T06:14:01.489296+00:00,results/retest/cn-northwest-1-results.jsonl,123,"{""allPagesScanned"": true, ""advertisedServices"": [], ""scope"": ""This account and region""}"
browser.profile.cookies_local_storage_restored,cn-northwest-1,PASS,2026-09-28T04:27:02.129951+00:00,results/cn-northwest-1-results.jsonl,71,"{""cookieRestored"": true, ""localStorageRestored"": true}"
browser.profile.create,cn-northwest-1,PASS,2026-09-28T04:26:52.185639+00:00,results/cn-northwest-1-results.jsonl,66,"{""ResponseMetadata"": {""RequestId"": ""9436d8b4-ebf2-49d0-91e9-1603d8f41890"", ""HTTPStatusCode"": 200, ""HTTPHeaders"": {""date"": ""Mon, 28 Sep 2026 04:26:52 GMT"", ""content-type"": ""application/json"", ""content-length"": ""243"", ""connection"": ""keep-alive"", ""x-amzn-requestid"": ""9436d8b4-ebf2-49d0-91e9-1603d8f41890"", ""x-amz-apigw-id"": ""EZHl3GdHZPgEfcQ="", ""x-amzn-trace-id"": ""Root=1-6ab9ec8b-6d11e7635f0e442d0577d6bb""}, ""RetryAttempts"": 0}, ""profileId"": ""ac_cn_0928041532_nx_profile-AyqeexjGH8"", ""profileArn"": ""arn:aws-cn:bedrock-agentcore:cn-northwest-1:209915754514:browser-profile/ac_cn_0928041532_nx_profile-AyqeexjGH8"", ""createdAt"": ""2026-09-28 04:26:51.981496+00:00"", ""status"": ""READY""}"
browser.profile.get,cn-northwest-1,PASS,2026-09-28T04:26:52.532599+00:00,results/cn-northwest-1-results.jsonl,67,"{""ResponseMetadata"": {""RequestId"": ""56295d69-da64-4ae8-9a28-7591a406d493"", ""HTTPStatusCode"": 200, ""HTTPHeaders"": {""date"": ""Mon, 28 Sep 2026 04:26:52 GMT"", ""content-type"": ""application/json"", ""content-length"": ""371"", ""connection"": ""keep-alive"", ""x-amzn-requestid"": ""56295d69-da64-4ae8-9a28-7591a406d493"", ""x-amz-apigw-id"": ""EZHmAFMO5PgEqLg="", ""x-amzn-trace-id"": ""Root=1-6ab9ec8c-2a5baa683cfee3e83b9a29ad""}, ""RetryAttempts"": 0}, ""profileId"": ""ac_cn_0928041532_nx_profile-AyqeexjGH8"", ""profileArn"": ""arn:aws-cn:bedrock-agentcore:cn-northwest-1:209915754514:browser-profile/ac_cn_0928041532_nx_profile-AyqeexjGH8"", ""name"": ""ac_cn_0928041532_nx_profile"", ""description"": ""Synthetic browser profile"", ""status"": ""READY"", ""createdAt"": ""2026-09-28 04:26:51.981496+00:00"", ""lastUpdatedAt"": ""2026-09-28 04:26:51.981496+00:00""}"
browser.profile.list,cn-northwest-1,PASS,2026-09-28T04:26:52.866601+00:00,results/cn-northwest-1-results.jsonl,68,"{""ResponseMetadata"": {""RequestId"": ""46e05f0f-de2c-486b-9e98-0e50036e0680"", ""HTTPStatusCode"": 200, ""HTTPHeaders"": {""date"": ""Mon, 28 Sep 2026 04:26:52 GMT"", ""content-type"": ""application/json"", ""content-length"": ""394"", ""connection"": ""keep-alive"", ""x-amzn-requestid"": ""46e05f0f-de2c-486b-9e98-0e50036e0680"", ""x-amz-apigw-id"": ""EZHmDGSc5PgENxQ="", ""x-amzn-trace-id"": ""Root=1-6ab9ec8c-601d6f6b59b06077230fb12a""}, ""RetryAttempts"": 0}, ""profileSummaries"": [{""profileId"": ""ac_cn_0928041532_nx_profile-AyqeexjGH8"", ""profileArn"": ""arn:aws-cn:bedrock-agentcore:cn-northwest-1:209915754514:browser-profile/ac_cn_0928041532_nx_profile-AyqeexjGH8"", ""name"": ""ac_cn_0928041532_nx_profile"", ""description"": ""Synthetic browser profile"", ""status"": ""READY"", ""createdAt"": ""2026-09-28 04:26:51.981496+00:00"", ""lastUpdatedAt"": ""2026-09-28 04:26:51.981496+00:00""}]}"
browser.profile.restore_start,cn-northwest-1,PASS,2026-09-28T04:26:57.350559+00:00,results/cn-northwest-1-results.jsonl,70,"{""ResponseMetadata"": {""RequestId"": ""500161c8-436c-492b-ab0d-00cd78d72ea3"", ""HTTPStatusCode"": 200, ""HTTPHeaders"": {""date"": ""Mon, 28 Sep 2026 04:26:57 GMT"", ""content-type"": ""application/json"", ""content-length"": ""508"", ""connection"": ""keep-alive"", ""x-amzn-requestid"": ""500161c8-436c-492b-ab0d-00cd78d72ea3""}, ""RetryAttempts"": 0}, ""browserIdentifier"": ""aws.browser.v1"", ""sessionId"": ""01M3K4824B1NCEXBJZZDEGM4CG"", ""createdAt"": ""2026-09-28 04:26:53.441235+00:00"", ""streams"": {""automationStream"": {""streamEndpoint"": ""wss://bedrock-agentcore.cn-northwest-1.amazonaws.com.cn/browser-streams/aws.browser.v1/sessions/01M3K4824B1NCEXBJZZDEGM4CG/automation"", ""streamStatus"": ""ENABLED""}, ""liveViewStream"": {""streamEndpoint"": ""https://bedrock-agentcore.cn-northwest-1.amazonaws.com.cn/browser-streams/aws.browser.v1/sessions/01M3K4824B1NCEXBJZZDEGM4CG/live-view""}}}"
browser.profile.save,cn-northwest-1,PASS,2026-09-28T04:26:53.291629+00:00,results/cn-northwest-1-results.jsonl,69,"{""ResponseMetadata"": {""RequestId"": ""79bb9cdd-5635-4c57-b436-049a12fc64a8"", ""HTTPStatusCode"": 200, ""HTTPHeaders"": {""date"": ""Mon, 28 Sep 2026 04:26:53 GMT"", ""content-type"": ""application/json"", ""content-length"": ""140"", ""connection"": ""keep-alive"", ""x-amzn-requestid"": ""79bb9cdd-5635-4c57-b436-049a12fc64a8""}, ""RetryAttempts"": 0}, ""profileIdentifier"": ""ac_cn_0928041532_nx_profile-AyqeexjGH8"", ""browserIdentifier"": ""aws.browser.v1"", ""sessionId"": ""01M3K474FYKF4ZY7CDBQP4A3Z6""}"
browser.profile.session_stop,cn-northwest-1,PASS,2026-09-28T04:27:02.468366+00:00,results/cn-northwest-1-results.jsonl,72,"{""ResponseMetadata"": {""RequestId"": ""f67751fb-f87e-4f5f-9e28-16571913081e"", ""HTTPStatusCode"": 200, ""HTTPHeaders"": {""date"": ""Mon, 28 Sep 2026 04:27:02 GMT"", ""content-type"": ""application/json"", ""content-length"": ""128"", ""connection"": ""keep-alive"", ""x-amzn-requestid"": ""f67751fb-f87e-4f5f-9e28-16571913081e""}, ""RetryAttempts"": 0}, ""browserIdentifier"": ""aws.browser.v1"", ""sessionId"": ""01M3K4824B1NCEXBJZZDEGM4CG"", ""lastUpdatedAt"": ""2026-09-28 04:27:02.338074+00:00""}"
browser.profile.tags,cn-northwest-1,PASS,2026-09-28T05:05:59.840839+00:00,results/cn-northwest-1-results.jsonl,259,"{""tagAddListRemoveVerified"": true}"
browser.proxy.authenticated_routing,cn-northwest-1,PASS,2026-09-28T06:16:27.995530+00:00,results/retest/cn-northwest-1-results.jsonl,133,"{""supportedConfiguration"": {""httpPort"": 80, ""httpsPort"": 443, ""domainPatterns"": ""Explicit target domains when DNS is only known to the upstream proxy"", ""bypass"": ""Tested in a separate session to avoid matching the routed endpoint's reverse DNS""}, ""verifiedChecks"": [{""feature"": ""browser.proxy.standard.default-auth.http"", ""time"": ""2026-09-28T06:12:02.914645+00:00""}, {""feature"": ""browser.proxy.standard.default-auth.https"", ""time"": ""2026-09-28T06:12:04.556255+00:00""}, {""feature"": ""browser.proxy.standard.explicit-auth.https"", ""time"": ""2026-09-28T06:12:20.928989+00:00""}], ""limits"": ""8000/8443 rejected by the built-in proxy in this test; upstream-only DNS without domainPatterns returned 503"", ""previousFailuresRetained"": true}"
browser.proxy.bypass,cn-northwest-1,PASS,2026-09-28T06:16:27.995628+00:00,results/retest/cn-northwest-1-results.jsonl,134,"{""supportedConfiguration"": {""httpPort"": 80, ""httpsPort"": 443, ""domainPatterns"": ""Explicit target domains when DNS is only known to the upstream proxy"", ""bypass"": ""Tested in a separate session to avoid matching the routed endpoint's reverse DNS""}, ""verifiedChecks"": [{""feature"": ""browser.proxy.standard.bypass"", ""time"": ""2026-09-28T06:13:09.533265+00:00""}], ""limits"": ""8000/8443 rejected by the built-in proxy in this test; upstream-only DNS without domainPatterns returned 503"", ""previousFailuresRetained"": true}"
browser.proxy.fixture_baseline,cn-northwest-1,PASS,2026-09-28T05:05:21.833571+00:00,results/cn-northwest-1-results.jsonl,247,"{""proxyFixtureAcceptsCorrectCredentials"": true}"
browser.proxy.http_routing,cn-northwest-1,PASS,2026-09-28T06:16:27.995720+00:00,results/retest/cn-northwest-1-results.jsonl,135,"{""supportedConfiguration"": {""httpPort"": 80, ""httpsPort"": 443, ""domainPatterns"": ""Explicit target domains when DNS is only known to the upstream proxy"", ""bypass"": ""Tested in a separate session to avoid matching the routed endpoint's reverse DNS""}, ""verifiedChecks"": [{""feature"": ""browser.proxy.standard.explicit-auth.synthetic_dns"", ""time"": ""2026-09-28T06:12:22.188384+00:00""}, {""feature"": ""browser.proxy.standard.explicit-no-auth.synthetic_dns"", ""time"": ""2026-09-28T06:12:56.694946+00:00""}], ""limits"": ""8000/8443 rejected by the built-in proxy in this test; upstream-only DNS without domainPatterns returned 503"", ""previousFailuresRetained"": true}"
browser.proxy.start_basic_auth_bypass,cn-northwest-1,PASS,2026-09-28T04:40:06.641608+00:00,results/cn-northwest-1-results.jsonl,165,"{""ResponseMetadata"": {""RequestId"": ""9a03080f-8e15-44bb-b8da-12a28907d7f6"", ""HTTPStatusCode"": 200, ""HTTPHeaders"": {""date"": ""Mon, 28 Sep 2026 04:40:06 GMT"", ""content-type"": ""application/json"", ""content-length"": ""568"", ""connection"": ""keep-alive"", ""x-amzn-requestid"": ""9a03080f-8e15-44bb-b8da-12a28907d7f6""}, ""RetryAttempts"": 0}, ""browserIdentifier"": ""ac_cn_0928041532_nx_vpc-7kG1S9qRCX"", ""sessionId"": ""01M3K5032BAV9KJ0W27ES21XV1"", ""createdAt"": ""2026-09-28 04:40:00.829118+00:00"", ""streams"": {""automationStream"": {""streamEndpoint"": ""wss://bedrock-agentcore.cn-northwest-1.amazonaws.com.cn/browser-streams/ac_cn_0928041532_nx_vpc-7kG1S9qRCX/sessions/01M3K5032BAV9KJ0W27ES21XV1/automation"", ""streamStatus"": ""ENABLED""}, ""liveViewStream"": {""streamEndpoint"": ""https://bedrock-agentcore.cn-northwest-1.amazonaws.com.cn/browser-streams/ac_cn_0928041532_nx_vpc-7kG1S9qRCX/sessions/01M3K5032BAV9KJ0W27ES21XV1/live-view""}}}"
browser.proxy.stop,cn-northwest-1,PASS,2026-09-28T04:40:13.323990+00:00,results/cn-northwest-1-results.jsonl,168,"{""ResponseMetadata"": {""RequestId"": ""0631527b-ce59-453d-b0c1-1043d304ddff"", ""HTTPStatusCode"": 200, ""HTTPHeaders"": {""date"": ""Mon, 28 Sep 2026 04:40:13 GMT"", ""content-type"": ""application/json"", ""content-length"": ""148"", ""connection"": ""keep-alive"", ""x-amzn-requestid"": ""0631527b-ce59-453d-b0c1-1043d304ddff""}, ""RetryAttempts"": 0}, ""browserIdentifier"": ""ac_cn_0928041532_nx_vpc-7kG1S9qRCX"", ""sessionId"": ""01M3K5032BAV9KJ0W27ES21XV1"", ""lastUpdatedAt"": ""2026-09-28 04:40:13.191435+00:00""}"
browser.recording.replay,cn-northwest-1,PASS,2026-09-28T05:14:55.313715+00:00,results/cn-northwest-1-results.jsonl,276,"{""artifact"": ""/home/ec2-user/agentcore/cn/results/cn-northwest-1-replay.html"", ""eventCount"": 467, ""replayedTestPage"": true}"
browser.recording.s3_delivery,cn-northwest-1,PASS,2026-09-28T05:14:52.280471+00:00,results/cn-northwest-1-results.jsonl,275,"{""recordedSession"": ""01M3K56SN2B29Z02915D3ZYM9K"", ""batchCount"": 2, ""eventCount"": 467, ""snapshotCount"": 1}"
browser.session.get,cn-northwest-1,PASS,2026-09-28T04:26:24.539311+00:00,results/cn-northwest-1-results.jsonl,46,"{""ResponseMetadata"": {""RequestId"": ""ce946f8b-f410-46c1-89b1-039e3f8ee740"", ""HTTPStatusCode"": 200, ""HTTPHeaders"": {""date"": ""Mon, 28 Sep 2026 04:26:24 GMT"", ""content-type"": ""application/json"", ""content-length"": ""849"", ""connection"": ""keep-alive"", ""x-amzn-requestid"": ""ce946f8b-f410-46c1-89b1-039e3f8ee740""}, ""RetryAttempts"": 0}, ""browserIdentifier"": ""aws.browser.v1"", ""sessionId"": ""01M3K474FYKF4ZY7CDBQP4A3Z6"", ""name"": ""ac_cn_0928041532_nx"", ""createdAt"": ""2026-09-28 04:26:23.095146+00:00"", ""viewPort"": {""width"": 1280, ""height"": 720}, ""sessionTimeoutSeconds"": 900, ""status"": ""READY"", ""streams"": {""automationStream"": {""streamEndpoint"": ""wss://bedrock-agentcore.cn-northwest-1.amazonaws.com.cn/browser-streams/aws.browser.v1/sessions/01M3K474FYKF4ZY7CDBQP4A3Z6/automation"", ""streamStatus"": ""ENABLED""}, ""liveViewStream"": {""streamEndpoint"": ""https://bedrock-agentcore.cn-northwest-1.amazonaws.com.cn/browser-streams/aws.browser.v1/sessions/01M3K474FYKF4ZY7CDBQP4A3Z6/live-view""}}, ""lastUpdatedAt"": ""2026-09-28 04:26:23.095146+00:00""}"
browser.session.idempotency,cn-northwest-1,PASS,2026-09-28T05:05:58.209793+00:00,results/cn-northwest-1-results.jsonl,258,"{""sameSessionId"": ""01M3K6FJ4G3PS37RV4X2DZPG0N""}"
browser.session.list,cn-northwest-1,PASS,2026-09-28T04:26:24.819322+00:00,results/cn-northwest-1-results.jsonl,47,"{""ResponseMetadata"": {""RequestId"": ""eebea15f-0ce5-477e-824a-5f62a61fac83"", ""HTTPStatusCode"": 200, ""HTTPHeaders"": {""date"": ""Mon, 28 Sep 2026 04:26:24 GMT"", ""content-type"": ""application/json"", ""content-length"": ""774"", ""connection"": ""keep-alive"", ""x-amzn-requestid"": ""eebea15f-0ce5-477e-824a-5f62a61fac83""}, ""RetryAttempts"": 0}, ""items"": [{""browserIdentifier"": ""aws.browser.v1"", ""sessionId"": ""01M3K474FYKF4ZY7CDBQP4A3Z6"", ""name"": ""ac_cn_0928041532_nx"", ""status"": ""READY"", ""createdAt"": ""2026-09-28 04:26:23.095146+00:00"", ""lastUpdatedAt"": ""2026-09-28 04:26:23.095146+00:00""}], ""nextToken"": ""{\""AccountIdProfileArn\"":{\""s\"":\""209915754514#arn:aws-cn:bedrock-agentcore:cn-northwest-1:aws:browser/aws.browser.v1\"",\""ss\"":[],\""ns\"":[],\""bs\"":[],\""m\"":{},\""l\"":[],\""type\"":\""S\""},\""AccountId\"":{\""s\"":\""209915754514\"",\""ss\"":[],\""ns\"":[],\""bs\"":[],\""m\"":{},\""l\"":[],\""type\"":\""S\""},\""TerminationTime\"":{\""s\"":\""2026-09-28T04:41:23.095146460Z\"",\""ss\"":[],\""ns\"":[],\""bs\"":[],\""m\"":{},\""l\"":[],\""type\"":\""S\""},\""SessionId\"":{\""s\"":\""01M3K474FYKF4ZY7CDBQP4A3Z6\"",\""ss\"":[],\""ns\"":[],\""bs\"":[],\""m\"":{},\""l\"":[],\""type\"":\""S\""}}""}"
browser.session.stopped_status,cn-northwest-1,PASS,2026-09-28T04:27:14.303989+00:00,results/cn-northwest-1-results.jsonl,81,"{""ResponseMetadata"": {""RequestId"": ""49835a20-29f3-414b-80a7-ce21b8ee3825"", ""HTTPStatusCode"": 200, ""HTTPHeaders"": {""date"": ""Mon, 28 Sep 2026 04:27:14 GMT"", ""content-type"": ""application/json"", ""content-length"": ""854"", ""connection"": ""keep-alive"", ""x-amzn-requestid"": ""49835a20-29f3-414b-80a7-ce21b8ee3825""}, ""RetryAttempts"": 0}, ""browserIdentifier"": ""aws.browser.v1"", ""sessionId"": ""01M3K474FYKF4ZY7CDBQP4A3Z6"", ""name"": ""ac_cn_0928041532_nx"", ""createdAt"": ""2026-09-28 04:26:23.095146+00:00"", ""viewPort"": {""width"": 1280, ""height"": 720}, ""sessionTimeoutSeconds"": 900, ""status"": ""TERMINATED"", ""streams"": {""automationStream"": {""streamEndpoint"": ""wss://bedrock-agentcore.cn-northwest-1.amazonaws.com.cn/browser-streams/aws.browser.v1/sessions/01M3K474FYKF4ZY7CDBQP4A3Z6/automation"", ""streamStatus"": ""ENABLED""}, ""liveViewStream"": {""streamEndpoint"": ""https://bedrock-agentcore.cn-northwest-1.amazonaws.com.cn/browser-streams/aws.browser.v1/sessions/01M3K474FYKF4ZY7CDBQP4A3Z6/live-view""}}, ""lastUpdatedAt"": ""2026-09-28 04:27:13.906467+00:00""}"
browser.stream.disable,cn-northwest-1,PASS,2026-09-28T04:27:09.483825+00:00,results/cn-northwest-1-results.jsonl,76,"{""ResponseMetadata"": {""RequestId"": ""0c18fb07-e8cc-4cd6-870b-6f5674cd4fa7"", ""HTTPStatusCode"": 200, ""HTTPHeaders"": {""date"": ""Mon, 28 Sep 2026 04:27:09 GMT"", ""content-type"": ""application/json"", ""content-length"": ""509"", ""connection"": ""keep-alive"", ""x-amzn-requestid"": ""0c18fb07-e8cc-4cd6-870b-6f5674cd4fa7""}, ""RetryAttempts"": 0}, ""browserIdentifier"": ""aws.browser.v1"", ""sessionId"": ""01M3K474FYKF4ZY7CDBQP4A3Z6"", ""streams"": {""automationStream"": {""streamEndpoint"": ""wss://bedrock-agentcore.cn-northwest-1.amazonaws.com.cn/browser-streams/aws.browser.v1/sessions/01M3K474FYKF4ZY7CDBQP4A3Z6/automation"", ""streamStatus"": ""DISABLED""}, ""liveViewStream"": {""streamEndpoint"": ""https://bedrock-agentcore.cn-northwest-1.amazonaws.com.cn/browser-streams/aws.browser.v1/sessions/01M3K474FYKF4ZY7CDBQP4A3Z6/live-view""}}, ""updatedAt"": ""2026-09-28 04:26:23.095146+00:00""}"
browser.stream.disabled_enforced,cn-northwest-1,PASS,2026-09-28T04:27:10.543165+00:00,results/cn-northwest-1-results.jsonl,77,"{""rejected"": true, ""error"": ""BrowserType.connect_over_cdp: WebSocket error: wss://bedrock-agentcore.cn-northwest-1.amazonaws.com.cn/browser-streams/aws.browser.v1/sessions/01M3K474FYKF4ZY7CDBQP4A3Z6/automation 403 Forbidden\nStream is disabled for this session\nCall log:\n  - <ws connecting> wss://bedrock-agentcore.cn-northwest-1.amazonaws.com.cn/browser-streams/aws.browser.v1/sessions/01M3K474FYKF4ZY7CDBQP4A3Z6/automation\n  - <ws unexpected response> wss://bedrock-agentcore.cn-northwest-1.amazonaws.com.cn/browser-streams/aws.""}"
browser.stream.enable,cn-northwest-1,PASS,2026-09-28T04:27:10.835229+00:00,results/cn-northwest-1-results.jsonl,78,"{""ResponseMetadata"": {""RequestId"": ""e752f142-24d4-4171-97b4-43dbf8a24df5"", ""HTTPStatusCode"": 200, ""HTTPHeaders"": {""date"": ""Mon, 28 Sep 2026 04:27:10 GMT"", ""content-type"": ""application/json"", ""content-length"": ""508"", ""connection"": ""keep-alive"", ""x-amzn-requestid"": ""e752f142-24d4-4171-97b4-43dbf8a24df5""}, ""RetryAttempts"": 0}, ""browserIdentifier"": ""aws.browser.v1"", ""sessionId"": ""01M3K474FYKF4ZY7CDBQP4A3Z6"", ""streams"": {""automationStream"": {""streamEndpoint"": ""wss://bedrock-agentcore.cn-northwest-1.amazonaws.com.cn/browser-streams/aws.browser.v1/sessions/01M3K474FYKF4ZY7CDBQP4A3Z6/automation"", ""streamStatus"": ""ENABLED""}, ""liveViewStream"": {""streamEndpoint"": ""https://bedrock-agentcore.cn-northwest-1.amazonaws.com.cn/browser-streams/aws.browser.v1/sessions/01M3K474FYKF4ZY7CDBQP4A3Z6/live-view""}}, ""updatedAt"": ""2026-09-28 04:26:23.095146+00:00""}"
browser.stream.reenabled_connect,cn-northwest-1,PASS,2026-09-28T04:27:13.730908+00:00,results/cn-northwest-1-results.jsonl,79,"""CDP reconnected"""
browser.tags.add,cn-northwest-1,PASS,2026-09-28T04:43:38.750978+00:00,results/cn-northwest-1-results.jsonl,173,"{""ResponseMetadata"": {""RequestId"": ""6e2361dd-c48d-4e62-8bb4-57139761a574"", ""HTTPStatusCode"": 204, ""HTTPHeaders"": {""date"": ""Mon, 28 Sep 2026 04:43:38 GMT"", ""content-type"": ""application/json"", ""content-length"": ""0"", ""connection"": ""keep-alive"", ""x-amzn-requestid"": ""6e2361dd-c48d-4e62-8bb4-57139761a574"", ""access-control-allow-origin"": ""*"", ""x-amz-apigw-id"": ""EZKDOEI_ZPgEp6w="", ""access-control-expose-headers"": ""x-amzn-ErrorType, x-amzn-RequestId, x-amzn-ErrorMessage, x-amzn-Trace-Id, x-amz-apigw-id, Date"", ""x-amzn-trace-id"": ""Root=1-6ab9f07a-6141acda7747dcce52fe87a0""}, ""RetryAttempts"": 0}}"
browser.tags.list,cn-northwest-1,PASS,2026-09-28T04:43:39.060856+00:00,results/cn-northwest-1-results.jsonl,174,"{""ResponseMetadata"": {""RequestId"": ""5aa8e4ac-71da-4265-93c3-f6eaf2443393"", ""HTTPStatusCode"": 200, ""HTTPHeaders"": {""date"": ""Mon, 28 Sep 2026 04:43:38 GMT"", ""content-type"": ""application/json"", ""content-length"": ""62"", ""connection"": ""keep-alive"", ""x-amzn-requestid"": ""5aa8e4ac-71da-4265-93c3-f6eaf2443393"", ""access-control-allow-origin"": ""*"", ""x-amz-apigw-id"": ""EZKDRG8NZPgEYSw="", ""access-control-expose-headers"": ""x-amzn-ErrorType, x-amzn-RequestId, x-amzn-ErrorMessage, x-amzn-Trace-Id, x-amz-apigw-id, Date"", ""x-amzn-trace-id"": ""Root=1-6ab9f07a-33fd385472d78a725a880dc9""}, ""RetryAttempts"": 0}, ""tags"": {""Feature"": ""browser"", ""Purpose"": ""ac-cn-0928041532-nx""}}"
browser.tags.remove,cn-northwest-1,PASS,2026-09-28T04:43:39.383064+00:00,results/cn-northwest-1-results.jsonl,175,"{""ResponseMetadata"": {""RequestId"": ""502dcabb-ec93-4e40-9712-e60f037994f3"", ""HTTPStatusCode"": 204, ""HTTPHeaders"": {""date"": ""Mon, 28 Sep 2026 04:43:39 GMT"", ""content-type"": ""application/json"", ""content-length"": ""0"", ""connection"": ""keep-alive"", ""x-amzn-requestid"": ""502dcabb-ec93-4e40-9712-e60f037994f3"", ""access-control-allow-origin"": ""*"", ""x-amz-apigw-id"": ""EZKDUG4J5PgEGjQ="", ""access-control-expose-headers"": ""x-amzn-ErrorType, x-amzn-RequestId, x-amzn-ErrorMessage, x-amzn-Trace-Id, x-amz-apigw-id, Date"", ""x-amzn-trace-id"": ""Root=1-6ab9f07b-43a1b25413d96022372dfae2""}, ""RetryAttempts"": 0}}"
browser.ttl.auto_termination,cn-northwest-1,PASS,2026-09-28T05:03:30.667539+00:00,results/cn-northwest-1-results.jsonl,236,"{""ResponseMetadata"": {""RequestId"": ""4461cd4b-991a-4fa3-a2b6-899778442a95"", ""HTTPStatusCode"": 200, ""HTTPHeaders"": {""date"": ""Mon, 28 Sep 2026 05:03:30 GMT"", ""content-type"": ""application/json"", ""content-length"": ""842"", ""connection"": ""keep-alive"", ""x-amzn-requestid"": ""4461cd4b-991a-4fa3-a2b6-899778442a95""}, ""RetryAttempts"": 0}, ""browserIdentifier"": ""aws.browser.v1"", ""sessionId"": ""01M3K5804PWHVA732ZJ5X3EC7Z"", ""name"": ""ttl_test"", ""createdAt"": ""2026-09-28 04:44:19.982694+00:00"", ""viewPort"": {""width"": 1456, ""height"": 819}, ""sessionTimeoutSeconds"": 60, ""status"": ""TERMINATED"", ""streams"": {""automationStream"": {""streamEndpoint"": ""wss://bedrock-agentcore.cn-northwest-1.amazonaws.com.cn/browser-streams/aws.browser.v1/sessions/01M3K5804PWHVA732ZJ5X3EC7Z/automation"", ""streamStatus"": ""ENABLED""}, ""liveViewStream"": {""streamEndpoint"": ""https://bedrock-agentcore.cn-northwest-1.amazonaws.com.cn/browser-streams/aws.browser.v1/sessions/01M3K5804PWHVA732ZJ5X3EC7Z/live-view""}}, ""lastUpdatedAt"": ""2026-09-28 04:44:19.982694+00:00""}"
browser.ttl.short_session,cn-northwest-1,PASS,2026-09-28T04:44:21.086786+00:00,results/cn-northwest-1-results.jsonl,186,"{""sessionId"": ""01M3K5804PWHVA732ZJ5X3EC7Z"", ""timeoutSeconds"": 60}"
browser.vpc.create,cn-northwest-1,PASS,2026-09-28T04:31:31.731352+00:00,results/cn-northwest-1-results.jsonl,121,"{""ResponseMetadata"": {""RequestId"": ""03771e1e-71b5-4232-b222-8d685860e64c"", ""HTTPStatusCode"": 202, ""HTTPHeaders"": {""date"": ""Mon, 28 Sep 2026 04:31:31 GMT"", ""content-type"": ""application/json"", ""content-length"": ""237"", ""connection"": ""keep-alive"", ""x-amzn-requestid"": ""03771e1e-71b5-4232-b222-8d685860e64c"", ""x-amz-apigw-id"": ""EZIRjGvg5PgEhPg="", ""x-amzn-trace-id"": ""Root=1-6ab9eda3-4e8e35a509fef17f27e6bb36""}, ""RetryAttempts"": 0}, ""browserId"": ""ac_cn_0928041532_nx_vpc-7kG1S9qRCX"", ""browserArn"": ""arn:aws-cn:bedrock-agentcore:cn-northwest-1:209915754514:browser-custom/ac_cn_0928041532_nx_vpc-7kG1S9qRCX"", ""createdAt"": ""2026-09-28 04:31:31.568735+00:00"", ""status"": ""CREATING""}"
browser.vpc.private_http,cn-northwest-1,PASS,2026-09-28T04:39:48.155887+00:00,results/cn-northwest-1-results.jsonl,159,"{""privateHttpStatus"": 200, ""title"": ""Private China test""}"
browser.vpc.ready,cn-northwest-1,PASS,2026-09-28T04:39:40.193727+00:00,results/cn-northwest-1-results.jsonl,157,"{""ResponseMetadata"": {""RequestId"": ""b745eb32-3094-4d60-a57d-b8d6c87622da"", ""HTTPStatusCode"": 200, ""HTTPHeaders"": {""date"": ""Mon, 28 Sep 2026 04:39:40 GMT"", ""content-type"": ""application/json"", ""content-length"": ""541"", ""connection"": ""keep-alive"", ""x-amzn-requestid"": ""b745eb32-3094-4d60-a57d-b8d6c87622da"", ""x-amz-apigw-id"": ""EZJd9E3kZPgEi8g="", ""x-amzn-trace-id"": ""Root=1-6ab9ef8c-1ae9d0983a1f08537989f495""}, ""RetryAttempts"": 0}, ""browserId"": ""ac_cn_0928041532_nx_vpc-7kG1S9qRCX"", ""browserArn"": ""arn:aws-cn:bedrock-agentcore:cn-northwest-1:209915754514:browser-custom/ac_cn_0928041532_nx_vpc-7kG1S9qRCX"", ""name"": ""ac_cn_0928041532_nx_vpc"", ""executionRoleArn"": ""arn:aws-cn:iam::209915754514:role/ac-cn-0928041532-nx-agentcore"", ""networkConfiguration"": {""networkMode"": ""VPC"", ""vpcConfig"": {""securityGroups"": [""sg-074039951f97aedee""], ""subnets"": [""subnet-0b88ea7106213711d""]}}, ""status"": ""READY"", ""createdAt"": ""2026-09-28 04:31:31.568735+00:00"", ""lastUpdatedAt"": ""2026-09-28 04:36:07.302788+00:00""}"
browser.vpc.start,cn-northwest-1,PASS,2026-09-28T04:39:42.635733+00:00,results/cn-northwest-1-results.jsonl,158,"{""ResponseMetadata"": {""RequestId"": ""70d183d0-f9c6-49a3-a4c7-47f1ae700a5e"", ""HTTPStatusCode"": 200, ""HTTPHeaders"": {""date"": ""Mon, 28 Sep 2026 04:39:42 GMT"", ""content-type"": ""application/json"", ""content-length"": ""568"", ""connection"": ""keep-alive"", ""x-amzn-requestid"": ""70d183d0-f9c6-49a3-a4c7-47f1ae700a5e""}, ""RetryAttempts"": 0}, ""browserIdentifier"": ""ac_cn_0928041532_nx_vpc-7kG1S9qRCX"", ""sessionId"": ""01M3K4ZFSGHQ3MHDH9TW4DQDRF"", ""createdAt"": ""2026-09-28 04:39:41.096010+00:00"", ""streams"": {""automationStream"": {""streamEndpoint"": ""wss://bedrock-agentcore.cn-northwest-1.amazonaws.com.cn/browser-streams/ac_cn_0928041532_nx_vpc-7kG1S9qRCX/sessions/01M3K4ZFSGHQ3MHDH9TW4DQDRF/automation"", ""streamStatus"": ""ENABLED""}, ""liveViewStream"": {""streamEndpoint"": ""https://bedrock-agentcore.cn-northwest-1.amazonaws.com.cn/browser-streams/ac_cn_0928041532_nx_vpc-7kG1S9qRCX/sessions/01M3K4ZFSGHQ3MHDH9TW4DQDRF/live-view""}}}"
browser.vpc.stop,cn-northwest-1,PASS,2026-09-28T04:39:49.396152+00:00,results/cn-northwest-1-results.jsonl,161,"{""ResponseMetadata"": {""RequestId"": ""ef08717b-5be5-47eb-b37d-66215b82f1e5"", ""HTTPStatusCode"": 200, ""HTTPHeaders"": {""date"": ""Mon, 28 Sep 2026 04:39:49 GMT"", ""content-type"": ""application/json"", ""content-length"": ""148"", ""connection"": ""keep-alive"", ""x-amzn-requestid"": ""ef08717b-5be5-47eb-b37d-66215b82f1e5""}, ""RetryAttempts"": 0}, ""browserIdentifier"": ""ac_cn_0928041532_nx_vpc-7kG1S9qRCX"", ""sessionId"": ""01M3K4ZFSGHQ3MHDH9TW4DQDRF"", ""lastUpdatedAt"": ""2026-09-28 04:39:49.267490+00:00""}"
gateway.api_gateway.filters_overrides,cn-northwest-1,PASS,2026-09-28T04:28:18.738334+00:00,results/cn-northwest-1-results.jsonl,94,"{""ResponseMetadata"": {""RequestId"": ""2bd61b7d-f05a-4223-a462-1a8b6e827a5b"", ""HTTPStatusCode"": 200, ""HTTPHeaders"": {""date"": ""Mon, 28 Sep 2026 04:28:18 GMT"", ""content-type"": ""application/json"", ""content-length"": ""677"", ""connection"": ""keep-alive"", ""x-amzn-requestid"": ""2bd61b7d-f05a-4223-a462-1a8b6e827a5b"", ""x-amz-apigw-id"": ""EZHzeF9H5PgEqmw="", ""x-amzn-trace-id"": ""Root=1-6ab9ece2-4ddecc1850911810170c8a6a""}, ""RetryAttempts"": 0}, ""gatewayArn"": ""arn:aws-cn:bedrock-agentcore:cn-northwest-1:209915754514:gateway/ac-cn-0928041532-nx-dozulyh9ks"", ""targetId"": ""TGINIM4CZW"", ""createdAt"": ""2026-09-28 04:20:38.986344+00:00"", ""updatedAt"": ""2026-09-28 04:28:16.688116+00:00"", ""status"": ""READY"", ""name"": ""api-stage"", ""targetConfiguration"": {""mcp"": {""apiGateway"": {""restApiId"": ""n7n78k6nw9"", ""stage"": ""test"", ""apiGatewayToolConfiguration"": {""toolOverrides"": [{""name"": ""iam_echo"", ""description"": ""IAM authorized echo"", ""path"": ""/iam"", ""method"": ""GET""}], ""toolFilters"": [{""filterPath"": ""/iam"", ""methods"": [""GET""]}]}}}}, ""credentialProviderConfigurations"": [{""credentialProviderType"": ""GATEWAY_IAM_ROLE""}], ""lastSynchronizedAt"": ""2026-09-28 04:28:16.506415+00:00""}"
gateway.api_gateway.iam_invocation,cn-northwest-1,PASS,2026-09-28T04:28:19.580256+00:00,results/cn-northwest-1-results.jsonl,95,"{""status"": 200, ""headers"": {""content-type"": ""application/json"", ""x-amzn-requestid"": ""8f9892f5-19f1-4e93-b58c-e2b3d8272f76""}, ""body"": {""jsonrpc"": ""2.0"", ""id"": 470995, ""result"": {""isError"": false, ""content"": [{""type"": ""text"", ""text"": ""{\""message\"":\""echo-ok\"",\""path\"":\""/iam\"",\""region\"":\""cn-northwest-1\"",\""forwardedHeader\"":\""\"",\""forwardedQuery\"":\""\""}""}]}}}"
gateway.create_iam,cn-northwest-1,PASS,2026-09-28T04:20:14.755123+00:00,results/cn-northwest-1-results.jsonl,3,"{""ResponseMetadata"": {""RequestId"": ""6ed54a37-b248-4827-9c7e-934780968e65"", ""HTTPStatusCode"": 202, ""HTTPHeaders"": {""date"": ""Mon, 28 Sep 2026 04:20:14 GMT"", ""content-type"": ""application/json"", ""content-length"": ""670"", ""connection"": ""keep-alive"", ""x-amzn-requestid"": ""6ed54a37-b248-4827-9c7e-934780968e65"", ""x-amz-apigw-id"": ""EZGn1GR45PgEm8g="", ""x-amzn-trace-id"": ""Root=1-6ab9eafe-6f3a3b84625a83005a2bf753""}, ""RetryAttempts"": 0}, ""gatewayArn"": ""arn:aws-cn:bedrock-agentcore:cn-northwest-1:209915754514:gateway/ac-cn-0928041532-nx-dozulyh9ks"", ""gatewayId"": ""ac-cn-0928041532-nx-dozulyh9ks"", ""gatewayUrl"": ""https://ac-cn-0928041532-nx-dozulyh9ks.gateway.bedrock-agentcore.cn-northwest-1.amazonaws.com.cn/mcp"", ""createdAt"": ""2026-09-28 04:20:14.580376+00:00"", ""updatedAt"": ""2026-09-28 04:20:14.580386+00:00"", ""status"": ""CREATING"", ""name"": ""ac-cn-0928041532-nx"", ""roleArn"": ""arn:aws-cn:iam::209915754514:role/ac-cn-0928041532-nx-agentcore"", ""protocolType"": ""MCP"", ""protocolConfiguration"": {""mcp"": {""instructions"": ""Synthetic China feature test""}}, ""authorizerType"": ""AWS_IAM"", ""workloadIdentityDetails"": {}, ""exceptionLevel"": ""DEBUG""}"
gateway.debug.target_error,cn-northwest-1,PASS,2026-09-28T04:20:30.684379+00:00,results/cn-northwest-1-results.jsonl,16,"{""status"": 200, ""headers"": {""Content-Type"": ""application/json"", ""x-amzn-RequestId"": ""478ee5c6-ec52-4990-8194-8b46e525912e""}, ""body"": {""jsonrpc"": ""2.0"", ""id"": 73502, ""result"": {""content"": [{""type"": ""text"", ""text"": ""{\""errorMessage\"": \""deliberate-synthetic-error\"", \""errorType\"": \""ValueError\"", \""requestId\"": \""a4ffd749-6d59-49ad-9850-40455501dbca\"", \""stackTrace\"": [\""  File \\\""/var/task/backend.py\\\"", line 31, in handler\\n    raise ValueError(\\\""deliberate-synthetic-error\\\"")\\n\""]}""}], ""_meta"": {""debug"": {""type"": ""text"", ""text"": ""{\""errorMessage\"": \""deliberate-synthetic-error\"", \""errorType\"": \""ValueError\"", \""requestId\"": \""a4ffd749-6d59-49ad-9850-40455501dbca\"", \""stackTrace\"": [\""  File \\\""/var/task/backend.py\\\"", line 31, in handler\\n    raise ValueError(\\\""deliberate-synthetic-error\\\"")\\n\""]}""}}, ""isError"": true}}}"
gateway.get_ready,cn-northwest-1,PASS,2026-09-28T04:20:18.360474+00:00,results/cn-northwest-1-results.jsonl,4,"{""ResponseMetadata"": {""RequestId"": ""b6bbd70f-a9c5-4879-b1df-d499fc538709"", ""HTTPStatusCode"": 200, ""HTTPHeaders"": {""date"": ""Mon, 28 Sep 2026 04:20:18 GMT"", ""content-type"": ""application/json"", ""content-length"": ""832"", ""connection"": ""keep-alive"", ""x-amzn-requestid"": ""b6bbd70f-a9c5-4879-b1df-d499fc538709"", ""x-amz-apigw-id"": ""EZGoaHqQ5PgEZNQ="", ""x-amzn-trace-id"": ""Root=1-6ab9eb02-7aba141b4943fd4f512bf3f4""}, ""RetryAttempts"": 0}, ""gatewayArn"": ""arn:aws-cn:bedrock-agentcore:cn-northwest-1:209915754514:gateway/ac-cn-0928041532-nx-dozulyh9ks"", ""gatewayId"": ""ac-cn-0928041532-nx-dozulyh9ks"", ""gatewayUrl"": ""https://ac-cn-0928041532-nx-dozulyh9ks.gateway.bedrock-agentcore.cn-northwest-1.amazonaws.com.cn/mcp"", ""createdAt"": ""2026-09-28 04:20:14.580376+00:00"", ""updatedAt"": ""2026-09-28 04:20:15.201743+00:00"", ""status"": ""READY"", ""name"": ""ac-cn-0928041532-nx"", ""roleArn"": ""arn:aws-cn:iam::209915754514:role/ac-cn-0928041532-nx-agentcore"", ""protocolType"": ""MCP"", ""protocolConfiguration"": {""mcp"": {""instructions"": ""Synthetic China feature test""}}, ""authorizerType"": ""AWS_IAM"", ""workloadIdentityDetails"": {""workloadIdentityArn"": ""arn:aws-cn:bedrock-agentcore:cn-northwest-1:209915754514:workload-identity-directory/default/workload-identity/ac-cn-0928041532-nx-dozulyh9ks""}, ""exceptionLevel"": ""DEBUG""}"
gateway.http_passthrough,cn-northwest-1,PASS,2026-09-28T04:49:32.231300+00:00,results/cn-northwest-1-results.jsonl,193,"{""gatewayWithoutProtocolType"": true, ""status"": 200, ""body"": {""message"": ""echo-ok"", ""path"": ""/echo"", ""region"": ""cn-northwest-1"", ""forwardedHeader"": """", ""forwardedQuery"": """"}}"
gateway.iam.unsigned_denied,cn-northwest-1,PASS,2026-09-28T04:20:31.370279+00:00,results/cn-northwest-1-results.jsonl,17,"{""status"": 401, ""body"": ""{\""jsonrpc\"":\""2.0\"",\""id\"":1,\""error\"":{\""code\"":-32001,\""message\"":\""Authentication error - Invalid credentials\""}}""}"
gateway.interceptors.configure,cn-northwest-1,PASS,2026-09-28T04:37:17.849939+00:00,results/cn-northwest-1-results.jsonl,140,"{""ResponseMetadata"": {""RequestId"": ""45f67b5d-b407-4f25-b7e4-6192d735b4ed"", ""HTTPStatusCode"": 202, ""HTTPHeaders"": {""date"": ""Mon, 28 Sep 2026 04:37:14 GMT"", ""content-type"": ""application/json"", ""content-length"": ""990"", ""connection"": ""keep-alive"", ""x-amzn-requestid"": ""45f67b5d-b407-4f25-b7e4-6192d735b4ed"", ""x-amz-apigw-id"": ""EZJHKH5wZPgEcZw="", ""x-amzn-trace-id"": ""Root=1-6ab9eefa-202130240c198b5d3ad342de""}, ""RetryAttempts"": 0}, ""gatewayArn"": ""arn:aws-cn:bedrock-agentcore:cn-northwest-1:209915754514:gateway/ac-cn-0928041532-nx-dozulyh9ks"", ""gatewayId"": ""ac-cn-0928041532-nx-dozulyh9ks"", ""gatewayUrl"": ""https://ac-cn-0928041532-nx-dozulyh9ks.gateway.bedrock-agentcore.cn-northwest-1.amazonaws.com.cn/mcp"", ""createdAt"": ""2026-09-28 04:20:14.580376+00:00"", ""updatedAt"": ""2026-09-28 04:37:14.200805+00:00"", ""status"": ""UPDATING"", ""name"": ""ac-cn-0928041532-nx"", ""roleArn"": ""arn:aws-cn:iam::209915754514:role/ac-cn-0928041532-nx-agentcore"", ""protocolType"": ""MCP"", ""authorizerType"": ""AWS_IAM"", ""interceptorConfigurations"": [{""interceptor"": {""lambda"": {""arn"": ""arn:aws-cn:lambda:cn-northwest-1:209915754514:function:ac-cn-0928041532-nx""}}, ""interceptionPoints"": [""REQUEST"", ""RESPONSE""], ""inputConfiguration"": {""passRequestHeaders"": true}}], ""workloadIdentityDetails"": {""workloadIdentityArn"": ""arn:aws-cn:bedrock-agentcore:cn-northwest-1:209915754514:workload-identity-directory/default/workload-identity/ac-cn-0928041532-nx-dozulyh9ks""}, ""exceptionLevel"": ""DEBUG""}"
gateway.interceptors.remove,cn-northwest-1,PASS,2026-09-28T04:37:22.813831+00:00,results/cn-northwest-1-results.jsonl,142,"{""ResponseMetadata"": {""RequestId"": ""9c1213aa-1543-41f7-b5e2-afa1199fc9ea"", ""HTTPStatusCode"": 202, ""HTTPHeaders"": {""date"": ""Mon, 28 Sep 2026 04:37:19 GMT"", ""content-type"": ""application/json"", ""content-length"": ""863"", ""connection"": ""keep-alive"", ""x-amzn-requestid"": ""9c1213aa-1543-41f7-b5e2-afa1199fc9ea"", ""x-amz-apigw-id"": ""EZJH7EokZPgElWA="", ""x-amzn-trace-id"": ""Root=1-6ab9eeff-2d096db63c255596152148b7""}, ""RetryAttempts"": 0}, ""gatewayArn"": ""arn:aws-cn:bedrock-agentcore:cn-northwest-1:209915754514:gateway/ac-cn-0928041532-nx-dozulyh9ks"", ""gatewayId"": ""ac-cn-0928041532-nx-dozulyh9ks"", ""gatewayUrl"": ""https://ac-cn-0928041532-nx-dozulyh9ks.gateway.bedrock-agentcore.cn-northwest-1.amazonaws.com.cn/mcp"", ""createdAt"": ""2026-09-28 04:20:14.580376+00:00"", ""updatedAt"": ""2026-09-28 04:37:19.157298+00:00"", ""status"": ""UPDATING"", ""name"": ""ac-cn-0928041532-nx"", ""roleArn"": ""arn:aws-cn:iam::209915754514:role/ac-cn-0928041532-nx-agentcore"", ""protocolType"": ""MCP"", ""protocolConfiguration"": {""mcp"": {""supportedVersions"": [""2025-03-26"", ""2025-06-18"", ""2025-11-25"", ""2026-07-28""]}}, ""authorizerType"": ""AWS_IAM"", ""workloadIdentityDetails"": {""workloadIdentityArn"": ""arn:aws-cn:bedrock-agentcore:cn-northwest-1:209915754514:workload-identity-directory/default/workload-identity/ac-cn-0928041532-nx-dozulyh9ks""}, ""exceptionLevel"": ""DEBUG""}"
gateway.interceptors.response_effect,cn-northwest-1,PASS,2026-09-28T04:37:18.980769+00:00,results/cn-northwest-1-results.jsonl,141,"{""requestTransformedSum"": 4, ""response"": {""status"": 200, ""headers"": {""content-type"": ""application/json"", ""x-amzn-requestid"": ""073a2ec3-f217-4a1f-987e-0caa1dccccf3""}, ""body"": {""jsonrpc"": ""2.0"", ""id"": 328237, ""result"": {""isError"": false, ""content"": [{""type"": ""text"", ""text"": ""{\""sum\"":4,\""echo\"":\""\"",\""region\"":\""cn-northwest-1\"",\""tool\"":\""lambda-inline___add\""}""}], ""_meta"": {""cn_interceptor"": ""response-ok""}}}}}"
gateway.jwt,cn-northwest-1,PASS,2026-09-28T05:46:26.631396+00:00,results/retest/cn-northwest-1-results.jsonl,12,"{""validJwtInvocation"": {""status"": 200, ""headers"": {""content-type"": ""application/json"", ""x-amzn-requestid"": ""0818cd26-f4dd-4702-aab8-16958ff384cb""}, ""body"": {""jsonrpc"": ""2.0"", ""id"": 270540, ""result"": {""isError"": false, ""content"": [{""type"": ""text"", ""text"": ""{\""sum\"":42,\""fixture\"":\""retest-lambda\""}""}]}}}, ""negativeClaims"": {""wrongAudience"": 403, ""wrongClient"": 403, ""expired"": 403, ""wrongScope"": 403}}"
gateway.jwt.configuration_and_rejection,cn-northwest-1,PASS,2026-09-28T04:49:38.179428+00:00,results/cn-northwest-1-results.jsonl,195,"{""configurationReady"": true, ""invalidTokenRejected"": 401, ""discoveryProvider"": ""Microsoft public OIDC metadata""}"
gateway.kms,cn-northwest-1,PASS,2026-09-28T04:37:36.640837+00:00,results/cn-northwest-1-results.jsonl,144,"{""kmsKeyArn"": ""arn:aws-cn:kms:cn-northwest-1:209915754514:key/e9e12008-d491-4524-945e-6d358281618a"", ""invocation"": {""status"": 200, ""headers"": {""content-type"": ""application/json"", ""x-amzn-requestid"": ""1fc42eac-faef-43f2-971e-87c987fb290c""}, ""body"": {""jsonrpc"": ""2.0"", ""id"": 876777, ""result"": {""isError"": false, ""content"": [{""type"": ""text"", ""text"": ""{\""sum\"":42,\""echo\"":\""\"",\""region\"":\""cn-northwest-1\"",\""tool\"":\""encrypted___add\""}""}]}}}}"
gateway.lambda.inline_target,cn-northwest-1,PASS,2026-09-28T04:20:23.837475+00:00,results/cn-northwest-1-results.jsonl,9,"{""ResponseMetadata"": {""RequestId"": ""3700ba86-84c4-4b74-b018-e57b2ca560c1"", ""HTTPStatusCode"": 200, ""HTTPHeaders"": {""date"": ""Mon, 28 Sep 2026 04:20:23 GMT"", ""content-type"": ""application/json"", ""content-length"": ""943"", ""connection"": ""keep-alive"", ""x-amzn-requestid"": ""3700ba86-84c4-4b74-b018-e57b2ca560c1"", ""x-amz-apigw-id"": ""EZGpRGfAZPgEopQ="", ""x-amzn-trace-id"": ""Root=1-6ab9eb07-458fa70606c611e22fdc9884""}, ""RetryAttempts"": 0}, ""gatewayArn"": ""arn:aws-cn:bedrock-agentcore:cn-northwest-1:209915754514:gateway/ac-cn-0928041532-nx-dozulyh9ks"", ""targetId"": ""NSR64YI9EE"", ""createdAt"": ""2026-09-28 04:20:19.956566+00:00"", ""updatedAt"": ""2026-09-28 04:20:20.661726+00:00"", ""status"": ""READY"", ""name"": ""lambda-inline"", ""targetConfiguration"": {""mcp"": {""lambda"": {""lambdaArn"": ""arn:aws-cn:lambda:cn-northwest-1:209915754514:function:ac-cn-0928041532-nx"", ""toolSchema"": {""inlinePayload"": [{""name"": ""add"", ""description"": ""Add two numbers"", ""inputSchema"": {""type"": ""object"", ""properties"": {""a"": {""type"": ""number""}, ""b"": {""type"": ""number""}}, ""required"": [""a"", ""b""]}}, {""name"": ""echo"", ""description"": ""Echo text"", ""inputSchema"": {""type"": ""object"", ""properties"": {""text"": {""type"": ""string""}}}}, {""name"": ""error"", ""description"": ""Return a synthetic test error"", ""inputSchema"": {""type"": ""object"", ""properties"": {""fail"": {""type"": ""boolean""}}, ""required"": [""fail""]}}]}}}}, ""credentialProviderConfigurations"": [{""credentialProviderType"": ""GATEWAY_IAM_ROLE""}]}"
gateway.lambda.invoke_add,cn-northwest-1,PASS,2026-09-28T04:20:28.694695+00:00,results/cn-northwest-1-results.jsonl,14,"{""status"": 200, ""headers"": {""Content-Type"": ""application/json"", ""x-amzn-RequestId"": ""e23f4135-b34d-4342-a1be-9184f07ca98a""}, ""body"": {""jsonrpc"": ""2.0"", ""id"": 569503, ""result"": {""isError"": false, ""content"": [{""type"": ""text"", ""text"": ""{\""sum\"":42,\""echo\"":\""\"",\""region\"":\""cn-northwest-1\"",\""tool\"":\""lambda-inline___add\""}""}]}}}"
gateway.lambda.invoke_unicode,cn-northwest-1,PASS,2026-09-28T04:20:29.740794+00:00,results/cn-northwest-1-results.jsonl,15,"{""status"": 200, ""headers"": {""Content-Type"": ""application/json"", ""x-amzn-RequestId"": ""803c0902-e2fc-44b1-abf1-08f063e4e644""}, ""body"": {""jsonrpc"": ""2.0"", ""id"": 869135, ""result"": {""isError"": false, ""content"": [{""type"": ""text"", ""text"": ""{\""sum\"":0,\""echo\"":\""北京宁夏\"",\""region\"":\""cn-northwest-1\"",\""tool\"":\""lambda-inline___echo\""}""}]}}}"
gateway.lambda.s3_invoke,cn-northwest-1,PASS,2026-09-28T04:20:37.915993+00:00,results/cn-northwest-1-results.jsonl,19,"{""status"": 200, ""headers"": {""Content-Type"": ""application/json"", ""x-amzn-RequestId"": ""4ececce2-54bc-4ed3-9d30-0249ae02fbc4""}, ""body"": {""jsonrpc"": ""2.0"", ""id"": 338914, ""result"": {""isError"": false, ""content"": [{""type"": ""text"", ""text"": ""{\""sum\"":42,\""echo\"":\""\"",\""region\"":\""cn-northwest-1\"",\""tool\"":\""lambda-s3___add\""}""}]}}}"
gateway.lambda.s3_schema,cn-northwest-1,PASS,2026-09-28T04:20:36.863961+00:00,results/cn-northwest-1-results.jsonl,18,"{""ResponseMetadata"": {""RequestId"": ""fb7065e1-84cc-46e5-9521-0e4e41387b10"", ""HTTPStatusCode"": 200, ""HTTPHeaders"": {""date"": ""Mon, 28 Sep 2026 04:20:36 GMT"", ""content-type"": ""application/json"", ""content-length"": ""601"", ""connection"": ""keep-alive"", ""x-amzn-requestid"": ""fb7065e1-84cc-46e5-9521-0e4e41387b10"", ""x-amz-apigw-id"": ""EZGrTELa5PgEmJw="", ""x-amzn-trace-id"": ""Root=1-6ab9eb14-3f63a8c63c3740016502855b""}, ""RetryAttempts"": 0}, ""gatewayArn"": ""arn:aws-cn:bedrock-agentcore:cn-northwest-1:209915754514:gateway/ac-cn-0928041532-nx-dozulyh9ks"", ""targetId"": ""QYTH0BKBXG"", ""createdAt"": ""2026-09-28 04:20:33.026449+00:00"", ""updatedAt"": ""2026-09-28 04:20:33.720607+00:00"", ""status"": ""READY"", ""name"": ""lambda-s3"", ""targetConfiguration"": {""mcp"": {""lambda"": {""lambdaArn"": ""arn:aws-cn:lambda:cn-northwest-1:209915754514:function:ac-cn-0928041532-nx"", ""toolSchema"": {""s3"": {""uri"": ""s3://ac-cn-0928041532-nx-209915754514/lambda-tools.json"", ""bucketOwnerAccountId"": ""209915754514""}}}}}, ""credentialProviderConfigurations"": [{""credentialProviderType"": ""GATEWAY_IAM_ROLE""}]}"
gateway.list,cn-northwest-1,PASS,2026-09-28T04:20:18.679366+00:00,results/cn-northwest-1-results.jsonl,5,"{""ResponseMetadata"": {""RequestId"": ""1fc332cf-d29c-45a9-839b-5a56b55636c9"", ""HTTPStatusCode"": 200, ""HTTPHeaders"": {""date"": ""Mon, 28 Sep 2026 04:20:18 GMT"", ""content-type"": ""application/json"", ""content-length"": ""777"", ""connection"": ""keep-alive"", ""x-amzn-requestid"": ""1fc332cf-d29c-45a9-839b-5a56b55636c9"", ""x-amz-apigw-id"": ""EZGodFCK5PgEqag="", ""x-amzn-trace-id"": ""Root=1-6ab9eb02-7d87896a323e897342d250c9""}, ""RetryAttempts"": 0}, ""items"": [{""gatewayId"": ""ac-cn-0928041532-nx-dozulyh9ks"", ""name"": ""ac-cn-0928041532-nx"", ""status"": ""READY"", ""createdAt"": ""2026-09-28 04:20:14.580376+00:00"", ""updatedAt"": ""2026-09-28 04:20:15.201743+00:00"", ""authorizerType"": ""AWS_IAM"", ""protocolType"": ""MCP""}], ""nextToken"": ""AQED/zf5Gtas7bz7CcUvabSfKIuYxesgU0O9F+If9mEfQlpvXQAAAV0BAIQ2qIMIs45tXPT+OkIRGTpqIAAAAAAAAAAgAAAAAAAAAGAaTHbxvtwBOlFGY/nX94qsCMYjGhmB6tA9m8aZshzIRLUASGh/AAABAAAAAAAAAIAaBXFofwAAAAAAAAAAAACwkq3+Rw/Bj7mssCTswMPK+J2vJJ8X1VF6ZO0QjTrSnnU53V4AwCs+v8swjCiucHSdNie3843R9MjBsbHMHd27FYFphNjczyNw3bzoH3ibTdL8GUMdh/2J2IRQBY4LRkOPg4gaPI4YL/jZsU3Ah1mRBtMFeGw1qodgwFqXdysb0PD8XRwgPqcFBthhhfDmEgOevNIJa0E7FExMNWe1p+UcwF0KY65/nx/zGtdWcS/goEzTS4jtTjB5T+sIYAne7obqnQ9sniPgH7BTFSkipAAdaLWLEInXeABTqoL25IZEsl5nOBrw/QAQlOgbVjcddYCeIIofZhXqhwAA""}"
gateway.mcp.elicitation_roundtrip,cn-northwest-1,PASS,2026-09-28T04:55:46.429963+00:00,results/cn-northwest-1-results.jsonl,215,"{""inputRequested"": {""status"": 200, ""headers"": {""content-type"": ""application/json"", ""x-amzn-requestid"": ""60688478-f138-499e-a7d4-5e638451db8e""}, ""body"": {""jsonrpc"": ""2.0"", ""id"": 588447, ""result"": {""resultType"": ""input_required"", ""inputRequests"": {""cn-input"": {""method"": ""elicitation/create"", ""params"": {""mode"": ""form"", ""message"": ""Confirm synthetic test"", ""requestedSchema"": {""type"": ""object"", ""properties"": {""confirm"": {""type"": ""boolean""}}, ""required"": [""confirm""]}}}}, ""requestState"": ""REDACTED""}}}, ""completed"": {""status"": 200, ""headers"": {""content-type"": ""application/json"", ""x-amzn-requestid"": ""87b0713a-633e-4272-884d-f4dda7259004""}, ""body"": {""jsonrpc"": ""2.0"", ""id"": 363340, ""result"": {""content"": [{""type"": ""text"", ""text"": ""roundtrip-ok:{\""cn-input\"": {\""action\"": \""accept\"", \""content\"": {\""confirm\"": true}}}""}], ""isError"": false, ""resultType"": ""complete""}}}}"
gateway.mcp.initialize.2025-03-26,cn-northwest-1,PASS,2026-09-28T04:37:09.229954+00:00,results/cn-northwest-1-results.jsonl,135,"{""status"": 200, ""headers"": {""content-type"": ""application/json"", ""x-amzn-requestid"": ""c9b83c83-c11f-4d6a-94b3-03cade301d64""}, ""body"": {""jsonrpc"": ""2.0"", ""id"": 687402, ""result"": {""protocolVersion"": ""2025-03-26"", ""capabilities"": {""tools"": {""listChanged"": false}, ""prompts"": {""listChanged"": false}, ""resources"": {""listChanged"": false}}, ""serverInfo"": {""version"": ""1.0.0"", ""name"": ""ac-cn-0928041532-nx""}}}}"
gateway.mcp.initialize.2025-06-18,cn-northwest-1,PASS,2026-09-28T04:37:10.874623+00:00,results/cn-northwest-1-results.jsonl,136,"{""status"": 200, ""headers"": {""content-type"": ""application/json"", ""x-amzn-requestid"": ""ecc51a18-7f79-4c70-899e-ede74534e423""}, ""body"": {""jsonrpc"": ""2.0"", ""id"": 755338, ""result"": {""protocolVersion"": ""2025-06-18"", ""capabilities"": {""tools"": {""listChanged"": false}, ""prompts"": {""listChanged"": false}, ""resources"": {""listChanged"": false}}, ""serverInfo"": {""version"": ""1.0.0"", ""name"": ""ac-cn-0928041532-nx""}}}}"
gateway.mcp.initialize.2025-11-25,cn-northwest-1,PASS,2026-09-28T04:37:12.451483+00:00,results/cn-northwest-1-results.jsonl,137,"{""status"": 200, ""headers"": {""content-type"": ""application/json"", ""x-amzn-requestid"": ""25a0a0c5-a3af-4446-b0f7-4b148bb3a214""}, ""body"": {""jsonrpc"": ""2.0"", ""id"": 183986, ""result"": {""protocolVersion"": ""2025-11-25"", ""capabilities"": {""tools"": {""listChanged"": false}, ""prompts"": {""listChanged"": false}, ""resources"": {""listChanged"": false}}, ""serverInfo"": {""version"": ""1.0.0"", ""name"": ""ac-cn-0928041532-nx""}}}}"
gateway.mcp.prompts_get,cn-northwest-1,PASS,2026-09-28T04:28:27.255622+00:00,results/cn-northwest-1-results.jsonl,100,"{""status"": 200, ""headers"": {""content-type"": ""application/json"", ""x-amzn-requestid"": ""91b9009e-7688-40fd-ae0e-c96f31fb1d85""}, ""body"": {""jsonrpc"": ""2.0"", ""id"": 467585, ""result"": {""messages"": [{""role"": ""user"", ""content"": {""type"": ""text"", ""text"": ""Hello China""}}]}}}"
gateway.mcp.prompts_list,cn-northwest-1,PASS,2026-09-28T04:28:26.125393+00:00,results/cn-northwest-1-results.jsonl,99,"{""status"": 200, ""headers"": {""content-type"": ""application/json"", ""x-amzn-requestid"": ""e0805d96-84e6-4352-9183-463a32825dea""}, ""body"": {""jsonrpc"": ""2.0"", ""id"": 849624, ""result"": {""prompts"": [{""name"": ""mcp-server___hello"", ""description"": ""Synthetic prompt"", ""arguments"": [{""name"": ""name"", ""required"": true}]}]}}}"
gateway.mcp.resources_list,cn-northwest-1,PASS,2026-09-28T04:28:28.173656+00:00,results/cn-northwest-1-results.jsonl,101,"{""status"": 200, ""headers"": {""content-type"": ""application/json"", ""x-amzn-requestid"": ""d50c6185-3d67-462c-a66d-f004cc8aaeab""}, ""body"": {""jsonrpc"": ""2.0"", ""id"": 14275, ""result"": {""resources"": [{""uri"": ""test://china/info"", ""name"": ""test://china/info"", ""mimeType"": ""text/plain"", ""description"": """"}]}}}"
gateway.mcp.resources_read,cn-northwest-1,PASS,2026-09-28T04:28:29.301145+00:00,results/cn-northwest-1-results.jsonl,102,"{""status"": 200, ""headers"": {""content-type"": ""application/json"", ""x-amzn-requestid"": ""32f352ab-f73a-4053-b49f-30bbac7363e7""}, ""body"": {""jsonrpc"": ""2.0"", ""id"": 167177, ""result"": {""contents"": [{""uri"": ""test://china/info"", ""mimeType"": ""text/plain"", ""text"": ""china-resource-ok""}]}}}"
gateway.mcp.resources_templates_list,cn-northwest-1,PASS,2026-09-28T04:28:30.139394+00:00,results/cn-northwest-1-results.jsonl,103,"{""status"": 200, ""headers"": {""content-type"": ""application/json"", ""x-amzn-requestid"": ""5364b683-f287-428c-a11a-80565db260c9""}, ""body"": {""jsonrpc"": ""2.0"", ""id"": 175719, ""result"": {""resourceTemplates"": [{""uriTemplate"": ""test://china/{name}"", ""name"": ""test://china/{name}"", ""description"": """"}]}}}"
gateway.mcp.sampling_roundtrip,cn-northwest-1,PASS,2026-09-28T04:55:48.416697+00:00,results/cn-northwest-1-results.jsonl,216,"{""inputRequested"": {""status"": 200, ""headers"": {""content-type"": ""application/json"", ""x-amzn-requestid"": ""b0c1ebf6-9f5f-4053-9721-6977740f2a49""}, ""body"": {""jsonrpc"": ""2.0"", ""id"": 491740, ""result"": {""resultType"": ""input_required"", ""inputRequests"": {""cn-input"": {""method"": ""sampling/createMessage"", ""params"": {""messages"": [{""role"": ""user"", ""content"": {""type"": ""text"", ""text"": ""Reply test-ok""}}], ""maxTokens"": 20}}}, ""requestState"": ""REDACTED""}}}, ""completed"": {""status"": 200, ""headers"": {""content-type"": ""application/json"", ""x-amzn-requestid"": ""4dc37742-3812-4ee0-9140-d83ffbc418d9""}, ""body"": {""jsonrpc"": ""2.0"", ""id"": 918410, ""result"": {""content"": [{""type"": ""text"", ""text"": ""roundtrip-ok:{\""cn-input\"": {\""stopReason\"": \""endTurn\"", \""model\"": \""synthetic-test\"", \""role\"": \""assistant\"", \""content\"": {\""type\"": \""text\"", \""text\"": \""test-ok\""}}}""}], ""isError"": false, ""resultType"": ""complete""}}}}"
gateway.mcp.server_discover.2026-07-28,cn-northwest-1,PASS,2026-09-28T04:37:13.271106+00:00,results/cn-northwest-1-results.jsonl,138,"{""status"": 200, ""headers"": {""content-type"": ""application/json"", ""x-amzn-requestid"": ""b3fea2e3-70ed-4a93-a5f2-5dadbb25bf5a""}, ""body"": {""jsonrpc"": ""2.0"", ""id"": 483665, ""result"": {""supportedVersions"": [""2025-03-26"", ""2025-06-18"", ""2025-11-25"", ""2026-07-28""], ""capabilities"": {""tools"": {""listChanged"": false}, ""prompts"": {""listChanged"": false}, ""resources"": {""listChanged"": false}}, ""serverInfo"": {""version"": ""1.0.0"", ""name"": ""ac-cn-0928041532-nx""}, ""ttlMs"": 0, ""cacheScope"": ""private""}}}"
gateway.mcp.tools_list,cn-northwest-1,PASS,2026-09-28T04:20:27.688474+00:00,results/cn-northwest-1-results.jsonl,13,"{""status"": 200, ""headers"": {""Content-Type"": ""application/json"", ""x-amzn-RequestId"": ""ece161b8-5611-4777-8b9b-1ec1f2947d36""}, ""body"": {""jsonrpc"": ""2.0"", ""id"": 271502, ""result"": {""tools"": [{""inputSchema"": {""type"": ""object"", ""properties"": {""a"": {""type"": ""number""}, ""b"": {""type"": ""number""}}, ""required"": [""a"", ""b""]}, ""name"": ""lambda-inline___add"", ""description"": ""Add two numbers""}, {""inputSchema"": {""type"": ""object"", ""properties"": {""text"": {""type"": ""string""}}}, ""name"": ""lambda-inline___echo"", ""description"": ""Echo text""}, {""inputSchema"": {""type"": ""object"", ""properties"": {""fail"": {""type"": ""boolean""}}, ""required"": [""fail""]}, ""name"": ""lambda-inline___error"", ""description"": ""Return a synthetic test error""}]}}}"
gateway.mcp.tools_list.2026-07-28,cn-northwest-1,PASS,2026-09-28T04:37:14.013755+00:00,results/cn-northwest-1-results.jsonl,139,"{""status"": 200, ""headers"": {""content-type"": ""application/json"", ""x-amzn-requestid"": ""71a79b02-1cbf-4c19-9aa1-ecb740268f2f""}, ""body"": {""jsonrpc"": ""2.0"", ""id"": 759106, ""result"": {""tools"": [{""inputSchema"": {""type"": ""object"", ""properties"": {""basePath"": {""type"": ""string""}}}, ""name"": ""api-stage___iam_echo"", ""description"": ""IAM authorized echo""}, {""inputSchema"": {""type"": ""object"", ""properties"": {""a"": {""type"": ""number""}, ""b"": {""type"": ""number""}}, ""required"": [""a"", ""b""]}, ""name"": ""lambda-inline___add"", ""description"": ""Add two numbers""}, {""inputSchema"": {""type"": ""object"", ""properties"": {""text"": {""type"": ""string""}}}, ""name"": ""lambda-inline___echo"", ""description"": ""Echo text""}, {""inputSchema"": {""type"": ""object"", ""properties"": {""fail"": {""type"": ""boolean""}}, ""required"": [""fail""]}, ""name"": ""lambda-inline___error"", ""description"": ""Return a synthetic test error""}, {""inputSchema"": {""type"": ""object"", ""properties"": {""a"": {""type"": ""number""}, ""b"": {""type"": ""number""}}, ""required"": [""a"", ""b""]}, ""name"": ""lambda-s3___add"", ""description"": ""Add two numbers""}, {""inputSchema"": {""type"": ""object"", ""properties"": {""text"": {""type"": ""string""}}}, ""name"": ""lambda-s3___echo"", ""description"": ""Echo text""}, {""inputSchema"": {""type"": ""object"", ""properties"": {""fail"": {""type"": ""boolean""}}, ""required"": [""fail""]}, ""name"": ""lambda-s3___error"", ""description"": ""Return a synthetic test error""}, {""name"": ""mcp-server___echo"", ""description"": ""Echo synthetic test text"", ""inputSchema"": {""type"": ""object"", ""properties"": {""text"": {""type"": ""string""}}, ""required"": [""text""]}}, {""inputSchema"": {""type"": ""object"", ""properties"": {""message"": {""type"": ""string""}}}, ""name"": ""openapi-inline___get_echo"", ""description"": ""Read a synthetic response""}, {""inputSchema"": {""type"": ""object"", ""properties"": {""message"": {""type"": ""string""}}}, ""name"": ""openapi-s3___get_echo"", ""description"": ""Read a synthetic response""}, {""inputSchema"": {""type"": ""object"", ""properties"": {""FunctionName"": {""description"": ""<p>The name or ARN of the Lambda function.</p> <p class=\""title\""> <b>Name formats</b> </p> <ul> <li> <p> <b>Function name</b> – <code>my-function</code>.</p> </li> <li> <p> <b>Function ARN</b> – <code>arn:aws:lambda:us-west-2:123456789012:function:my-function</code>.</p> </li> <li> <p> <b>Partial ARN</b> – <code>123456789012:function:my-function</code>.</p> </li> </ul> <p>The length constraint applies only to the full ARN. If you specify only the function name, it is limited to 64 characters in length.</p>"", ""type"": ""string""}, ""UseFIPS"": {""description"": ""When true, send this request to the FIPS-compliant regional endpoint. If the configured endpoint does not have a FIPS compliant endpoint, dispatching the request will return an error."", ""type"": ""boolean""}, ""Endpoint"": {""description"": ""Override the endpoint used to send this request"", ""type"": ""string""}, ""Region"": {""description"": ""The AWS region used to dispatch the request."", ""type"": ""string""}, ""UseDualStack"": {""description"": ""When true, use the dual-stack endpoint. If the configured endpoint does not support dual-stack, dispatching the request MAY return an error."", ""type"": ""boolean""}}, ""required"": [""FunctionName""]}, ""name"": ""smithy___GetFunctionConcurrency"", ""description"": ""<p>Returns details about the reserved concurrency configuration for a function. To set a concurrency limit for a function, use <a>PutFunctionConcurrency</a>.</p>""}], ""nextCursor"": ""AQED/zevxPpeKTZWNIoUCXU0yX9DP46eUm6yMSTRIpXjDhDlZAAAAS0BAITWFUNBsyhaFJUdSpFbfR5np1S2Nj2FJMeW5B34/7TygLBZEYl4o+0VvBhFgNEz1pruTRFq5f7Vs/1sxIKyV6wZPNYGciSxYOMBAAAAAAAAANBZfGxAfwAAAAAAAAAAAADIOyGmFE9plp5WTGfDnxUwP0+fRg7tPJYwuA8/oAdr/MCHZhMAkJmsZVcvcqk/p30U4Lo0r7UpYnpCn6bFj4DWVMv50Bi328IP2IwJ6s8xTlhXUqRLKap31pSg7KvmOpnabObu8RlOUHx+s4O54MR4tO5xKJQCGxxk+nBInnTqcKr6tq4isHLb+2iOxT+3TMav16ku6vWGtFTL8OoEdc+cRqsVxzjnrqpiH6vJwpfFdex2yIzKoAAQv0Pj6vKZ/ovZ0N1WIwEK6AAA"", ""resultType"": ""complete"", ""ttlMs"": 0, ""cacheScope"": ""private""}}}"
gateway.mcp_server.dynamic_invoke,cn-northwest-1,PASS,2026-09-28T04:28:35.594019+00:00,results/cn-northwest-1-results.jsonl,105,"{""status"": 200, ""headers"": {""content-type"": ""application/json"", ""x-amzn-requestid"": ""2453c61e-30c3-4c91-80c7-bacefe2cbcfa""}, ""body"": {""jsonrpc"": ""2.0"", ""id"": 302729, ""result"": {""content"": [{""type"": ""text"", ""text"": ""mcp-echo:dynamic-ok""}], ""isError"": false}}}"
gateway.mcp_server.dynamic_listing,cn-northwest-1,PASS,2026-09-28T04:28:34.282179+00:00,results/cn-northwest-1-results.jsonl,104,"{""ResponseMetadata"": {""RequestId"": ""ad3c3406-4ec5-4246-9100-5816e2d344ce"", ""HTTPStatusCode"": 200, ""HTTPHeaders"": {""date"": ""Mon, 28 Sep 2026 04:28:34 GMT"", ""content-type"": ""application/json"", ""content-length"": ""601"", ""connection"": ""keep-alive"", ""x-amzn-requestid"": ""ad3c3406-4ec5-4246-9100-5816e2d344ce"", ""x-amz-apigw-id"": ""EZH15ETy5PgEYUQ="", ""x-amzn-trace-id"": ""Root=1-6ab9ecf2-120457ee51a19cc078af9ceb""}, ""RetryAttempts"": 0}, ""gatewayArn"": ""arn:aws-cn:bedrock-agentcore:cn-northwest-1:209915754514:gateway/ac-cn-0928041532-nx-dozulyh9ks"", ""targetId"": ""KTL2HL3TNF"", ""createdAt"": ""2026-09-28 04:28:30.416263+00:00"", ""updatedAt"": ""2026-09-28 04:28:31.288060+00:00"", ""status"": ""READY"", ""name"": ""mcp-dynamic"", ""targetConfiguration"": {""mcp"": {""mcpServer"": {""endpoint"": ""https://n7n78k6nw9.execute-api.cn-northwest-1.amazonaws.com.cn/test/mcp"", ""listingMode"": ""DYNAMIC""}}}, ""credentialProviderConfigurations"": [{""credentialProviderType"": ""GATEWAY_IAM_ROLE"", ""credentialProvider"": {""iamCredentialProvider"": {""service"": ""execute-api"", ""region"": ""cn-northwest-1""}}}]}"
gateway.mcp_server.invoke,cn-northwest-1,PASS,2026-09-28T04:28:24.896534+00:00,results/cn-northwest-1-results.jsonl,97,"{""status"": 200, ""headers"": {""content-type"": ""application/json"", ""x-amzn-requestid"": ""78b7c608-9874-4fb2-bf96-dd95fecbc919""}, ""body"": {""jsonrpc"": ""2.0"", ""id"": 187752, ""result"": {""content"": [{""type"": ""text"", ""text"": ""mcp-echo:mcp-ok""}], ""isError"": false}}}"
gateway.mcp_server.refresh_schema,cn-northwest-1,PASS,2026-09-28T04:49:42.936748+00:00,results/cn-northwest-1-results.jsonl,202,"{""ResponseMetadata"": {""RequestId"": ""9c8e5d8f-0c47-4e73-b96a-b9b7c6679098"", ""HTTPStatusCode"": 200, ""HTTPHeaders"": {""date"": ""Mon, 28 Sep 2026 04:49:42 GMT"", ""content-type"": ""application/json"", ""content-length"": ""597"", ""connection"": ""keep-alive"", ""x-amzn-requestid"": ""9c8e5d8f-0c47-4e73-b96a-b9b7c6679098"", ""x-amz-apigw-id"": ""EZK8IFwMZPgEPRQ="", ""x-amzn-trace-id"": ""Root=1-6ab9f1e6-08e10a4543f4f5133735a5b4""}, ""RetryAttempts"": 0}, ""gatewayArn"": ""arn:aws-cn:bedrock-agentcore:cn-northwest-1:209915754514:gateway/ac-cn-0928041532-nx-dozulyh9ks"", ""targetId"": ""SXKTGRQZTN"", ""createdAt"": ""2026-09-28 04:49:39.155424+00:00"", ""updatedAt"": ""2026-09-28 04:49:40.302428+00:00"", ""status"": ""READY"", ""name"": ""mcp-new"", ""targetConfiguration"": {""mcp"": {""mcpServer"": {""endpoint"": ""https://n7n78k6nw9.execute-api.cn-northwest-1.amazonaws.com.cn/test/mcp"", ""listingMode"": ""DYNAMIC""}}}, ""credentialProviderConfigurations"": [{""credentialProviderType"": ""GATEWAY_IAM_ROLE"", ""credentialProvider"": {""iamCredentialProvider"": {""service"": ""execute-api"", ""region"": ""cn-northwest-1""}}}]}"
gateway.mcp_server.synchronize,cn-northwest-1,PASS,2026-09-28T04:28:25.276688+00:00,results/cn-northwest-1-results.jsonl,98,"{""ResponseMetadata"": {""RequestId"": ""67cb61bc-f929-4590-8c8a-177b9756c837"", ""HTTPStatusCode"": 202, ""HTTPHeaders"": {""date"": ""Mon, 28 Sep 2026 04:28:25 GMT"", ""content-type"": ""application/json"", ""content-length"": ""652"", ""connection"": ""keep-alive"", ""x-amzn-requestid"": ""67cb61bc-f929-4590-8c8a-177b9756c837"", ""x-amz-apigw-id"": ""EZH0fFKt5PgEqyQ="", ""x-amzn-trace-id"": ""Root=1-6ab9ece9-79b6beba689491404392f841""}, ""RetryAttempts"": 0}, ""targets"": [{""gatewayArn"": ""arn:aws-cn:bedrock-agentcore:cn-northwest-1:209915754514:gateway/ac-cn-0928041532-nx-dozulyh9ks"", ""targetId"": ""SRK3ZWJSHK"", ""createdAt"": ""2026-09-28 04:28:19.876691+00:00"", ""updatedAt"": ""2026-09-28 04:28:25.130023+00:00"", ""status"": ""SYNCHRONIZING"", ""name"": ""mcp-server"", ""targetConfiguration"": {""mcp"": {""mcpServer"": {""endpoint"": ""https://n7n78k6nw9.execute-api.cn-northwest-1.amazonaws.com.cn/test/mcp""}}}, ""credentialProviderConfigurations"": [{""credentialProviderType"": ""GATEWAY_IAM_ROLE"", ""credentialProvider"": {""iamCredentialProvider"": {""service"": ""execute-api"", ""region"": ""cn-northwest-1""}}}], ""lastSynchronizedAt"": ""2026-09-28 04:28:22.224806+00:00""}]}"
gateway.mcp_server.target,cn-northwest-1,PASS,2026-09-28T04:28:23.744586+00:00,results/cn-northwest-1-results.jsonl,96,"{""ResponseMetadata"": {""RequestId"": ""3bc8b0cf-3868-4687-a185-816ac8f84895"", ""HTTPStatusCode"": 200, ""HTTPHeaders"": {""date"": ""Mon, 28 Sep 2026 04:28:23 GMT"", ""content-type"": ""application/json"", ""content-length"": ""630"", ""connection"": ""keep-alive"", ""x-amzn-requestid"": ""3bc8b0cf-3868-4687-a185-816ac8f84895"", ""x-amz-apigw-id"": ""EZH0QHnBZPgEEJw="", ""x-amzn-trace-id"": ""Root=1-6ab9ece7-0781c3f15bf2af8c26014a1b""}, ""RetryAttempts"": 0}, ""gatewayArn"": ""arn:aws-cn:bedrock-agentcore:cn-northwest-1:209915754514:gateway/ac-cn-0928041532-nx-dozulyh9ks"", ""targetId"": ""SRK3ZWJSHK"", ""createdAt"": ""2026-09-28 04:28:19.876691+00:00"", ""updatedAt"": ""2026-09-28 04:28:22.433214+00:00"", ""status"": ""READY"", ""name"": ""mcp-server"", ""targetConfiguration"": {""mcp"": {""mcpServer"": {""endpoint"": ""https://n7n78k6nw9.execute-api.cn-northwest-1.amazonaws.com.cn/test/mcp""}}}, ""credentialProviderConfigurations"": [{""credentialProviderType"": ""GATEWAY_IAM_ROLE"", ""credentialProvider"": {""iamCredentialProvider"": {""service"": ""execute-api"", ""region"": ""cn-northwest-1""}}}], ""lastSynchronizedAt"": ""2026-09-28 04:28:22.224806+00:00""}"
gateway.metadata.request_header,cn-northwest-1,PASS,2026-09-28T04:28:09.140393+00:00,results/cn-northwest-1-results.jsonl,91,"{""status"": 200, ""headers"": {""content-type"": ""application/json"", ""x-amzn-requestid"": ""e5be1694-2c29-4253-b978-5b04006a2d53""}, ""body"": {""jsonrpc"": ""2.0"", ""id"": 141198, ""result"": {""isError"": false, ""content"": [{""type"": ""text"", ""text"": ""{\""message\"":\""echo-ok\"",\""path\"":\""/echo\"",\""region\"":\""cn-northwest-1\"",\""forwardedHeader\"":\""forward-ok\"",\""forwardedQuery\"":\""\""}""}]}}}"
gateway.observability.cloudtrail,cn-northwest-1,PASS,2026-09-28T05:02:57.386419+00:00,results/cn-northwest-1-results.jsonl,232,"[{""eventId"": ""1d080405-a620-4c54-aae0-bfe3f0d51596"", ""eventName"": ""CreateGateway"", ""eventTime"": ""2026-09-28 04:49:32+00:00"", ""eventSource"": ""bedrock-agentcore.amazonaws.com"", ""awsRegion"": ""cn-northwest-1""}, {""eventId"": ""c97604e3-192e-4bfa-889c-2ddf5505ecd9"", ""eventName"": ""CreateGateway"", ""eventTime"": ""2026-09-28 04:49:23+00:00"", ""eventSource"": ""bedrock-agentcore.amazonaws.com"", ""awsRegion"": ""cn-northwest-1""}, {""eventId"": ""2f470db5-b7a7-4beb-92d6-b98a505b4416"", ""eventName"": ""CreateGateway"", ""eventTime"": ""2026-09-28 04:38:04+00:00"", ""eventSource"": ""bedrock-agentcore.amazonaws.com"", ""awsRegion"": ""cn-northwest-1""}, {""eventId"": ""819fcd2f-b8c8-46e5-8ece-76022e670632"", ""eventName"": ""CreateGateway"", ""eventTime"": ""2026-09-28 04:37:27+00:00"", ""eventSource"": ""bedrock-agentcore.amazonaws.com"", ""awsRegion"": ""cn-northwest-1""}, {""eventId"": ""6ca87e56-5114-497f-b62a-426ec9239e81"", ""eventName"": ""CreateGateway"", ""eventTime"": ""2026-09-28 04:20:14+00:00"", ""eventSource"": ""bedrock-agentcore.amazonaws.com"", ""awsRegion"": ""cn-northwest-1""}]"
gateway.observability.log_delivery_configure,cn-northwest-1,PASS,2026-09-28T05:02:37.120906+00:00,results/cn-northwest-1-results.jsonl,225,"{""logGroup"": ""/aws/vendedlogs/bedrock-agentcore/cn-test/ac-cn-0928041532-nx-gateway"", ""deliveryId"": ""ujwplG98io6fGGRT""}"
gateway.observability.log_delivery_received,cn-northwest-1,PASS,2026-09-28T05:02:58.472446+00:00,results/cn-northwest-1-results.jsonl,234,"[{""eventId"": ""39931084635441698488111403331955164599275501828939841536"", ""timestamp"": 1790571762511, ""keys"": [""resource_arn"", ""event_timestamp"", ""body"", ""account_id"", ""request_id"", ""trace_id"", ""span_id"", ""resource"", ""attributes"", ""timeUnixNano"", ""severityNumber"", ""severityText"", ""traceId"", ""spanId""], ""bytes"": 1034}, {""eventId"": ""39931084635463999233309933955096700317548150190445821953"", ""timestamp"": 1790571762512, ""keys"": [""resource_arn"", ""event_timestamp"", ""body"", ""account_id"", ""request_id"", ""trace_id"", ""span_id"", ""resource"", ""attributes"", ""timeUnixNano"", ""severityNumber"", ""severityText"", ""traceId"", ""spanId""], ""bytes"": 927}, {""eventId"": ""39931084636110720844067322026201236147454952674119254018"", ""timestamp"": 1790571762541, ""keys"": [""resource_arn"", ""event_timestamp"", ""body"", ""account_id"", ""request_id"", ""trace_id"", ""span_id"", ""resource"", ""attributes"", ""timeUnixNano"", ""severityNumber"", ""severityText"", ""traceId"", ""spanId""], ""bytes"": 946}, {""eventId"": ""39931084636824344690420301966730379132179700242310627331"", ""timestamp"": 1790571762573, ""keys"": [""resource_arn"", ""event_timestamp"", ""body"", ""account_id"", ""request_id"", ""trace_id"", ""span_id"", ""resource"", ""attributes"", ""timeUnixNano"", ""severityNumber"", ""severityText"", ""traceId"", ""spanId""], ""bytes"": 1104}]"
gateway.observability.metrics,cn-northwest-1,PASS,2026-09-28T05:02:53.670232+00:00,results/cn-northwest-1-results.jsonl,230,"{""metricCount"": 230, ""samples"": [{""metric"": {""Namespace"": ""AWS/Bedrock-AgentCore"", ""MetricName"": ""Duration"", ""Dimensions"": [{""Name"": ""Resource"", ""Value"": ""arn:aws-cn:bedrock-agentcore:cn-northwest-1:209915754514:gateway/ac-cn-0928041532-nx-dozulyh9ks""}, {""Name"": ""Operation"", ""Value"": ""InvokeGateway""}, {""Name"": ""Method"", ""Value"": ""resources/templates/list""}, {""Name"": ""Protocol"", ""Value"": ""MCP""}]}, ""datapoints"": [{""Timestamp"": ""2026-09-28 04:28:00+00:00"", ""Average"": 59.0, ""Sum"": 59.0, ""Unit"": ""Milliseconds""}]}, {""metric"": {""Namespace"": ""AWS/Bedrock-AgentCore"", ""MetricName"": ""Throttles"", ""Dimensions"": [{""Name"": ""Resource"", ""Value"": ""arn:aws-cn:bedrock-agentcore:cn-northwest-1:209915754514:gateway/ac-cn-0928041532-nx-dozulyh9ks""}, {""Name"": ""Operation"", ""Value"": ""InvokeGateway""}, {""Name"": ""Protocol"", ""Value"": ""MCP""}]}, ""datapoints"": [{""Timestamp"": ""2026-09-28 04:37:00+00:00"", ""Average"": 0.0, ""Sum"": 0.0, ""Unit"": ""Count""}, {""Timestamp"": ""2026-09-28 04:49:00+00:00"", ""Average"": 0.0, ""Sum"": 0.0, ""Unit"": ""Count""}, {""Timestamp"": ""2026-09-28 04:38:00+00:00"", ""Average"": 0.0, ""Sum"": 0.0, ""Unit"": ""Count""}, {""Timestamp"": ""2026-09-28 04:20:00+00:00"", ""Average"": 0.0, ""Sum"": 0.0, ""Unit"": ""Count""}, {""Timestamp"": ""2026-09-28 04:55:00+00:00"", ""Average"": 0.0, ""Sum"": 0.0, ""Unit"": ""Count""}]}, {""metric"": {""Namespace"": ""AWS/Bedrock-AgentCore"", ""MetricName"": ""Throttles"", ""Dimensions"": [{""Name"": ""Resource"", ""Value"": ""arn:aws-cn:bedrock-agentcore:cn-northwest-1:209915754514:gateway/ac-cn-0928041532-nx-dozulyh9ks""}, {""Name"": ""Operation"", ""Value"": ""InvokeGateway""}, {""Name"": ""Method"", ""Value"": ""tools/call""}, {""Name"": ""Protocol"", ""Value"": ""MCP""}, {""Name"": ""Name"", ""Value"": ""mcp-server___echo""}]}, ""datapoints"": [{""Timestamp"": ""2026-09-28 04:28:00+00:00"", ""Average"": 0.0, ""Sum"": 0.0, ""Unit"": ""Count""}]}, {""metric"": {""Namespace"": ""AWS/Bedrock-AgentCore"", ""MetricName"": ""UserErrors"", ""Dimensions"": [{""Name"": ""Resource"", ""Value"": ""arn:aws-cn:bedrock-agentcore:cn-northwest-1:209915754514:gateway/ac-cn-0928041532-nx-dozulyh9ks""}, {""Name"": ""Operation"", ""Value"": ""InvokeGateway""}, {""Name"": ""Method"", ""Value"": ""tools/call""}, {""Name"": ""Protocol"", ""Value"": ""MCP""}, {""Name"": ""Name"", ""Value"": ""mcp-dynamic___progress""}]}, ""datapoints"": [{""Timestamp"": ""2026-09-28 04:38:00+00:00"", ""Average"": 1.0, ""Sum"": 1.0, ""Unit"": ""Count""}]}, {""metric"": {""Namespace"": ""AWS/Bedrock-AgentCore"", ""MetricName"": ""Invocations"", ""Dimensions"": [{""Name"": ""Resource"", ""Value"": ""arn:aws-cn:bedrock-agentcore:cn-northwest-1:209915754514:gateway/ac-cn-0928041532-nx-dozulyh9ks""}, {""Name"": ""Operation"", ""Value"": ""InvokeGateway""}, {""Name"": ""Method"", ""Value"": ""server/discover""}, {""Name"": ""Protocol"", ""Value"": ""MCP""}]}, ""datapoints"": [{""Timestamp"": ""2026-09-28 04:28:00+00:00"", ""Average"": 1.0, ""Sum"": 1.0, ""Unit"": ""Count""}, {""Timestamp"": ""2026-09-28 04:37:00+00:00"", ""Average"": 1.0, ""Sum"": 1.0, ""Unit"": ""Count""}]}, {""metric"": {""Namespace"": ""AWS/Bedrock-AgentCore"", ""MetricName"": ""UserErrors"", ""Dimensions"": [{""Name"": ""Resource"", ""Value"": ""arn:aws-cn:bedrock-agentcore:cn-northwest-1:209915754514:gateway/ac-cn-0928041532-nx-dozulyh9ks""}, {""Name"": ""Operation"", ""Value"": ""InvokeGateway""}, {""Name"": ""Method"", ""Value"": ""resources/list""}, {""Name"": ""Protocol"", ""Value"": ""MCP""}]}, ""datapoints"": [{""Timestamp"": ""2026-09-28 04:28:00+00:00"", ""Average"": 0.0, ""Sum"": 0.0, ""Unit"": ""Count""}]}, {""metric"": {""Namespace"": ""AWS/Bedrock-AgentCore"", ""MetricName"": ""Latency"", ""Dimensions"": [{""Name"": ""Resource"", ""Value"": ""arn:aws-cn:bedrock-agentcore:cn-northwest-1:209915754514:gateway/ac-cn-0928041532-nx-dozulyh9ks""}, {""Name"": ""Operation"", ""Value"": ""InvokeGateway""}, {""Name"": ""Method"", ""Value"": ""server/discover""}, {""Name"": ""Protocol"", ""Value"": ""MCP""}]}, ""datapoints"": [{""Timestamp"": ""2026-09-28 04:28:00+00:00"", ""Average"": 2.0, ""Sum"": 2.0, ""Unit"": ""Milliseconds""}, {""Timestamp"": ""2026-09-28 04:37:00+00:00"", ""Average"": 2.0, ""Sum"": 2.0, ""Unit"": ""Milliseconds""}]}, {""metric"": {""Namespace"": ""AWS/Bedrock-AgentCore"", ""MetricName"": ""UserErrors"", ""Dimensions"": [{""Name"": ""Resource"", ""Value"": ""arn:aws-cn:bedrock-agentcore:cn-northwest-1:209915754514:gateway/ac-cn-0928041532-nx-dozulyh9ks""}, {""Name"": ""Operation"", ""Value"": ""InvokeGateway""}, {""Name"": ""Method"", ""Value"": ""tools/call""}, {""Name"": ""Protocol"", ""Value"": ""MCP""}, {""Name"": ""Name"", ""Value"": ""mcp-dynamic___sample""}]}, ""datapoints"": [{""Timestamp"": ""2026-09-28 04:38:00+00:00"", ""Average"": 0.0, ""Sum"": 0.0, ""Unit"": ""Count""}]}, {""metric"": {""Namespace"": ""AWS/Bedrock-AgentCore"", ""MetricName"": ""Throttles"", ""Dimensions"": [{""Name"": ""Resource"", ""Value"": ""arn:aws-cn:bedrock-agentcore:cn-northwest-1:209915754514:gateway/ac-cn-0928041532-nx-dozulyh9ks""}, {""Name"": ""Operation"", ""Value"": ""InvokeGateway""}, {""Name"": ""Method"", ""Value"": ""tools/call""}, {""Name"": ""Protocol"", ""Value"": ""MCP""}, {""Name"": ""Name"", ""Value"": ""mcp-roundtrip___elicit""}]}, ""datapoints"": [{""Timestamp"": ""2026-09-28 04:55:00+00:00"", ""Average"": 0.0, ""Sum"": 0.0, ""Unit"": ""Count""}]}, {""metric"": {""Namespace"": ""AWS/Bedrock-AgentCore"", ""MetricName"": ""TargetType.OPENAPI"", ""Dimensions"": [{""Name"": ""Resource"", ""Value"": ""arn:aws-cn:bedrock-agentcore:cn-northwest-1:209915754514:gateway/ac-cn-0928041532-nx-dozulyh9ks""}, {""Name"": ""Operation"", ""Value"": ""InvokeGateway""}, {""Name"": ""Protocol"", ""Value"": ""MCP""}]}, ""datapoints"": [{""Timestamp"": ""2026-09-28 04:28:00+00:00"", ""Average"": 1.0, ""Sum"": 3.0, ""Unit"": ""Count""}, {""Timestamp"": ""2026-09-28 04:49:00+00:00"", ""Average"": 1.0, ""Sum"": 1.0, ""Unit"": ""Count""}, {""Timestamp"": ""2026-09-28 04:38:00+00:00"", ""Average"": 1.0, ""Sum"": 1.0, ""Unit"": ""Count""}, {""Timestamp"": ""2026-09-28 04:55:00+00:00"", ""Average"": 1.0, ""Sum"": 1.0, ""Unit"": ""Count""}]}]}"
gateway.observability.traced_invocation,cn-northwest-1,PASS,2026-09-28T05:02:42.707257+00:00,results/cn-northwest-1-results.jsonl,229,"{""status"": 200, ""headers"": {""content-type"": ""application/json"", ""x-amzn-requestid"": ""38a912f6-d46b-4bca-a576-82f236d52981""}, ""body"": {""jsonrpc"": ""2.0"", ""id"": 475926, ""result"": {""isError"": false, ""content"": [{""type"": ""text"", ""text"": ""{\""sum\"":42,\""echo\"":\""\"",\""region\"":\""cn-northwest-1\"",\""tool\"":\""lambda-inline___add\""}""}]}}}"
gateway.openapi.inline_target,cn-northwest-1,PASS,2026-09-28T04:28:07.142006+00:00,results/cn-northwest-1-results.jsonl,89,"{""ResponseMetadata"": {""RequestId"": ""eb3d847f-ee16-41fc-b86b-12022d092ca4"", ""HTTPStatusCode"": 200, ""HTTPHeaders"": {""date"": ""Mon, 28 Sep 2026 04:28:07 GMT"", ""content-type"": ""application/json"", ""content-length"": ""1299"", ""connection"": ""keep-alive"", ""x-amzn-requestid"": ""eb3d847f-ee16-41fc-b86b-12022d092ca4"", ""x-amz-apigw-id"": ""EZHxqErQZPgEhxA="", ""x-amzn-trace-id"": ""Root=1-6ab9ecd6-0fc103250cd87cd605529729""}, ""RetryAttempts"": 0}, ""gatewayArn"": ""arn:aws-cn:bedrock-agentcore:cn-northwest-1:209915754514:gateway/ac-cn-0928041532-nx-dozulyh9ks"", ""targetId"": ""30KTGGQKCG"", ""createdAt"": ""2026-09-28 04:28:03.255794+00:00"", ""updatedAt"": ""2026-09-28 04:28:03.942262+00:00"", ""status"": ""READY"", ""name"": ""openapi-inline"", ""targetConfiguration"": {""mcp"": {""openApiSchema"": {""inlinePayload"": ""{\""openapi\"": \""3.0.3\"", \""info\"": {\""title\"": \""China synthetic API\"", \""version\"": \""1.0\""}, \""servers\"": [{\""url\"": \""https://n7n78k6nw9.execute-api.cn-northwest-1.amazonaws.com.cn/test\""}], \""paths\"": {\""/echo\"": {\""get\"": {\""operationId\"": \""get_echo\"", \""description\"": \""Read a synthetic response\"", \""parameters\"": [{\""name\"": \""message\"", \""in\"": \""query\"", \""schema\"": {\""type\"": \""string\""}}], \""responses\"": {\""200\"": {\""description\"": \""Success\"", \""content\"": {\""application/json\"": {\""schema\"": {\""type\"": \""object\"", \""properties\"": {\""message\"": {\""type\"": \""string\""}, \""authenticated\"": {\""type\"": \""boolean\""}}}}}}}}}}}""}}}, ""credentialProviderConfigurations"": [{""credentialProviderType"": ""GATEWAY_IAM_ROLE"", ""credentialProvider"": {""iamCredentialProvider"": {""service"": ""execute-api"", ""region"": ""cn-northwest-1""}}}], ""metadataConfiguration"": {""allowedRequestHeaders"": [""x-cn-test""], ""allowedQueryParameters"": [""cn_test""], ""allowedResponseHeaders"": [""x-cn-result""]}}"
gateway.openapi.invoke,cn-northwest-1,PASS,2026-09-28T04:28:08.158108+00:00,results/cn-northwest-1-results.jsonl,90,"{""status"": 200, ""headers"": {""content-type"": ""application/json"", ""x-amzn-requestid"": ""5d6434a6-209b-43ba-b143-083a923fa11b""}, ""body"": {""jsonrpc"": ""2.0"", ""id"": 873082, ""result"": {""isError"": false, ""content"": [{""type"": ""text"", ""text"": ""{\""message\"":\""openapi-ok\"",\""path\"":\""/echo\"",\""region\"":\""cn-northwest-1\"",\""forwardedHeader\"":\""\"",\""forwardedQuery\"":\""\""}""}]}}}"
gateway.openapi.s3_invoke,cn-northwest-1,PASS,2026-09-28T04:28:14.238469+00:00,results/cn-northwest-1-results.jsonl,93,"{""status"": 200, ""headers"": {""content-type"": ""application/json"", ""x-amzn-requestid"": ""248dd772-ee0b-45dd-b28d-b1ce2eb1a184""}, ""body"": {""jsonrpc"": ""2.0"", ""id"": 304717, ""result"": {""isError"": false, ""content"": [{""type"": ""text"", ""text"": ""{\""message\"":\""echo-ok\"",\""path\"":\""/echo\"",\""region\"":\""cn-northwest-1\"",\""forwardedHeader\"":\""\"",\""forwardedQuery\"":\""\""}""}]}}}"
gateway.openapi.s3_schema,cn-northwest-1,PASS,2026-09-28T04:28:13.330138+00:00,results/cn-northwest-1-results.jsonl,92,"{""ResponseMetadata"": {""RequestId"": ""3ae63c64-407f-4623-bec0-8b4f776398c1"", ""HTTPStatusCode"": 200, ""HTTPHeaders"": {""date"": ""Mon, 28 Sep 2026 04:28:13 GMT"", ""content-type"": ""application/json"", ""content-length"": ""561"", ""connection"": ""keep-alive"", ""x-amzn-requestid"": ""3ae63c64-407f-4623-bec0-8b4f776398c1"", ""x-amz-apigw-id"": ""EZHyoHaI5PgEEuQ="", ""x-amzn-trace-id"": ""Root=1-6ab9ecdd-60c8a67d4a0ccbc41a66336f""}, ""RetryAttempts"": 0}, ""gatewayArn"": ""arn:aws-cn:bedrock-agentcore:cn-northwest-1:209915754514:gateway/ac-cn-0928041532-nx-dozulyh9ks"", ""targetId"": ""NBETP0SLVH"", ""createdAt"": ""2026-09-28 04:28:09.457254+00:00"", ""updatedAt"": ""2026-09-28 04:28:10.198963+00:00"", ""status"": ""READY"", ""name"": ""openapi-s3"", ""targetConfiguration"": {""mcp"": {""openApiSchema"": {""s3"": {""uri"": ""s3://ac-cn-0928041532-nx-209915754514/openapi.json""}}}}, ""credentialProviderConfigurations"": [{""credentialProviderType"": ""GATEWAY_IAM_ROLE"", ""credentialProvider"": {""iamCredentialProvider"": {""service"": ""execute-api"", ""region"": ""cn-northwest-1""}}}]}"
gateway.outbound.api_key,cn-northwest-1,PASS,2026-09-28T04:55:40.153077+00:00,results/cn-northwest-1-results.jsonl,214,"{""status"": 200, ""headers"": {""content-type"": ""application/json"", ""x-amzn-requestid"": ""04b2fabe-a250-4e05-b22a-cbaa5ec7ee97""}, ""body"": {""jsonrpc"": ""2.0"", ""id"": 645004, ""result"": {""isError"": false, ""content"": [{""type"": ""text"", ""text"": ""{\""authenticated\"":true,\""region\"":\""cn-northwest-1\""}""}]}}}"
gateway.outbound.caller_iam,cn-northwest-1,PASS,2026-09-29T01:59:26.957011+00:00,results/repro-caller-confirm-20260929/cn-northwest-1-results.jsonl,20,"{""status"": 200, ""body"": ""{\""sum\"": 42, \""runtime\"": \""gateway-fixture\"", \""region\"": \""cn-northwest-1\""}"", ""requestId"": ""5449c32d-d063-436c-9a60-1843f6c6bd14, 678c5bef-2907-4bb0-a9ba-fdfa897ea2b6""}"
gateway.outbound.caller_iam.direct_runtime_baseline,cn-northwest-1,PASS,2026-09-29T01:59:20.808555+00:00,results/repro-caller-confirm-20260929/cn-northwest-1-results.jsonl,18,"{""temporaryCredentialsValid"": true, ""body"": {""sum"": 42, ""runtime"": ""gateway-fixture"", ""region"": ""cn-northwest-1""}, ""requestId"": ""ea005686-bfdd-417d-b2e8-8a68e5efe7ee""}"
gateway.outbound.caller_iam.gateway_role_baseline,cn-northwest-1,PASS,2026-09-29T01:59:24.524059+00:00,results/repro-caller-confirm-20260929/cn-northwest-1-results.jsonl,19,"{""status"": 200, ""body"": ""{\""sum\"": 42, \""runtime\"": \""gateway-fixture\"", \""region\"": \""cn-northwest-1\""}"", ""requestId"": ""3704bbc0-6ba1-4813-8b6d-7db364827f7f, 6d020096-afc6-4219-ab00-5f81ec47509a""}"
gateway.outbound.jwt_passthrough,cn-northwest-1,PASS,2026-09-28T05:46:38.943193+00:00,results/retest/cn-northwest-1-results.jsonl,13,"{""unchangedTokenHashVerified"": true, ""backend"": {""authenticated"": true, ""sub"": ""synthetic-user"", ""grant"": null, ""tokenSha256"": ""4e267063f01a7016923c7d2484940799ad1edc234b31a0b86529c2afa1593bb9""}, ""invalidTokenRejected"": 403, ""requestId"": ""905771d6-e99f-4139-b1f4-8a443ddee10e""}"
gateway.outbound.oauth_authorization_code,cn-northwest-1,PASS,2026-09-28T06:14:30.058175+00:00,results/retest/cn-northwest-1-results.jsonl,130,"{""redirects"": [{""host"": ""bedrock-agentcore.cn-northwest-1.amazonaws.com.cn"", ""path"": ""/identities/oauth2/authorize"", ""status"": 302}, {""host"": ""consumers-rush-distributed-palace.trycloudflare.com"", ""path"": ""/test/REDACTED_PATH_KEY/authorize"", ""status"": 302}, {""host"": ""bedrock-agentcore.cn-northwest-1.amazonaws.com.cn"", ""path"": ""/identities/oauth2/callback/47d0ebdc-5ebb-4d1f-8882-2feee3887f2c"", ""status"": 302}, {""host"": ""consumers-rush-distributed-palace.trycloudflare.com"", ""path"": ""/test/REDACTED_PATH_KEY/callback"", ""status"": 200}], ""resumedToolCall"": {""status"": 200, ""headers"": {""content-type"": ""text/event-stream"", ""x-amzn-requestid"": ""c925a91f-429c-4b85-8efa-1a8b249a1ed7""}, ""body"": [{""jsonrpc"": ""2.0"", ""id"": 42738, ""result"": {""isError"": false, ""content"": [{""type"": ""text"", ""text"": ""{\""authenticated\"":true,\""sub\"":\""synthetic-user\"",\""grant\"":\""authorization_code\"",\""tokenSha256\"":\""d932f16065244fda3917756a1da0dcc8cade62439e5febbd32a53e8d70c68b41\""}""}], ""resultType"": ""complete""}}]}}"
gateway.outbound.oauth_client_credentials,cn-northwest-1,PASS,2026-09-28T05:46:48.615054+00:00,results/retest/cn-northwest-1-results.jsonl,14,"{""status"": 200, ""headers"": {""content-type"": ""application/json"", ""x-amzn-requestid"": ""7921cb8b-aa75-4763-b18d-57c137b3c070""}, ""body"": {""jsonrpc"": ""2.0"", ""id"": 267333, ""result"": {""isError"": false, ""content"": [{""type"": ""text"", ""text"": ""{\""authenticated\"":true,\""sub\"":\""synthetic-service\"",\""grant\"":\""client_credentials\"",\""tokenSha256\"":\""b20ca6d013ec33a31364c9f57b412f0ad9eaa6842f8304651a0d166dbd7231ff\""}""}]}}}"
gateway.outbound.oauth_configuration,cn-northwest-1,PASS,2026-09-28T04:49:38.882162+00:00,results/cn-northwest-1-results.jsonl,197,"{""credentialProviderArn"": ""arn:aws-cn:bedrock-agentcore:cn-northwest-1:209915754514:token-vault/default/oauth2credentialprovider/ac-cn-0928041532-nx-oauth"", ""scope"": ""control plane configuration only""}"
gateway.outbound.oauth_token_exchange,cn-northwest-1,BLOCKED,2026-09-28T06:16:27.995326+00:00,results/retest/cn-northwest-1-results.jsonl,132,"{""reason"": ""Gateway explicitly rejects Token Exchange for this account"", ""originalAttemptTime"": ""2026-09-28T05:46:49.630166+00:00"", ""response"": {""Error"": {""Message"": ""Token Exchange is not available for this account"", ""Code"": ""AccessDeniedException""}, ""ResponseMetadata"": {""RequestId"": ""1392818e-9ad3-49da-a542-0b0c00d70b74"", ""HTTPStatusCode"": 403, ""HTTPHeaders"": {""date"": ""Mon, 28 Sep 2026 05:46:49 GMT"", ""content-type"": ""application/json"", ""content-length"": ""62"", ""connection"": ""keep-alive"", ""x-amzn-requestid"": ""1392818e-9ad3-49da-a542-0b0c00d70b74"", ""x-amzn-errortype"": ""AccessDeniedException"", ""x-amz-apigw-id"": ""EZTTjGb95PgEF2g="", ""x-amzn-trace-id"": ""Root=1-6ab9ff49-54b5da9073abfd71425b5540""}, ""RetryAttempts"": 0}, ""message"": ""Token Exchange is not available for this account""}}"
gateway.private_link,cn-northwest-1,NOT_AVAILABLE,2026-09-28T06:14:01.489189+00:00,results/retest/cn-northwest-1-results.jsonl,122,"{""allPagesScanned"": true, ""advertisedServices"": [], ""scope"": ""This account and region""}"
gateway.private_target,cn-northwest-1,BLOCKED,2026-09-28T06:07:29.608442+00:00,results/retest/cn-northwest-1-results.jsonl,84,"{""Error"": {""Message"": ""Private endpoint configuration requires VPC egress feature to be enabled for this account."", ""Code"": ""ValidationException""}, ""ResponseMetadata"": {""RequestId"": ""074ee1ec-5c7c-425b-ae94-c32e7f750c65"", ""HTTPStatusCode"": 400, ""HTTPHeaders"": {""date"": ""Mon, 28 Sep 2026 06:07:29 GMT"", ""content-type"": ""application/json"", ""content-length"": ""104"", ""connection"": ""keep-alive"", ""x-amzn-requestid"": ""074ee1ec-5c7c-425b-ae94-c32e7f750c65"", ""x-amzn-errortype"": ""ValidationException"", ""x-amz-apigw-id"": ""EZWVTE705PgEj4g="", ""x-amzn-trace-id"": ""Root=1-6aba0421-03b825b87f38c2d4424e6f53""}, ""RetryAttempts"": 0}, ""message"": ""Private endpoint configuration requires VPC egress feature to be enabled for this account.""}"
gateway.protocols.configure,cn-northwest-1,PASS,2026-09-28T04:37:07.220950+00:00,results/cn-northwest-1-results.jsonl,134,"{""ResponseMetadata"": {""RequestId"": ""b9974706-fc90-4978-8892-3c6627995b07"", ""HTTPStatusCode"": 202, ""HTTPHeaders"": {""date"": ""Mon, 28 Sep 2026 04:37:03 GMT"", ""content-type"": ""application/json"", ""content-length"": ""863"", ""connection"": ""keep-alive"", ""x-amzn-requestid"": ""b9974706-fc90-4978-8892-3c6627995b07"", ""x-amz-apigw-id"": ""EZJFfEL35PgEbvw="", ""x-amzn-trace-id"": ""Root=1-6ab9eeef-061e748940aaeb54622721a1""}, ""RetryAttempts"": 0}, ""gatewayArn"": ""arn:aws-cn:bedrock-agentcore:cn-northwest-1:209915754514:gateway/ac-cn-0928041532-nx-dozulyh9ks"", ""gatewayId"": ""ac-cn-0928041532-nx-dozulyh9ks"", ""gatewayUrl"": ""https://ac-cn-0928041532-nx-dozulyh9ks.gateway.bedrock-agentcore.cn-northwest-1.amazonaws.com.cn/mcp"", ""createdAt"": ""2026-09-28 04:20:14.580376+00:00"", ""updatedAt"": ""2026-09-28 04:37:03.561716+00:00"", ""status"": ""UPDATING"", ""name"": ""ac-cn-0928041532-nx"", ""roleArn"": ""arn:aws-cn:iam::209915754514:role/ac-cn-0928041532-nx-agentcore"", ""protocolType"": ""MCP"", ""protocolConfiguration"": {""mcp"": {""supportedVersions"": [""2025-03-26"", ""2025-06-18"", ""2025-11-25"", ""2026-07-28""]}}, ""authorizerType"": ""AWS_IAM"", ""workloadIdentityDetails"": {""workloadIdentityArn"": ""arn:aws-cn:bedrock-agentcore:cn-northwest-1:209915754514:workload-identity-directory/default/workload-identity/ac-cn-0928041532-nx-dozulyh9ks""}, ""exceptionLevel"": ""DEBUG""}"
gateway.rate_limits,cn-northwest-1,PASS,2026-09-28T04:38:26.806441+00:00,results/cn-northwest-1-results.jsonl,155,"{""createdListedUpdatedDeleted"": true, ""zeroRateRejected"": {""status"": 429, ""headers"": {""content-type"": ""application/json"", ""x-amzn-requestid"": ""e3c65a6e-c50e-42e9-b6ee-5a6417e6f4c7""}, ""body"": {""jsonrpc"": ""2.0"", ""id"": 230044, ""error"": {""code"": -32003, ""message"": ""Rate limit exceeded"", ""data"": {""metric"": ""requests"", ""retryAfter"": 1.0, ""limitKey"": ""cn-test-limit""}}}}}"
gateway.runtime.role_invocation,cn-northwest-1,PASS,2026-09-29T01:58:28.792536+00:00,results/repro-caller-confirm-20260929/cn-northwest-1-results.jsonl,7,"{""status"": 200, ""body"": {""sum"": 42, ""runtime"": ""gateway-fixture"", ""region"": ""cn-northwest-1""}}"
gateway.runtime.runtime-caller.target,cn-northwest-1,PASS,2026-09-29T01:58:32.925312+00:00,results/repro-caller-confirm-20260929/cn-northwest-1-results.jsonl,8,"{""ResponseMetadata"": {""RequestId"": ""d48ac261-6489-45e0-9be4-af84477cb921"", ""HTTPStatusCode"": 200, ""HTTPHeaders"": {""date"": ""Tue, 29 Sep 2026 01:58:32 GMT"", ""content-type"": ""application/json"", ""content-length"": ""541"", ""connection"": ""keep-alive"", ""x-amzn-requestid"": ""d48ac261-6489-45e0-9be4-af84477cb921"", ""x-amz-apigw-id"": ""EcEzbHJB5PgEhJw="", ""x-amzn-trace-id"": ""Root=1-6abb1b48-70ba09821930cef65057acda""}, ""RetryAttempts"": 0}, ""gatewayArn"": ""arn:aws-cn:bedrock-agentcore:cn-northwest-1:209915754514:gateway/ac-cn-0929015405-nx-http-h5xpmtwmuf"", ""targetId"": ""ETFC6QNVRP"", ""createdAt"": ""2026-09-29 01:58:29.067117+00:00"", ""updatedAt"": ""2026-09-29 01:58:30.069835+00:00"", ""status"": ""READY"", ""name"": ""runtime-caller"", ""targetConfiguration"": {""http"": {""agentcoreRuntime"": {""arn"": ""arn:aws-cn:bedrock-agentcore:cn-northwest-1:209915754514:runtime/ac_cn_0929015405_nx-hb7Ki29LZR"", ""qualifier"": ""DEFAULT""}}}, ""credentialProviderConfigurations"": [{""credentialProviderType"": ""CALLER_IAM_CREDENTIALS""}]}"
gateway.runtime.runtime-role.target,cn-northwest-1,PASS,2026-09-29T01:58:25.720802+00:00,results/repro-caller-confirm-20260929/cn-northwest-1-results.jsonl,6,"{""ResponseMetadata"": {""RequestId"": ""65702a4f-fcc0-4522-b665-65780d424a7c"", ""HTTPStatusCode"": 200, ""HTTPHeaders"": {""date"": ""Tue, 29 Sep 2026 01:58:25 GMT"", ""content-type"": ""application/json"", ""content-length"": ""533"", ""connection"": ""keep-alive"", ""x-amzn-requestid"": ""65702a4f-fcc0-4522-b665-65780d424a7c"", ""x-amz-apigw-id"": ""EcEyTGd_5PgEBpQ="", ""x-amzn-trace-id"": ""Root=1-6abb1b41-3a47d36d19fec61d48299bba""}, ""RetryAttempts"": 0}, ""gatewayArn"": ""arn:aws-cn:bedrock-agentcore:cn-northwest-1:209915754514:gateway/ac-cn-0929015405-nx-http-h5xpmtwmuf"", ""targetId"": ""AZ715PNSQB"", ""createdAt"": ""2026-09-29 01:58:21.836083+00:00"", ""updatedAt"": ""2026-09-29 01:58:22.656021+00:00"", ""status"": ""READY"", ""name"": ""runtime-role"", ""targetConfiguration"": {""http"": {""agentcoreRuntime"": {""arn"": ""arn:aws-cn:bedrock-agentcore:cn-northwest-1:209915754514:runtime/ac_cn_0929015405_nx-hb7Ki29LZR"", ""qualifier"": ""DEFAULT""}}}, ""credentialProviderConfigurations"": [{""credentialProviderType"": ""GATEWAY_IAM_ROLE""}]}"
gateway.sessions.full_handshake,cn-northwest-1,PASS,2026-09-28T04:49:48.524479+00:00,results/cn-northwest-1-results.jsonl,203,"{""sessionId"": ""f93cf0a7-4be7-4c54-8c0b-cc2816f29054"", ""notificationStatus"": 202}"
gateway.sessions.initialize,cn-northwest-1,PASS,2026-09-28T04:38:16.408377+00:00,results/cn-northwest-1-results.jsonl,150,"{""status"": 200, ""headers"": {""content-type"": ""application/json"", ""x-amzn-requestid"": ""e3fe1bda-86f9-42ba-910e-5c3e16697059"", ""mcp-session-id"": ""874e16e4-31f2-4f5c-921c-4de41750b201""}, ""body"": {""jsonrpc"": ""2.0"", ""id"": 94040, ""result"": {""protocolVersion"": ""2025-11-25"", ""capabilities"": {""tools"": {""listChanged"": false}, ""prompts"": {""listChanged"": false}, ""resources"": {""listChanged"": false}}, ""serverInfo"": {""version"": ""1.0.0"", ""name"": ""ac-cn-0928041532-nx""}}}}"
gateway.sessions_streaming.configure,cn-northwest-1,PASS,2026-09-28T04:38:15.618198+00:00,results/cn-northwest-1-results.jsonl,149,"{""ResponseMetadata"": {""RequestId"": ""f67a7640-e402-4411-b7cc-9feb2b99520c"", ""HTTPStatusCode"": 202, ""HTTPHeaders"": {""date"": ""Mon, 28 Sep 2026 04:38:11 GMT"", ""content-type"": ""application/json"", ""content-length"": ""976"", ""connection"": ""keep-alive"", ""x-amzn-requestid"": ""f67a7640-e402-4411-b7cc-9feb2b99520c"", ""x-amz-apigw-id"": ""EZJQLEzE5PgEVGw="", ""x-amzn-trace-id"": ""Root=1-6ab9ef33-60e53d7d1d64860d25e1d11c""}, ""RetryAttempts"": 0}, ""gatewayArn"": ""arn:aws-cn:bedrock-agentcore:cn-northwest-1:209915754514:gateway/ac-cn-0928041532-nx-dozulyh9ks"", ""gatewayId"": ""ac-cn-0928041532-nx-dozulyh9ks"", ""gatewayUrl"": ""https://ac-cn-0928041532-nx-dozulyh9ks.gateway.bedrock-agentcore.cn-northwest-1.amazonaws.com.cn/mcp"", ""createdAt"": ""2026-09-28 04:20:14.580376+00:00"", ""updatedAt"": ""2026-09-28 04:38:11.973721+00:00"", ""status"": ""UPDATING"", ""name"": ""ac-cn-0928041532-nx"", ""roleArn"": ""arn:aws-cn:iam::209915754514:role/ac-cn-0928041532-nx-agentcore"", ""protocolType"": ""MCP"", ""protocolConfiguration"": {""mcp"": {""supportedVersions"": [""2025-03-26"", ""2025-06-18"", ""2025-11-25"", ""2026-07-28""], ""sessionConfiguration"": {""sessionTimeoutInSeconds"": 900}, ""streamingConfiguration"": {""enableResponseStreaming"": true}}}, ""authorizerType"": ""AWS_IAM"", ""workloadIdentityDetails"": {""workloadIdentityArn"": ""arn:aws-cn:bedrock-agentcore:cn-northwest-1:209915754514:workload-identity-directory/default/workload-identity/ac-cn-0928041532-nx-dozulyh9ks""}, ""exceptionLevel"": ""DEBUG""}"
gateway.smithy,cn-northwest-1,PASS,2026-09-28T04:37:25.726469+00:00,results/cn-northwest-1-results.jsonl,143,"{""targetId"": ""ZR3QBDZ0LX"", ""tool"": {""inputSchema"": {""type"": ""object"", ""properties"": {""FunctionName"": {""description"": ""<p>The name or ARN of the Lambda function.</p> <p class=\""title\""> <b>Name formats</b> </p> <ul> <li> <p> <b>Function name</b> – <code>my-function</code>.</p> </li> <li> <p> <b>Function ARN</b> – <code>arn:aws:lambda:us-west-2:123456789012:function:my-function</code>.</p> </li> <li> <p> <b>Partial ARN</b> – <code>123456789012:function:my-function</code>.</p> </li> </ul> <p>The length constraint applies only to the full ARN. If you specify only the function name, it is limited to 64 characters in length.</p>"", ""type"": ""string""}, ""UseFIPS"": {""description"": ""When true, send this request to the FIPS-compliant regional endpoint. If the configured endpoint does not have a FIPS compliant endpoint, dispatching the request will return an error."", ""type"": ""boolean""}, ""Endpoint"": {""description"": ""Override the endpoint used to send this request"", ""type"": ""string""}, ""Region"": {""description"": ""The AWS region used to dispatch the request."", ""type"": ""string""}, ""UseDualStack"": {""description"": ""When true, use the dual-stack endpoint. If the configured endpoint does not support dual-stack, dispatching the request MAY return an error."", ""type"": ""boolean""}}, ""required"": [""FunctionName""]}, ""name"": ""smithy___GetFunctionConcurrency"", ""description"": ""<p>Returns details about the reserved concurrency configuration for a function. To set a concurrency limit for a function, use <a>PutFunctionConcurrency</a>.</p>""}, ""invocation"": {""status"": 200, ""headers"": {""content-type"": ""application/json"", ""x-amzn-requestid"": ""6d81bb2e-0b6e-4398-8e4a-81c2278a4f3e""}, ""body"": {""jsonrpc"": ""2.0"", ""id"": 443339, ""result"": {""isError"": false, ""content"": [{""type"": ""text"", ""text"": ""{\""ReservedConcurrentExecutions\"":null}""}]}}}}"
gateway.streaming.progress_logging,cn-northwest-1,PASS,2026-09-28T04:49:50.655844+00:00,results/cn-northwest-1-results.jsonl,205,"{""status"": 200, ""headers"": {""content-type"": ""text/event-stream"", ""x-amzn-requestid"": ""607faceb-f8ed-4eae-90ad-6bce7a4acfa9"", ""mcp-session-id"": ""f93cf0a7-4be7-4c54-8c0b-cc2816f29054""}, ""body"": [{""jsonrpc"": ""2.0"", ""method"": ""notifications/progress"", ""params"": {""progressToken"": ""cn-progress"", ""progress"": 1, ""total"": 2}}, {""jsonrpc"": ""2.0"", ""method"": ""notifications/progress"", ""params"": {""progressToken"": ""cn-progress"", ""progress"": 2, ""total"": 2}}, {""jsonrpc"": ""2.0"", ""method"": ""notifications/message"", ""params"": {""level"": ""info"", ""data"": ""synthetic-log-ok""}}, {""jsonrpc"": ""2.0"", ""id"": 476234, ""result"": {""content"": [{""type"": ""text"", ""text"": ""mcp-echo:done""}], ""isError"": false}}]}"
gateway.streaming.tool_call,cn-northwest-1,PASS,2026-09-28T04:49:49.436851+00:00,results/cn-northwest-1-results.jsonl,204,"{""status"": 200, ""headers"": {""content-type"": ""text/event-stream"", ""x-amzn-requestid"": ""43176a8b-6f67-4a9b-b5d4-16632dc78718"", ""mcp-session-id"": ""f93cf0a7-4be7-4c54-8c0b-cc2816f29054""}, ""body"": [{""jsonrpc"": ""2.0"", ""id"": 21896, ""result"": {""isError"": false, ""content"": [{""type"": ""text"", ""text"": ""{\""sum\"":42,\""echo\"":\""\"",\""region\"":\""cn-northwest-1\"",\""tool\"":\""lambda-inline___add\""}""}]}}]}"
gateway.tags.add,cn-northwest-1,PASS,2026-09-28T04:20:19.011898+00:00,results/cn-northwest-1-results.jsonl,6,"{""ResponseMetadata"": {""RequestId"": ""4c0cb756-5b6b-41d5-9318-1e3eaad9cfdb"", ""HTTPStatusCode"": 204, ""HTTPHeaders"": {""date"": ""Mon, 28 Sep 2026 04:20:18 GMT"", ""content-type"": ""application/json"", ""content-length"": ""0"", ""connection"": ""keep-alive"", ""x-amzn-requestid"": ""4c0cb756-5b6b-41d5-9318-1e3eaad9cfdb"", ""access-control-allow-origin"": ""*"", ""x-amz-apigw-id"": ""EZGogFVcZPgEs0Q="", ""access-control-expose-headers"": ""x-amzn-ErrorType, x-amzn-RequestId, x-amzn-ErrorMessage, x-amzn-Trace-Id, x-amz-apigw-id, Date"", ""x-amzn-trace-id"": ""Root=1-6ab9eb02-74ed7256245a7b365baa4bc8""}, ""RetryAttempts"": 0}}"
gateway.tags.list,cn-northwest-1,PASS,2026-09-28T04:20:19.335030+00:00,results/cn-northwest-1-results.jsonl,7,"{""ResponseMetadata"": {""RequestId"": ""9389a190-4ffd-41ef-a7ab-5b057c22f8f1"", ""HTTPStatusCode"": 200, ""HTTPHeaders"": {""date"": ""Mon, 28 Sep 2026 04:20:19 GMT"", ""content-type"": ""application/json"", ""content-length"": ""62"", ""connection"": ""keep-alive"", ""x-amzn-requestid"": ""9389a190-4ffd-41ef-a7ab-5b057c22f8f1"", ""access-control-allow-origin"": ""*"", ""x-amz-apigw-id"": ""EZGokHETZPgETzA="", ""access-control-expose-headers"": ""x-amzn-ErrorType, x-amzn-RequestId, x-amzn-ErrorMessage, x-amzn-Trace-Id, x-amz-apigw-id, Date"", ""x-amzn-trace-id"": ""Root=1-6ab9eb03-7e917f5e6f02372004199cb3""}, ""RetryAttempts"": 0}, ""tags"": {""Feature"": ""gateway"", ""Purpose"": ""ac-cn-0928041532-nx""}}"
gateway.tags.remove,cn-northwest-1,PASS,2026-09-28T04:20:19.664282+00:00,results/cn-northwest-1-results.jsonl,8,"{""ResponseMetadata"": {""RequestId"": ""dc5d91f3-e363-4d6b-bae2-70878432bb9d"", ""HTTPStatusCode"": 204, ""HTTPHeaders"": {""date"": ""Mon, 28 Sep 2026 04:20:19 GMT"", ""content-type"": ""application/json"", ""content-length"": ""0"", ""connection"": ""keep-alive"", ""x-amzn-requestid"": ""dc5d91f3-e363-4d6b-bae2-70878432bb9d"", ""access-control-allow-origin"": ""*"", ""x-amz-apigw-id"": ""EZGonF2kZPgETyA="", ""access-control-expose-headers"": ""x-amzn-ErrorType, x-amzn-RequestId, x-amzn-ErrorMessage, x-amzn-Trace-Id, x-amz-apigw-id, Date"", ""x-amzn-trace-id"": ""Root=1-6ab9eb03-64a0c0bd5d73b1ff407dba8b""}, ""RetryAttempts"": 0}}"
gateway.targets.idempotency,cn-northwest-1,PASS,2026-09-28T05:05:54.076144+00:00,results/cn-northwest-1-results.jsonl,256,"{""sameTargetId"": ""UVNFVLSSSI""}"
gateway.targets.list,cn-northwest-1,PASS,2026-09-28T04:20:38.228653+00:00,results/cn-northwest-1-results.jsonl,20,"{""ResponseMetadata"": {""RequestId"": ""8ed8a8e3-bbb9-4dc6-8b28-2f0f08f6eb3e"", ""HTTPStatusCode"": 200, ""HTTPHeaders"": {""date"": ""Mon, 28 Sep 2026 04:20:38 GMT"", ""content-type"": ""application/json"", ""content-length"": ""748"", ""connection"": ""keep-alive"", ""x-amzn-requestid"": ""8ed8a8e3-bbb9-4dc6-8b28-2f0f08f6eb3e"", ""x-amz-apigw-id"": ""EZGrhGwsZPgEszw="", ""x-amzn-trace-id"": ""Root=1-6ab9eb16-212e04224d34704352584a50""}, ""RetryAttempts"": 0}, ""items"": [{""targetId"": ""NSR64YI9EE"", ""name"": ""lambda-inline"", ""status"": ""READY"", ""createdAt"": ""2026-09-28 04:20:19.956566+00:00"", ""updatedAt"": ""2026-09-28 04:20:20.661726+00:00"", ""targetType"": ""LAMBDA""}], ""nextToken"": ""AQED/zf5Gtas7bz7CcUvabSfKIuYxesgU0O9F+If9mEfQlpvXQAAAW0BAIQOgOlznE0FQ2oQB52Ry7naqKoAj3sTmhrekOItSqK9geCZAhioehnn2lQgnrFX4T8LFOjmMjcLj49Gd8vjAslnkziLKRtKGw0BAAAAAAAAAACavkZRfwAAAAAAAAAAAABY1rB8orUf4sCYK9MUvQdGxzWjvAfDL0WIcvOzb1noCVHixWwA0AIk1CanopMWb1cvHqFg82kyiNrg3Trc75+uAHyP9GkkrNvrSb0HF8Fj7r59Ld5WdQvKK9/hp0w0qRIYrg/mAleTCgMPjd3qaDXudrJaIzOtoBUd4fM8OKLvLhjqKu4+p4EQ01rpBWXuDOwUnDVo+rFvsLaEVq1V23zIGQ8uA4s2C1vDpyqbEBHUxtxgv09cgl8l4UGBfv+aVRoKQMpX9bSL0itftos1/GTXt9CuMq0Rlv/qmSA+iNWf4uG8hEFH3g63dLNGYaI8R43/mQVStvkAEAgWuHoJsQsgLLEkh2AFjxQAAA==""}"
gateway.targets.pagination,cn-northwest-1,PASS,2026-09-28T05:05:47.844072+00:00,results/cn-northwest-1-results.jsonl,254,"{""pages"": 11, ""uniqueTargets"": 11}"
gateway.targets.update_active_and_invoke,cn-northwest-1,PASS,2026-09-28T05:05:53.029023+00:00,results/cn-northwest-1-results.jsonl,255,"{""status"": 200, ""headers"": {""content-type"": ""application/json"", ""x-amzn-requestid"": ""a628e554-f4a6-45a3-a376-a7aaf6956616""}, ""body"": {""jsonrpc"": ""2.0"", ""id"": 493422, ""result"": {""isError"": false, ""content"": [{""type"": ""text"", ""text"": ""{\""sum\"":0,\""echo\"":\""update-ok\"",\""region\"":\""cn-northwest-1\"",\""tool\"":\""lambda-inline___echo\""}""}]}}}"
gateway.update_description,cn-northwest-1,PASS,2026-09-28T04:20:43.150096+00:00,results/cn-northwest-1-results.jsonl,25,"{""ResponseMetadata"": {""RequestId"": ""7d04b4bc-4511-4ee7-988c-9a2ec4cc2e5e"", ""HTTPStatusCode"": 202, ""HTTPHeaders"": {""date"": ""Mon, 28 Sep 2026 04:20:43 GMT"", ""content-type"": ""application/json"", ""content-length"": ""881"", ""connection"": ""keep-alive"", ""x-amzn-requestid"": ""7d04b4bc-4511-4ee7-988c-9a2ec4cc2e5e"", ""x-amz-apigw-id"": ""EZGsSEe8ZPgEj4g="", ""x-amzn-trace-id"": ""Root=1-6ab9eb1a-52d393a467500432567fe2e7""}, ""RetryAttempts"": 0}, ""gatewayArn"": ""arn:aws-cn:bedrock-agentcore:cn-northwest-1:209915754514:gateway/ac-cn-0928041532-nx-dozulyh9ks"", ""gatewayId"": ""ac-cn-0928041532-nx-dozulyh9ks"", ""gatewayUrl"": ""https://ac-cn-0928041532-nx-dozulyh9ks.gateway.bedrock-agentcore.cn-northwest-1.amazonaws.com.cn/mcp"", ""createdAt"": ""2026-09-28 04:20:14.580376+00:00"", ""updatedAt"": ""2026-09-28 04:20:43.003859+00:00"", ""status"": ""UPDATING"", ""name"": ""ac-cn-0928041532-nx"", ""description"": ""Updated by China feature test"", ""roleArn"": ""arn:aws-cn:iam::209915754514:role/ac-cn-0928041532-nx-agentcore"", ""protocolType"": ""MCP"", ""protocolConfiguration"": {""mcp"": {""instructions"": ""Synthetic China feature test""}}, ""authorizerType"": ""AWS_IAM"", ""workloadIdentityDetails"": {""workloadIdentityArn"": ""arn:aws-cn:bedrock-agentcore:cn-northwest-1:209915754514:workload-identity-directory/default/workload-identity/ac-cn-0928041532-nx-dozulyh9ks""}, ""exceptionLevel"": ""DEBUG""}"
