feature,region,status,time,source,sourceLine,evidence
browser.download.artifact_diagnostics,cn-north-1,INFO,2026-09-28T05:59:21.691675+00:00,results/retest-browser/cn-north-1-results.jsonl,16,"{""playwright"": ""1.60.0"", ""remoteChromium"": ""148.0.7778.258"", ""downloadFailure"": null, ""localArtifactExists"": false, ""localArtifactBytes"": null, ""savedBytes"": 0, ""artifactPath"": ""/tmp/playwright-artifacts-smv54E/d063e41f-4dcb-40b7-b073-0eb11e226e78"", ""remoteArtifactContent"": ""agentcore-download-ok""}"
browser.download.artifact_diagnostics,cn-northwest-1,INFO,2026-09-28T05:59:21.653657+00:00,results/retest-browser/cn-northwest-1-results.jsonl,16,"{""playwright"": ""1.60.0"", ""remoteChromium"": ""148.0.7778.258"", ""downloadFailure"": null, ""localArtifactExists"": false, ""localArtifactBytes"": null, ""savedBytes"": 0, ""artifactPath"": ""/tmp/playwright-artifacts-tfYRsX/812e5946-fc97-42ad-8e79-5f9bb2f90e87"", ""remoteArtifactContent"": ""agentcore-download-ok""}"
browser.download.cdp_file_retrieval,cn-north-1,PASS,2026-09-28T05:59:30.863602+00:00,results/retest-browser/cn-north-1-results.jsonl,18,"{""downloadedBytes"": 21, ""sha256"": ""a33249b2cad0cee73bde93d641b05c70f8eae57ac860f6f053d78edc5eba7549"", ""method"": ""DOM.setFileInputFiles + File.arrayBuffer over CDP"", ""savedFile"": ""/home/ec2-user/agentcore/cn/results/retest-browser/cn-north-1-cdp-retrieved.txt""}"
browser.download.cdp_file_retrieval,cn-northwest-1,PASS,2026-09-28T05:59:31.414503+00:00,results/retest-browser/cn-northwest-1-results.jsonl,18,"{""downloadedBytes"": 21, ""sha256"": ""a33249b2cad0cee73bde93d641b05c70f8eae57ac860f6f053d78edc5eba7549"", ""method"": ""DOM.setFileInputFiles + File.arrayBuffer over CDP"", ""savedFile"": ""/home/ec2-user/agentcore/cn/results/retest-browser/cn-northwest-1-cdp-retrieved.txt""}"
browser.download.compatible_playwright,cn-north-1,FAIL,2026-09-28T05:59:21.692073+00:00,results/retest-browser/cn-north-1-results.jsonl,17,"{""type"": ""AssertionError"", ""message"": ""{'playwright': '1.60.0', 'remoteChromium': '148.0.7778.258', 'downloadFailure': None, 'localArtifactExists': False, 'localArtifactBytes': None, 'savedBytes': 0, 'artifactPath': '/tmp/playwright-artifacts-smv54E/d063e41f-4dcb-40b7-b073-0eb11e226e78', 'remoteArtifactContent': 'agentcore-download-ok'}"", ""traceback"": ""Traceback (most recent call last):\n  File \""/home/ec2-user/agentcore/cn/suite.py\"", line 77, in test\n    result = fn()\n             ^^^^\n  File \""/home/ec2-user/agentcore/cn/retest_browser_deep.py\"", line 35, in retrieve\n    assert dest.read_bytes()==b\""agentcore-download-ok\"",evidence\n           ^^^^^^^^^^^^^^^^^^^^^^^^^^^^^^^^^^^^^^^^^^^\nAssertionError: {'playwright': '1.60.0', 'remoteChromium': '148.0.7778.258', 'downloadFailure': None, 'localArtifactExists': False, 'localArtifactBytes': None, 'savedBytes': 0, 'artifactPath': '/tmp/playwright-artifacts-smv54E/d063e41f-4dcb-40b7-b073-0eb11e226e78', 'remoteArtifactContent': 'agentcore-download-ok'}\n""}"
browser.download.compatible_playwright,cn-northwest-1,FAIL,2026-09-28T05:59:21.654235+00:00,results/retest-browser/cn-northwest-1-results.jsonl,17,"{""type"": ""AssertionError"", ""message"": ""{'playwright': '1.60.0', 'remoteChromium': '148.0.7778.258', 'downloadFailure': None, 'localArtifactExists': False, 'localArtifactBytes': None, 'savedBytes': 0, 'artifactPath': '/tmp/playwright-artifacts-tfYRsX/812e5946-fc97-42ad-8e79-5f9bb2f90e87', 'remoteArtifactContent': 'agentcore-download-ok'}"", ""traceback"": ""Traceback (most recent call last):\n  File \""/home/ec2-user/agentcore/cn/suite.py\"", line 77, in test\n    result = fn()\n             ^^^^\n  File \""/home/ec2-user/agentcore/cn/retest_browser_deep.py\"", line 35, in retrieve\n    assert dest.read_bytes()==b\""agentcore-download-ok\"",evidence\n           ^^^^^^^^^^^^^^^^^^^^^^^^^^^^^^^^^^^^^^^^^^^\nAssertionError: {'playwright': '1.60.0', 'remoteChromium': '148.0.7778.258', 'downloadFailure': None, 'localArtifactExists': False, 'localArtifactBytes': None, 'savedBytes': 0, 'artifactPath': '/tmp/playwright-artifacts-tfYRsX/812e5946-fc97-42ad-8e79-5f9bb2f90e87', 'remoteArtifactContent': 'agentcore-download-ok'}\n""}"
browser.download.local_baseline,cn-north-1,PASS,2026-09-28T05:43:29.771834+00:00,results/retest/cn-north-1-results.jsonl,7,"{""bytes"": 21, ""localBrowser"": ""153.0.8010.12""}"
browser.download.local_baseline,cn-northwest-1,PASS,2026-09-28T05:43:33.501942+00:00,results/retest/cn-northwest-1-results.jsonl,7,"{""bytes"": 21, ""localBrowser"": ""153.0.8010.12""}"
browser.download.remote_file_retrieval.binary.bin,cn-north-1,PASS,2026-09-28T06:10:14.056917+00:00,results/retest-browser/cn-north-1-results.jsonl,22,"{""bytes"": 8192, ""sha256"": ""dc404a613fedaeb54034514bc6505f56b933caa5250299ba7d094377a51caa46"", ""savedFile"": ""/home/ec2-user/agentcore/cn/results/retest-browser/cn-north-1-retrieved-binary.bin"", ""method"": ""DOM.setFileInputFiles + File.arrayBuffer over CDP""}"
browser.download.remote_file_retrieval.binary.bin,cn-northwest-1,PASS,2026-09-28T06:10:15.823823+00:00,results/retest-browser/cn-northwest-1-results.jsonl,22,"{""bytes"": 8192, ""sha256"": ""dc404a613fedaeb54034514bc6505f56b933caa5250299ba7d094377a51caa46"", ""savedFile"": ""/home/ec2-user/agentcore/cn/results/retest-browser/cn-northwest-1-retrieved-binary.bin"", ""method"": ""DOM.setFileInputFiles + File.arrayBuffer over CDP""}"
browser.download.remote_file_retrieval.text.txt,cn-north-1,PASS,2026-09-28T06:10:04.691060+00:00,results/retest-browser/cn-north-1-results.jsonl,21,"{""bytes"": 21, ""sha256"": ""a33249b2cad0cee73bde93d641b05c70f8eae57ac860f6f053d78edc5eba7549"", ""savedFile"": ""/home/ec2-user/agentcore/cn/results/retest-browser/cn-north-1-retrieved-text.txt"", ""method"": ""DOM.setFileInputFiles + File.arrayBuffer over CDP""}"
browser.download.remote_file_retrieval.text.txt,cn-northwest-1,PASS,2026-09-28T06:10:05.749974+00:00,results/retest-browser/cn-northwest-1-results.jsonl,21,"{""bytes"": 21, ""sha256"": ""a33249b2cad0cee73bde93d641b05c70f8eae57ac860f6f053d78edc5eba7549"", ""savedFile"": ""/home/ec2-user/agentcore/cn/results/retest-browser/cn-northwest-1-retrieved-text.txt"", ""method"": ""DOM.setFileInputFiles + File.arrayBuffer over CDP""}"
browser.download.save_as.default,cn-north-1,FAIL,2026-09-28T05:42:36.769779+00:00,results/retest/cn-north-1-results.jsonl,4,"{""type"": ""AssertionError"", ""message"": ""{'bytes': 0, 'failure': None, 'suggestedFilename': 'retest.txt', 'remoteBrowser': '148.0.7778.258', 'context': 'default'}"", ""traceback"": ""Traceback (most recent call last):\n  File \""/home/ec2-user/agentcore/cn/suite.py\"", line 77, in test\n    result = fn()\n             ^^^^\n  File \""/home/ec2-user/agentcore/cn/retest_browser.py\"", line 44, in download\n    assert dest.read_bytes()==b\""agentcore-download-ok\"", evidence\n           ^^^^^^^^^^^^^^^^^^^^^^^^^^^^^^^^^^^^^^^^^^^\nAssertionError: {'bytes': 0, 'failure': None, 'suggestedFilename': 'retest.txt', 'remoteBrowser': '148.0.7778.258', 'context': 'default'}\n""}"
browser.download.save_as.default,cn-northwest-1,FAIL,2026-09-28T05:42:38.652298+00:00,results/retest/cn-northwest-1-results.jsonl,4,"{""type"": ""AssertionError"", ""message"": ""{'bytes': 0, 'failure': None, 'suggestedFilename': 'retest.txt', 'remoteBrowser': '148.0.7778.258', 'context': 'default'}"", ""traceback"": ""Traceback (most recent call last):\n  File \""/home/ec2-user/agentcore/cn/suite.py\"", line 77, in test\n    result = fn()\n             ^^^^\n  File \""/home/ec2-user/agentcore/cn/retest_browser.py\"", line 44, in download\n    assert dest.read_bytes()==b\""agentcore-download-ok\"", evidence\n           ^^^^^^^^^^^^^^^^^^^^^^^^^^^^^^^^^^^^^^^^^^^\nAssertionError: {'bytes': 0, 'failure': None, 'suggestedFilename': 'retest.txt', 'remoteBrowser': '148.0.7778.258', 'context': 'default'}\n""}"
browser.download.save_as.new,cn-north-1,FAIL,2026-09-28T05:42:41.494455+00:00,results/retest/cn-north-1-results.jsonl,5,"{""type"": ""AssertionError"", ""message"": ""{'bytes': 0, 'failure': None, 'suggestedFilename': 'retest.txt', 'remoteBrowser': '148.0.7778.258', 'context': 'new'}"", ""traceback"": ""Traceback (most recent call last):\n  File \""/home/ec2-user/agentcore/cn/suite.py\"", line 77, in test\n    result = fn()\n             ^^^^\n  File \""/home/ec2-user/agentcore/cn/retest_browser.py\"", line 44, in download\n    assert dest.read_bytes()==b\""agentcore-download-ok\"", evidence\n           ^^^^^^^^^^^^^^^^^^^^^^^^^^^^^^^^^^^^^^^^^^^\nAssertionError: {'bytes': 0, 'failure': None, 'suggestedFilename': 'retest.txt', 'remoteBrowser': '148.0.7778.258', 'context': 'new'}\n""}"
browser.download.save_as.new,cn-northwest-1,FAIL,2026-09-28T05:42:44.416617+00:00,results/retest/cn-northwest-1-results.jsonl,5,"{""type"": ""AssertionError"", ""message"": ""{'bytes': 0, 'failure': None, 'suggestedFilename': 'retest.txt', 'remoteBrowser': '148.0.7778.258', 'context': 'new'}"", ""traceback"": ""Traceback (most recent call last):\n  File \""/home/ec2-user/agentcore/cn/suite.py\"", line 77, in test\n    result = fn()\n             ^^^^\n  File \""/home/ec2-user/agentcore/cn/retest_browser.py\"", line 44, in download\n    assert dest.read_bytes()==b\""agentcore-download-ok\"", evidence\n           ^^^^^^^^^^^^^^^^^^^^^^^^^^^^^^^^^^^^^^^^^^^\nAssertionError: {'bytes': 0, 'failure': None, 'suggestedFilename': 'retest.txt', 'remoteBrowser': '148.0.7778.258', 'context': 'new'}\n""}"
browser.live_view.dcv_frame_and_input,cn-north-1,PASS,2026-09-28T06:48:46.894890+00:00,results/retest-livewait-default/cn-north-1-results.jsonl,8,"{""observations"": [{""attempt"": ""initial_5min"", ""originalAttemptTime"": ""2026-09-28T06:43:25.871721+00:00"", ""observationSeconds"": 300.462, ""events"": [{""event"": ""authenticate.start"", ""time"": ""2026-09-28T06:38:23.775Z"", ""elapsedSeconds"": 0.01}, {""event"": ""authenticate.success"", ""time"": ""2026-09-28T06:38:25.559Z"", ""elapsedSeconds"": 1.794, ""sessionCount"": 1, ""authTokenPresent"": true}, {""event"": ""connect.start"", ""time"": ""2026-09-28T06:38:25.572Z"", ""elapsedSeconds"": 1.807}, {""event"": ""authenticate.error"", ""time"": ""2026-09-28T06:38:25.789Z"", ""elapsedSeconds"": 2.024, ""message"": ""Failed to communicate with server.""}, {""event"": ""connect.success"", ""time"": ""2026-09-28T06:38:26.781Z"", ""elapsedSeconds"": 3.016}, {""event"": ""display.firstFrame"", ""time"": ""2026-09-28T06:38:30.215Z"", ""elapsedSeconds"": 6.45}], ""finalWebsocketCounters"": {""opened"": 6, ""closed"": 1, ""errors"": 1, ""receivedFrames"": 1261, ""receivedBytes"": 413321}, ""sessionId"": ""01M3KBRKNKYFGPVS882K33WR3E"", ""source"": ""results/retest-livewait-default/cn-north-1-results.jsonl"", ""scope"": ""Display connected, first frame received, incoming stream continued throughout observation"", ""inputCorrection"": ""Original combined check used content coordinates on a full-window stream; input separately passed with browser toolbar offset""}, {""attempt"": ""fresh_signature_retry_5min"", ""originalAttemptTime"": ""2026-09-28T06:48:29.824514+00:00"", ""observationSeconds"": 300.487, ""events"": [{""event"": ""authenticate.start"", ""time"": ""2026-09-28T06:43:27.719Z"", ""elapsedSeconds"": 0.011}, {""event"": ""authenticate.success"", ""time"": ""2026-09-28T06:43:29.859Z"", ""elapsedSeconds"": 2.151, ""sessionCount"": 1, ""authTokenPresent"": true}, {""event"": ""connect.start"", ""time"": ""2026-09-28T06:43:29.870Z"", ""elapsedSeconds"": 2.162}, {""event"": ""authenticate.error"", ""time"": ""2026-09-28T06:43:30.086Z"", ""elapsedSeconds"": 2.377, ""message"": ""Failed to communicate with server.""}, {""event"": ""connect.success"", ""time"": ""2026-09-28T06:43:31.204Z"", ""elapsedSeconds"": 3.496}, {""event"": ""display.firstFrame"", ""time"": ""2026-09-28T06:43:34.426Z"", ""elapsedSeconds"": 6.718}], ""finalWebsocketCounters"": {""opened"": 6, ""closed"": 1, ""errors"": 1, ""receivedFrames"": 2689, ""receivedBytes"": 738497}, ""sessionId"": ""01M3KBRKNKYFGPVS882K33WR3E"", ""source"": ""results/retest-livewait-default/cn-north-1-results.jsonl"", ""scope"": ""Display connected, first frame received, incoming stream continued throughout observation"", ""inputCorrection"": ""Original combined check used content coordinates on a full-window stream; input separately passed with browser toolbar offset""}], ""frameAndInputControl"": {""source"": ""results/retest-live-signature/cn-north-1-results.jsonl"", ""time"": ""2026-09-28T06:40:15.231575+00:00"", ""evidence"": {""authenticated"": true, ""connected"": true, ""firstFrame"": true, ""errors"": [""Failed to communicate with server.""], ""events"": [{""event"": ""authenticate.start"", ""time"": ""2026-09-28T06:40:05.057Z"", ""elapsedSeconds"": 0.011}, {""event"": ""authenticate.success"", ""time"": ""2026-09-28T06:40:06.859Z"", ""elapsedSeconds"": 1.813, ""sessionCount"": 1, ""authTokenPresent"": true}, {""event"": ""connect.start"", ""time"": ""2026-09-28T06:40:06.871Z"", ""elapsedSeconds"": 1.825}, {""event"": ""authenticate.error"", ""time"": ""2026-09-28T06:40:07.081Z"", ""elapsedSeconds"": 2.035, ""message"": ""Failed to communicate with server.""}, {""event"": ""connect.success"", ""time"": ""2026-09-28T06:40:08.091Z"", ""elapsedSeconds"": 3.045}, {""event"": ""display.firstFrame"", ""time"": ""2026-09-28T06:40:11.408Z"", ""elapsedSeconds"": 6.362}], ""clientErrors"": [{""url"": ""wss://bedrock-agentcore.cn-north-1.amazonaws.com.cn/browser-streams/aws.browser.v1/sessions/01M3KBVS7A5W6DJ3JTFR2W32JM/live-view/auth"", ""error"": ""Close received after close""}, ""Object""], ""remoteWindowGeometry"": {""outerWidth"": 1279, ""outerHeight"": 719, ""innerWidth"": 1279, ""innerHeight"": 632, ""screenX"": 0, ""screenY"": 0, ""target"": {""x"": 290, ""y"": 105}}, ""remoteInput"": ""dcv-official-input-ok""}}, ""previousVerdictCorrection"": ""Original harness exited on a post-success authentication-socket error before the display first frame"", ""actualFirstFrameCriterion"": ""Wait for display.firstFrame; record authentication-socket errors without prematurely ending the display observation""}"
browser.live_view.dcv_frame_and_input,cn-northwest-1,PASS,2026-09-28T06:48:46.931730+00:00,results/retest-livewait-default/cn-northwest-1-results.jsonl,8,"{""observations"": [{""attempt"": ""initial_5min"", ""originalAttemptTime"": ""2026-09-28T06:43:29.002716+00:00"", ""observationSeconds"": 300.524, ""events"": [{""event"": ""authenticate.start"", ""time"": ""2026-09-28T06:38:26.551Z"", ""elapsedSeconds"": 0.011}, {""event"": ""authenticate.success"", ""time"": ""2026-09-28T06:38:28.405Z"", ""elapsedSeconds"": 1.864, ""sessionCount"": 1, ""authTokenPresent"": true}, {""event"": ""connect.start"", ""time"": ""2026-09-28T06:38:28.416Z"", ""elapsedSeconds"": 1.876}, {""event"": ""authenticate.error"", ""time"": ""2026-09-28T06:38:28.651Z"", ""elapsedSeconds"": 2.111, ""message"": ""Failed to communicate with server.""}, {""event"": ""connect.success"", ""time"": ""2026-09-28T06:38:29.729Z"", ""elapsedSeconds"": 3.189}, {""event"": ""display.firstFrame"", ""time"": ""2026-09-28T06:38:33.268Z"", ""elapsedSeconds"": 6.728}], ""finalWebsocketCounters"": {""opened"": 6, ""closed"": 1, ""errors"": 1, ""receivedFrames"": 1218, ""receivedBytes"": 373290}, ""sessionId"": ""01M3KBRKPMCFC2WSMXK3ZTSPF2"", ""source"": ""results/retest-livewait-default/cn-northwest-1-results.jsonl"", ""scope"": ""Display connected, first frame received, incoming stream continued throughout observation"", ""inputCorrection"": ""Original combined check used content coordinates on a full-window stream; input separately passed with browser toolbar offset""}, {""attempt"": ""fresh_signature_retry_5min"", ""originalAttemptTime"": ""2026-09-28T06:48:33.608172+00:00"", ""observationSeconds"": 300.54, ""events"": [{""event"": ""authenticate.start"", ""time"": ""2026-09-28T06:43:31.151Z"", ""elapsedSeconds"": 0.011}, {""event"": ""authenticate.success"", ""time"": ""2026-09-28T06:43:33.312Z"", ""elapsedSeconds"": 2.172, ""sessionCount"": 1, ""authTokenPresent"": true}, {""event"": ""connect.start"", ""time"": ""2026-09-28T06:43:33.323Z"", ""elapsedSeconds"": 2.183}, {""event"": ""authenticate.error"", ""time"": ""2026-09-28T06:43:33.569Z"", ""elapsedSeconds"": 2.429, ""message"": ""Failed to communicate with server.""}, {""event"": ""connect.success"", ""time"": ""2026-09-28T06:43:34.739Z"", ""elapsedSeconds"": 3.599}, {""event"": ""display.firstFrame"", ""time"": ""2026-09-28T06:43:38.654Z"", ""elapsedSeconds"": 7.514}], ""finalWebsocketCounters"": {""opened"": 6, ""closed"": 1, ""errors"": 1, ""receivedFrames"": 2648, ""receivedBytes"": 672307}, ""sessionId"": ""01M3KBRKPMCFC2WSMXK3ZTSPF2"", ""source"": ""results/retest-livewait-default/cn-northwest-1-results.jsonl"", ""scope"": ""Display connected, first frame received, incoming stream continued throughout observation"", ""inputCorrection"": ""Original combined check used content coordinates on a full-window stream; input separately passed with browser toolbar offset""}], ""frameAndInputControl"": {""source"": ""results/retest-live-signature/cn-northwest-1-results.jsonl"", ""time"": ""2026-09-28T06:40:17.304715+00:00"", ""evidence"": {""authenticated"": true, ""connected"": true, ""firstFrame"": true, ""errors"": [""Failed to communicate with server.""], ""events"": [{""event"": ""authenticate.start"", ""time"": ""2026-09-28T06:40:05.992Z"", ""elapsedSeconds"": 0.011}, {""event"": ""authenticate.success"", ""time"": ""2026-09-28T06:40:07.964Z"", ""elapsedSeconds"": 1.983, ""sessionCount"": 1, ""authTokenPresent"": true}, {""event"": ""connect.start"", ""time"": ""2026-09-28T06:40:07.976Z"", ""elapsedSeconds"": 1.995}, {""event"": ""authenticate.error"", ""time"": ""2026-09-28T06:40:08.227Z"", ""elapsedSeconds"": 2.246, ""message"": ""Failed to communicate with server.""}, {""event"": ""connect.success"", ""time"": ""2026-09-28T06:40:09.411Z"", ""elapsedSeconds"": 3.43}, {""event"": ""display.firstFrame"", ""time"": ""2026-09-28T06:40:12.940Z"", ""elapsedSeconds"": 6.959}], ""clientErrors"": [{""url"": ""wss://bedrock-agentcore.cn-northwest-1.amazonaws.com.cn/browser-streams/aws.browser.v1/sessions/01M3KBVSD99E87B68QCTNYGM1K/live-view/auth"", ""error"": ""Close received after close""}], ""remoteWindowGeometry"": {""outerWidth"": 1279, ""outerHeight"": 719, ""innerWidth"": 1279, ""innerHeight"": 632, ""screenX"": 0, ""screenY"": 0, ""target"": {""x"": 290, ""y"": 105}}, ""remoteInput"": ""dcv-official-input-ok""}}, ""previousVerdictCorrection"": ""Original harness exited on a post-success authentication-socket error before the display first frame"", ""actualFirstFrameCriterion"": ""Wait for display.firstFrame; record authentication-socket errors without prematurely ending the display observation""}"
browser.live_view.default_signature_control,cn-north-1,PASS,2026-09-28T06:40:15.231575+00:00,results/retest-live-signature/cn-north-1-results.jsonl,4,"{""authenticated"": true, ""connected"": true, ""firstFrame"": true, ""errors"": [""Failed to communicate with server.""], ""events"": [{""event"": ""authenticate.start"", ""time"": ""2026-09-28T06:40:05.057Z"", ""elapsedSeconds"": 0.011}, {""event"": ""authenticate.success"", ""time"": ""2026-09-28T06:40:06.859Z"", ""elapsedSeconds"": 1.813, ""sessionCount"": 1, ""authTokenPresent"": true}, {""event"": ""connect.start"", ""time"": ""2026-09-28T06:40:06.871Z"", ""elapsedSeconds"": 1.825}, {""event"": ""authenticate.error"", ""time"": ""2026-09-28T06:40:07.081Z"", ""elapsedSeconds"": 2.035, ""message"": ""Failed to communicate with server.""}, {""event"": ""connect.success"", ""time"": ""2026-09-28T06:40:08.091Z"", ""elapsedSeconds"": 3.045}, {""event"": ""display.firstFrame"", ""time"": ""2026-09-28T06:40:11.408Z"", ""elapsedSeconds"": 6.362}], ""clientErrors"": [{""url"": ""wss://bedrock-agentcore.cn-north-1.amazonaws.com.cn/browser-streams/aws.browser.v1/sessions/01M3KBVS7A5W6DJ3JTFR2W32JM/live-view/auth"", ""error"": ""Close received after close""}, ""Object""], ""remoteWindowGeometry"": {""outerWidth"": 1279, ""outerHeight"": 719, ""innerWidth"": 1279, ""innerHeight"": 632, ""screenX"": 0, ""screenY"": 0, ""target"": {""x"": 290, ""y"": 105}}, ""remoteInput"": ""dcv-official-input-ok""}"
browser.live_view.default_signature_control,cn-northwest-1,PASS,2026-09-28T06:40:17.304715+00:00,results/retest-live-signature/cn-northwest-1-results.jsonl,4,"{""authenticated"": true, ""connected"": true, ""firstFrame"": true, ""errors"": [""Failed to communicate with server.""], ""events"": [{""event"": ""authenticate.start"", ""time"": ""2026-09-28T06:40:05.992Z"", ""elapsedSeconds"": 0.011}, {""event"": ""authenticate.success"", ""time"": ""2026-09-28T06:40:07.964Z"", ""elapsedSeconds"": 1.983, ""sessionCount"": 1, ""authTokenPresent"": true}, {""event"": ""connect.start"", ""time"": ""2026-09-28T06:40:07.976Z"", ""elapsedSeconds"": 1.995}, {""event"": ""authenticate.error"", ""time"": ""2026-09-28T06:40:08.227Z"", ""elapsedSeconds"": 2.246, ""message"": ""Failed to communicate with server.""}, {""event"": ""connect.success"", ""time"": ""2026-09-28T06:40:09.411Z"", ""elapsedSeconds"": 3.43}, {""event"": ""display.firstFrame"", ""time"": ""2026-09-28T06:40:12.940Z"", ""elapsedSeconds"": 6.959}], ""clientErrors"": [{""url"": ""wss://bedrock-agentcore.cn-northwest-1.amazonaws.com.cn/browser-streams/aws.browser.v1/sessions/01M3KBVSD99E87B68QCTNYGM1K/live-view/auth"", ""error"": ""Close received after close""}], ""remoteWindowGeometry"": {""outerWidth"": 1279, ""outerHeight"": 719, ""innerWidth"": 1279, ""innerHeight"": 632, ""screenX"": 0, ""screenY"": 0, ""target"": {""x"": 290, ""y"": 105}}, ""remoteInput"": ""dcv-official-input-ok""}"
browser.live_view.extended_wait.display.fresh_signature_retry_5min,cn-north-1,PASS,2026-09-28T06:48:46.893990+00:00,results/retest-livewait-default/cn-north-1-results.jsonl,6,"{""attempt"": ""fresh_signature_retry_5min"", ""originalAttemptTime"": ""2026-09-28T06:48:29.824514+00:00"", ""observationSeconds"": 300.487, ""events"": [{""event"": ""authenticate.start"", ""time"": ""2026-09-28T06:43:27.719Z"", ""elapsedSeconds"": 0.011}, {""event"": ""authenticate.success"", ""time"": ""2026-09-28T06:43:29.859Z"", ""elapsedSeconds"": 2.151, ""sessionCount"": 1, ""authTokenPresent"": true}, {""event"": ""connect.start"", ""time"": ""2026-09-28T06:43:29.870Z"", ""elapsedSeconds"": 2.162}, {""event"": ""authenticate.error"", ""time"": ""2026-09-28T06:43:30.086Z"", ""elapsedSeconds"": 2.377, ""message"": ""Failed to communicate with server.""}, {""event"": ""connect.success"", ""time"": ""2026-09-28T06:43:31.204Z"", ""elapsedSeconds"": 3.496}, {""event"": ""display.firstFrame"", ""time"": ""2026-09-28T06:43:34.426Z"", ""elapsedSeconds"": 6.718}], ""finalWebsocketCounters"": {""opened"": 6, ""closed"": 1, ""errors"": 1, ""receivedFrames"": 2689, ""receivedBytes"": 738497}, ""sessionId"": ""01M3KBRKNKYFGPVS882K33WR3E"", ""source"": ""results/retest-livewait-default/cn-north-1-results.jsonl"", ""scope"": ""Display connected, first frame received, incoming stream continued throughout observation"", ""inputCorrection"": ""Original combined check used content coordinates on a full-window stream; input separately passed with browser toolbar offset""}"
browser.live_view.extended_wait.display.fresh_signature_retry_5min,cn-northwest-1,PASS,2026-09-28T06:48:46.930932+00:00,results/retest-livewait-default/cn-northwest-1-results.jsonl,6,"{""attempt"": ""fresh_signature_retry_5min"", ""originalAttemptTime"": ""2026-09-28T06:48:33.608172+00:00"", ""observationSeconds"": 300.54, ""events"": [{""event"": ""authenticate.start"", ""time"": ""2026-09-28T06:43:31.151Z"", ""elapsedSeconds"": 0.011}, {""event"": ""authenticate.success"", ""time"": ""2026-09-28T06:43:33.312Z"", ""elapsedSeconds"": 2.172, ""sessionCount"": 1, ""authTokenPresent"": true}, {""event"": ""connect.start"", ""time"": ""2026-09-28T06:43:33.323Z"", ""elapsedSeconds"": 2.183}, {""event"": ""authenticate.error"", ""time"": ""2026-09-28T06:43:33.569Z"", ""elapsedSeconds"": 2.429, ""message"": ""Failed to communicate with server.""}, {""event"": ""connect.success"", ""time"": ""2026-09-28T06:43:34.739Z"", ""elapsedSeconds"": 3.599}, {""event"": ""display.firstFrame"", ""time"": ""2026-09-28T06:43:38.654Z"", ""elapsedSeconds"": 7.514}], ""finalWebsocketCounters"": {""opened"": 6, ""closed"": 1, ""errors"": 1, ""receivedFrames"": 2648, ""receivedBytes"": 672307}, ""sessionId"": ""01M3KBRKPMCFC2WSMXK3ZTSPF2"", ""source"": ""results/retest-livewait-default/cn-northwest-1-results.jsonl"", ""scope"": ""Display connected, first frame received, incoming stream continued throughout observation"", ""inputCorrection"": ""Original combined check used content coordinates on a full-window stream; input separately passed with browser toolbar offset""}"
browser.live_view.extended_wait.display.initial_5min,cn-north-1,PASS,2026-09-28T06:48:46.893769+00:00,results/retest-livewait-default/cn-north-1-results.jsonl,5,"{""attempt"": ""initial_5min"", ""originalAttemptTime"": ""2026-09-28T06:43:25.871721+00:00"", ""observationSeconds"": 300.462, ""events"": [{""event"": ""authenticate.start"", ""time"": ""2026-09-28T06:38:23.775Z"", ""elapsedSeconds"": 0.01}, {""event"": ""authenticate.success"", ""time"": ""2026-09-28T06:38:25.559Z"", ""elapsedSeconds"": 1.794, ""sessionCount"": 1, ""authTokenPresent"": true}, {""event"": ""connect.start"", ""time"": ""2026-09-28T06:38:25.572Z"", ""elapsedSeconds"": 1.807}, {""event"": ""authenticate.error"", ""time"": ""2026-09-28T06:38:25.789Z"", ""elapsedSeconds"": 2.024, ""message"": ""Failed to communicate with server.""}, {""event"": ""connect.success"", ""time"": ""2026-09-28T06:38:26.781Z"", ""elapsedSeconds"": 3.016}, {""event"": ""display.firstFrame"", ""time"": ""2026-09-28T06:38:30.215Z"", ""elapsedSeconds"": 6.45}], ""finalWebsocketCounters"": {""opened"": 6, ""closed"": 1, ""errors"": 1, ""receivedFrames"": 1261, ""receivedBytes"": 413321}, ""sessionId"": ""01M3KBRKNKYFGPVS882K33WR3E"", ""source"": ""results/retest-livewait-default/cn-north-1-results.jsonl"", ""scope"": ""Display connected, first frame received, incoming stream continued throughout observation"", ""inputCorrection"": ""Original combined check used content coordinates on a full-window stream; input separately passed with browser toolbar offset""}"
browser.live_view.extended_wait.display.initial_5min,cn-northwest-1,PASS,2026-09-28T06:48:46.930715+00:00,results/retest-livewait-default/cn-northwest-1-results.jsonl,5,"{""attempt"": ""initial_5min"", ""originalAttemptTime"": ""2026-09-28T06:43:29.002716+00:00"", ""observationSeconds"": 300.524, ""events"": [{""event"": ""authenticate.start"", ""time"": ""2026-09-28T06:38:26.551Z"", ""elapsedSeconds"": 0.011}, {""event"": ""authenticate.success"", ""time"": ""2026-09-28T06:38:28.405Z"", ""elapsedSeconds"": 1.864, ""sessionCount"": 1, ""authTokenPresent"": true}, {""event"": ""connect.start"", ""time"": ""2026-09-28T06:38:28.416Z"", ""elapsedSeconds"": 1.876}, {""event"": ""authenticate.error"", ""time"": ""2026-09-28T06:38:28.651Z"", ""elapsedSeconds"": 2.111, ""message"": ""Failed to communicate with server.""}, {""event"": ""connect.success"", ""time"": ""2026-09-28T06:38:29.729Z"", ""elapsedSeconds"": 3.189}, {""event"": ""display.firstFrame"", ""time"": ""2026-09-28T06:38:33.268Z"", ""elapsedSeconds"": 6.728}], ""finalWebsocketCounters"": {""opened"": 6, ""closed"": 1, ""errors"": 1, ""receivedFrames"": 1218, ""receivedBytes"": 373290}, ""sessionId"": ""01M3KBRKPMCFC2WSMXK3ZTSPF2"", ""source"": ""results/retest-livewait-default/cn-northwest-1-results.jsonl"", ""scope"": ""Display connected, first frame received, incoming stream continued throughout observation"", ""inputCorrection"": ""Original combined check used content coordinates on a full-window stream; input separately passed with browser toolbar offset""}"
browser.live_view.extended_wait.fresh_signature_retry_5min,cn-north-1,PASS,2026-09-28T06:48:29.824514+00:00,results/retest-livewait-default/cn-north-1-results.jsonl,2,"{""sessionId"": ""01M3KBRKNKYFGPVS882K33WR3E"", ""attempt"": ""fresh_signature_retry_5min"", ""configuredObservationSeconds"": 300, ""actualObservationSeconds"": 300.487, ""signatureExpirySeconds"": 300, ""sessionTimeoutSeconds"": 1800, ""sessionAgeAtStartSeconds"": 312.872, ""stoppedEarlyOnError"": false, ""probe"": {""authenticated"": true, ""connected"": true, ""firstFrame"": true, ""errors"": [""Failed to communicate with server.""], ""events"": [{""event"": ""authenticate.start"", ""time"": ""2026-09-28T06:43:27.719Z"", ""elapsedSeconds"": 0.011}, {""event"": ""authenticate.success"", ""time"": ""2026-09-28T06:43:29.859Z"", ""elapsedSeconds"": 2.151, ""sessionCount"": 1, ""authTokenPresent"": true}, {""event"": ""connect.start"", ""time"": ""2026-09-28T06:43:29.870Z"", ""elapsedSeconds"": 2.162}, {""event"": ""authenticate.error"", ""time"": ""2026-09-28T06:43:30.086Z"", ""elapsedSeconds"": 2.377, ""message"": ""Failed to communicate with server.""}, {""event"": ""connect.success"", ""time"": ""2026-09-28T06:43:31.204Z"", ""elapsedSeconds"": 3.496}, {""event"": ""display.firstFrame"", ""time"": ""2026-09-28T06:43:34.426Z"", ""elapsedSeconds"": 6.718}]}, ""websocket"": {""opened"": 6, ""closed"": 1, ""errors"": 1, ""receivedFrames"": 2689, ""receivedBytes"": 738497}, ""networkEvents"": [{""event"": ""websocket.opened"", ""url"": ""wss://bedrock-agentcore.cn-north-1.amazonaws.com.cn/browser-streams/aws.browser.v1/sessions/01M3KBRKNKYFGPVS882K33WR3E/live-view/auth""}, {""event"": ""websocket.handshake"", ""status"": 101, ""requestId"": ""2422144.4""}, {""event"": ""websocket.error"", ""url"": ""wss://bedrock-agentcore.cn-north-1.amazonaws.com.cn/browser-streams/aws.browser.v1/sessions/01M3KBRKNKYFGPVS882K33WR3E/live-view/auth"", ""message"": ""Close received after close""}, {""event"": ""websocket.closed"", ""url"": ""wss://bedrock-agentcore.cn-north-1.amazonaws.com.cn/browser-streams/aws.browser.v1/sessions/01M3KBRKNKYFGPVS882K33WR3E/live-view/auth""}, {""event"": ""websocket.opened"", ""url"": ""wss://bedrock-agentcore.cn-north-1.amazonaws.com.cn/browser-streams/aws.browser.v1/sessions/01M3KBRKNKYFGPVS882K33WR3E/live-view/ws""}, {""event"": ""websocket.handshake"", ""status"": 101, ""requestId"": ""2422144.5""}, {""event"": ""page.error"", ""message"": ""Object""}, {""event"": ""websocket.opened"", ""url"": ""wss://bedrock-agentcore.cn-north-1.amazonaws.com.cn/browser-streams/aws.browser.v1/sessions/01M3KBRKNKYFGPVS882K33WR3E/live-view/ws""}, {""event"": ""websocket.opened"", ""url"": ""wss://bedrock-agentcore.cn-north-1.amazonaws.com.cn/browser-streams/aws.browser.v1/sessions/01M3KBRKNKYFGPVS882K33WR3E/live-view/ws""}, {""event"": ""websocket.handshake"", ""status"": 101, ""requestId"": ""2422144.6""}, {""event"": ""websocket.handshake"", ""status"": 101, ""requestId"": ""2422144.7""}, {""event"": ""websocket.opened"", ""url"": ""wss://bedrock-agentcore.cn-north-1.amazonaws.com.cn/browser-streams/aws.browser.v1/sessions/01M3KBRKNKYFGPVS882K33WR3E/live-view/ws""}, {""event"": ""websocket.opened"", ""url"": ""wss://bedrock-agentcore.cn-north-1.amazonaws.com.cn/browser-streams/aws.browser.v1/sessions/01M3KBRKNKYFGPVS882K33WR3E/live-view/ws""}, {""event"": ""websocket.handshake"", ""status"": 101, ""requestId"": ""2422144.8""}, {""event"": ""websocket.handshake"", ""status"": 101, ""requestId"": ""2422144.9""}], ""heartbeats"": [{""elapsedSeconds"": 0.005, ""sessionStatus"": ""READY"", ""remoteClock"": ""2026-09-28T06:43:27.556Z"", ""authenticated"": false, ""connected"": false, ""firstFrame"": false, ""errors"": [], ""websocket"": {""opened"": 0, ""closed"": 0, ""errors"": 0, ""receivedFrames"": 0, ""receivedBytes"": 0}}, {""elapsedSeconds"": 30.682, ""sessionStatus"": ""READY"", ""remoteClock"": ""2026-09-28T06:43:58.556Z"", ""authenticated"": true, ""connected"": true, ""firstFrame"": true, ""errors"": [""Failed to communicate with server.""], ""websocket"": {""opened"": 6, ""closed"": 1, ""errors"": 1, ""receivedFrames"": 347, ""receivedBytes"": 185761}}, {""elapsedSeconds"": 60.233, ""sessionStatus"": ""READY"", ""remoteClock"": ""2026-09-28T06:44:27.556Z"", ""authenticated"": true, ""connected"": true, ""firstFrame"": true, ""errors"": [""Failed to communicate with server.""], ""websocket"": {""opened"": 6, ""closed"": 1, ""errors"": 1, ""receivedFrames"": 600, ""receivedBytes"": 243124}}, {""elapsedSeconds"": 90.79, ""sessionStatus"": ""READY"", ""remoteClock"": ""2026-09-28T06:44:58.556Z"", ""authenticated"": true, ""connected"": true, ""firstFrame"": true, ""errors"": [""Failed to communicate with server.""], ""websocket"": {""opened"": 6, ""closed"": 1, ""errors"": 1, ""receivedFrames"": 864, ""receivedBytes"": 303982}}, {""elapsedSeconds"": 120.342, ""sessionStatus"": ""READY"", ""remoteClock"": ""2026-09-28T06:45:27.556Z"", ""authenticated"": true, ""connected"": true, ""firstFrame"": true, ""errors"": [""Failed to communicate with server.""], ""websocket"": {""opened"": 6, ""closed"": 1, ""errors"": 1, ""receivedFrames"": 1118, ""receivedBytes"": 362115}}, {""elapsedSeconds"": 150.883, ""sessionStatus"": ""READY"", ""remoteClock"": ""2026-09-28T06:45:58.556Z"", ""authenticated"": true, ""connected"": true, ""firstFrame"": true, ""errors"": [""Failed to communicate with server.""], ""websocket"": {""opened"": 6, ""closed"": 1, ""errors"": 1, ""receivedFrames"": 1379, ""receivedBytes"": 422334}}, {""elapsedSeconds"": 180.443, ""sessionStatus"": ""READY"", ""remoteClock"": ""2026-09-28T06:46:27.556Z"", ""authenticated"": true, ""connected"": true, ""firstFrame"": true, ""errors"": [""Failed to communicate with server.""], ""websocket"": {""opened"": 6, ""closed"": 1, ""errors"": 1, ""receivedFrames"": 1634, ""receivedBytes"": 480757}}, {""elapsedSeconds"": 210.003, ""sessionStatus"": ""READY"", ""remoteClock"": ""2026-09-28T06:46:57.556Z"", ""authenticated"": true, ""connected"": true, ""firstFrame"": true, ""errors"": [""Failed to communicate with server.""], ""websocket"": {""opened"": 6, ""closed"": 1, ""errors"": 1, ""receivedFrames"": 1894, ""receivedBytes"": 545691}}, {""elapsedSeconds"": 240.553, ""sessionStatus"": ""READY"", ""remoteClock"": ""2026-09-28T06:47:28.556Z"", ""authenticated"": true, ""connected"": true, ""firstFrame"": true, ""errors"": [""Failed to communicate with server.""], ""websocket"": {""opened"": 6, ""closed"": 1, ""errors"": 1, ""receivedFrames"": 2158, ""receivedBytes"": 606349}}, {""elapsedSeconds"": 270.129, ""sessionStatus"": ""READY"", ""remoteClock"": ""2026-09-28T06:47:57.556Z"", ""authenticated"": true, ""connected"": true, ""firstFrame"": true, ""errors"": [""Failed to communicate with server.""], ""websocket"": {""opened"": 6, ""closed"": 1, ""errors"": 1, ""receivedFrames"": 2416, ""receivedBytes"": 670255}}, {""elapsedSeconds"": 300.002, ""sessionStatus"": ""READY"", ""remoteClock"": ""2026-09-28T06:48:27.556Z"", ""authenticated"": true, ""connected"": true, ""firstFrame"": true, ""errors"": [""Failed to communicate with server.""], ""websocket"": {""opened"": 6, ""closed"": 1, ""errors"": 1, ""receivedFrames"": 2680, ""receivedBytes"": 736010}}], ""inputVerified"": true, ""eventsFile"": ""results/retest-livewait-default/cn-north-1-live-wait-events.jsonl""}"
browser.live_view.extended_wait.fresh_signature_retry_5min,cn-northwest-1,PASS,2026-09-28T06:48:33.608172+00:00,results/retest-livewait-default/cn-northwest-1-results.jsonl,2,"{""sessionId"": ""01M3KBRKPMCFC2WSMXK3ZTSPF2"", ""attempt"": ""fresh_signature_retry_5min"", ""configuredObservationSeconds"": 300, ""actualObservationSeconds"": 300.54, ""signatureExpirySeconds"": 300, ""sessionTimeoutSeconds"": 1800, ""sessionAgeAtStartSeconds"": 316.372, ""stoppedEarlyOnError"": false, ""probe"": {""authenticated"": true, ""connected"": true, ""firstFrame"": true, ""errors"": [""Failed to communicate with server.""], ""events"": [{""event"": ""authenticate.start"", ""time"": ""2026-09-28T06:43:31.151Z"", ""elapsedSeconds"": 0.011}, {""event"": ""authenticate.success"", ""time"": ""2026-09-28T06:43:33.312Z"", ""elapsedSeconds"": 2.172, ""sessionCount"": 1, ""authTokenPresent"": true}, {""event"": ""connect.start"", ""time"": ""2026-09-28T06:43:33.323Z"", ""elapsedSeconds"": 2.183}, {""event"": ""authenticate.error"", ""time"": ""2026-09-28T06:43:33.569Z"", ""elapsedSeconds"": 2.429, ""message"": ""Failed to communicate with server.""}, {""event"": ""connect.success"", ""time"": ""2026-09-28T06:43:34.739Z"", ""elapsedSeconds"": 3.599}, {""event"": ""display.firstFrame"", ""time"": ""2026-09-28T06:43:38.654Z"", ""elapsedSeconds"": 7.514}]}, ""websocket"": {""opened"": 6, ""closed"": 1, ""errors"": 1, ""receivedFrames"": 2648, ""receivedBytes"": 672307}, ""networkEvents"": [{""event"": ""websocket.opened"", ""url"": ""wss://bedrock-agentcore.cn-northwest-1.amazonaws.com.cn/browser-streams/aws.browser.v1/sessions/01M3KBRKPMCFC2WSMXK3ZTSPF2/live-view/auth""}, {""event"": ""websocket.handshake"", ""status"": 101, ""requestId"": ""2422157.4""}, {""event"": ""websocket.error"", ""url"": ""wss://bedrock-agentcore.cn-northwest-1.amazonaws.com.cn/browser-streams/aws.browser.v1/sessions/01M3KBRKPMCFC2WSMXK3ZTSPF2/live-view/auth"", ""message"": ""Close received after close""}, {""event"": ""websocket.closed"", ""url"": ""wss://bedrock-agentcore.cn-northwest-1.amazonaws.com.cn/browser-streams/aws.browser.v1/sessions/01M3KBRKPMCFC2WSMXK3ZTSPF2/live-view/auth""}, {""event"": ""websocket.opened"", ""url"": ""wss://bedrock-agentcore.cn-northwest-1.amazonaws.com.cn/browser-streams/aws.browser.v1/sessions/01M3KBRKPMCFC2WSMXK3ZTSPF2/live-view/ws""}, {""event"": ""websocket.handshake"", ""status"": 101, ""requestId"": ""2422157.5""}, {""event"": ""page.error"", ""message"": ""Object""}, {""event"": ""websocket.opened"", ""url"": ""wss://bedrock-agentcore.cn-northwest-1.amazonaws.com.cn/browser-streams/aws.browser.v1/sessions/01M3KBRKPMCFC2WSMXK3ZTSPF2/live-view/ws""}, {""event"": ""websocket.handshake"", ""status"": 101, ""requestId"": ""2422157.6""}, {""event"": ""websocket.opened"", ""url"": ""wss://bedrock-agentcore.cn-northwest-1.amazonaws.com.cn/browser-streams/aws.browser.v1/sessions/01M3KBRKPMCFC2WSMXK3ZTSPF2/live-view/ws""}, {""event"": ""websocket.handshake"", ""status"": 101, ""requestId"": ""2422157.7""}, {""event"": ""websocket.opened"", ""url"": ""wss://bedrock-agentcore.cn-northwest-1.amazonaws.com.cn/browser-streams/aws.browser.v1/sessions/01M3KBRKPMCFC2WSMXK3ZTSPF2/live-view/ws""}, {""event"": ""websocket.handshake"", ""status"": 101, ""requestId"": ""2422157.8""}, {""event"": ""websocket.opened"", ""url"": ""wss://bedrock-agentcore.cn-northwest-1.amazonaws.com.cn/browser-streams/aws.browser.v1/sessions/01M3KBRKPMCFC2WSMXK3ZTSPF2/live-view/ws""}, {""event"": ""websocket.handshake"", ""status"": 101, ""requestId"": ""2422157.9""}], ""heartbeats"": [{""elapsedSeconds"": 0.005, ""sessionStatus"": ""READY"", ""remoteClock"": ""2026-09-28T06:43:30.965Z"", ""authenticated"": false, ""connected"": false, ""firstFrame"": false, ""errors"": [], ""websocket"": {""opened"": 0, ""closed"": 0, ""errors"": 0, ""receivedFrames"": 0, ""receivedBytes"": 0}}, {""elapsedSeconds"": 30.799, ""sessionStatus"": ""READY"", ""remoteClock"": ""2026-09-28T06:44:01.965Z"", ""authenticated"": true, ""connected"": true, ""firstFrame"": true, ""errors"": [""Failed to communicate with server.""], ""websocket"": {""opened"": 6, ""closed"": 1, ""errors"": 1, ""receivedFrames"": 324, ""receivedBytes"": 138369}}, {""elapsedSeconds"": 60.417, ""sessionStatus"": ""READY"", ""remoteClock"": ""2026-09-28T06:44:30.965Z"", ""authenticated"": true, ""connected"": true, ""firstFrame"": true, ""errors"": [""Failed to communicate with server.""], ""websocket"": {""opened"": 6, ""closed"": 1, ""errors"": 1, ""receivedFrames"": 580, ""receivedBytes"": 196341}}, {""elapsedSeconds"": 90.043, ""sessionStatus"": ""READY"", ""remoteClock"": ""2026-09-28T06:45:00.965Z"", ""authenticated"": true, ""connected"": true, ""firstFrame"": true, ""errors"": [""Failed to communicate with server.""], ""websocket"": {""opened"": 6, ""closed"": 1, ""errors"": 1, ""receivedFrames"": 834, ""receivedBytes"": 255420}}, {""elapsedSeconds"": 120.675, ""sessionStatus"": ""READY"", ""remoteClock"": ""2026-09-28T06:45:31.965Z"", ""authenticated"": true, ""connected"": true, ""firstFrame"": true, ""errors"": [""Failed to communicate with server.""], ""websocket"": {""opened"": 6, ""closed"": 1, ""errors"": 1, ""receivedFrames"": 1098, ""receivedBytes"": 315178}}, {""elapsedSeconds"": 150.291, ""sessionStatus"": ""READY"", ""remoteClock"": ""2026-09-28T06:46:00.965Z"", ""authenticated"": true, ""connected"": true, ""firstFrame"": true, ""errors"": [""Failed to communicate with server.""], ""websocket"": {""opened"": 6, ""closed"": 1, ""errors"": 1, ""receivedFrames"": 1350, ""receivedBytes"": 373954}}, {""elapsedSeconds"": 180.923, ""sessionStatus"": ""READY"", ""remoteClock"": ""2026-09-28T06:46:31.965Z"", ""authenticated"": true, ""connected"": true, ""firstFrame"": true, ""errors"": [""Failed to communicate with server.""], ""websocket"": {""opened"": 6, ""closed"": 1, ""errors"": 1, ""receivedFrames"": 1613, ""receivedBytes"": 433838}}, {""elapsedSeconds"": 210.559, ""sessionStatus"": ""READY"", ""remoteClock"": ""2026-09-28T06:47:01.965Z"", ""authenticated"": true, ""connected"": true, ""firstFrame"": true, ""errors"": [""Failed to communicate with server.""], ""websocket"": {""opened"": 6, ""closed"": 1, ""errors"": 1, ""receivedFrames"": 1871, ""receivedBytes"": 493831}}, {""elapsedSeconds"": 240.175, ""sessionStatus"": ""READY"", ""remoteClock"": ""2026-09-28T06:47:30.965Z"", ""authenticated"": true, ""connected"": true, ""firstFrame"": true, ""errors"": [""Failed to communicate with server.""], ""websocket"": {""opened"": 6, ""closed"": 1, ""errors"": 1, ""receivedFrames"": 2123, ""receivedBytes"": 551188}}, {""elapsedSeconds"": 270.797, ""sessionStatus"": ""READY"", ""remoteClock"": ""2026-09-28T06:48:01.965Z"", ""authenticated"": true, ""connected"": true, ""firstFrame"": true, ""errors"": [""Failed to communicate with server.""], ""websocket"": {""opened"": 6, ""closed"": 1, ""errors"": 1, ""receivedFrames"": 2386, ""receivedBytes"": 612534}}, {""elapsedSeconds"": 300.002, ""sessionStatus"": ""READY"", ""remoteClock"": ""2026-09-28T06:48:30.965Z"", ""authenticated"": true, ""connected"": true, ""firstFrame"": true, ""errors"": [""Failed to communicate with server.""], ""websocket"": {""opened"": 6, ""closed"": 1, ""errors"": 1, ""receivedFrames"": 2639, ""receivedBytes"": 670355}}], ""inputVerified"": true, ""eventsFile"": ""results/retest-livewait-default/cn-northwest-1-live-wait-events.jsonl""}"
browser.live_view.extended_wait.initial_5min,cn-north-1,FAIL,2026-09-28T06:43:25.871721+00:00,results/retest-livewait-default/cn-north-1-results.jsonl,1,"{""sessionId"": ""01M3KBRKNKYFGPVS882K33WR3E"", ""attempt"": ""initial_5min"", ""configuredObservationSeconds"": 300, ""actualObservationSeconds"": 300.462, ""signatureExpirySeconds"": 300, ""sessionTimeoutSeconds"": 1800, ""sessionAgeAtStartSeconds"": 8.929, ""stoppedEarlyOnError"": false, ""probe"": {""authenticated"": true, ""connected"": true, ""firstFrame"": true, ""errors"": [""Failed to communicate with server.""], ""events"": [{""event"": ""authenticate.start"", ""time"": ""2026-09-28T06:38:23.775Z"", ""elapsedSeconds"": 0.01}, {""event"": ""authenticate.success"", ""time"": ""2026-09-28T06:38:25.559Z"", ""elapsedSeconds"": 1.794, ""sessionCount"": 1, ""authTokenPresent"": true}, {""event"": ""connect.start"", ""time"": ""2026-09-28T06:38:25.572Z"", ""elapsedSeconds"": 1.807}, {""event"": ""authenticate.error"", ""time"": ""2026-09-28T06:38:25.789Z"", ""elapsedSeconds"": 2.024, ""message"": ""Failed to communicate with server.""}, {""event"": ""connect.success"", ""time"": ""2026-09-28T06:38:26.781Z"", ""elapsedSeconds"": 3.016}, {""event"": ""display.firstFrame"", ""time"": ""2026-09-28T06:38:30.215Z"", ""elapsedSeconds"": 6.45}]}, ""websocket"": {""opened"": 6, ""closed"": 1, ""errors"": 1, ""receivedFrames"": 1261, ""receivedBytes"": 413321}, ""networkEvents"": [{""event"": ""websocket.opened"", ""url"": ""wss://bedrock-agentcore.cn-north-1.amazonaws.com.cn/browser-streams/aws.browser.v1/sessions/01M3KBRKNKYFGPVS882K33WR3E/live-view/auth""}, {""event"": ""websocket.handshake"", ""status"": 101, ""requestId"": ""2421498.4""}, {""event"": ""websocket.error"", ""url"": ""wss://bedrock-agentcore.cn-north-1.amazonaws.com.cn/browser-streams/aws.browser.v1/sessions/01M3KBRKNKYFGPVS882K33WR3E/live-view/auth"", ""message"": ""Close received after close""}, {""event"": ""websocket.closed"", ""url"": ""wss://bedrock-agentcore.cn-north-1.amazonaws.com.cn/browser-streams/aws.browser.v1/sessions/01M3KBRKNKYFGPVS882K33WR3E/live-view/auth""}, {""event"": ""websocket.opened"", ""url"": ""wss://bedrock-agentcore.cn-north-1.amazonaws.com.cn/browser-streams/aws.browser.v1/sessions/01M3KBRKNKYFGPVS882K33WR3E/live-view/ws""}, {""event"": ""websocket.handshake"", ""status"": 101, ""requestId"": ""2421498.5""}, {""event"": ""page.error"", ""message"": ""Object""}, {""event"": ""websocket.opened"", ""url"": ""wss://bedrock-agentcore.cn-north-1.amazonaws.com.cn/browser-streams/aws.browser.v1/sessions/01M3KBRKNKYFGPVS882K33WR3E/live-view/ws""}, {""event"": ""websocket.opened"", ""url"": ""wss://bedrock-agentcore.cn-north-1.amazonaws.com.cn/browser-streams/aws.browser.v1/sessions/01M3KBRKNKYFGPVS882K33WR3E/live-view/ws""}, {""event"": ""websocket.handshake"", ""status"": 101, ""requestId"": ""2421498.6""}, {""event"": ""websocket.handshake"", ""status"": 101, ""requestId"": ""2421498.7""}, {""event"": ""websocket.opened"", ""url"": ""wss://bedrock-agentcore.cn-north-1.amazonaws.com.cn/browser-streams/aws.browser.v1/sessions/01M3KBRKNKYFGPVS882K33WR3E/live-view/ws""}, {""event"": ""websocket.opened"", ""url"": ""wss://bedrock-agentcore.cn-north-1.amazonaws.com.cn/browser-streams/aws.browser.v1/sessions/01M3KBRKNKYFGPVS882K33WR3E/live-view/ws""}, {""event"": ""websocket.handshake"", ""status"": 101, ""requestId"": ""2421498.8""}, {""event"": ""websocket.handshake"", ""status"": 101, ""requestId"": ""2421498.9""}], ""heartbeats"": [{""elapsedSeconds"": 0.004, ""sessionStatus"": ""READY"", ""remoteClock"": ""2026-09-28T06:38:23.556Z"", ""authenticated"": false, ""connected"": false, ""firstFrame"": false, ""errors"": [], ""websocket"": {""opened"": 0, ""closed"": 0, ""errors"": 0, ""receivedFrames"": 0, ""receivedBytes"": 0}}, {""elapsedSeconds"": 30.719, ""sessionStatus"": ""READY"", ""remoteClock"": ""2026-09-28T06:38:54.556Z"", ""authenticated"": true, ""connected"": true, ""firstFrame"": true, ""errors"": [""Failed to communicate with server.""], ""websocket"": {""opened"": 6, ""closed"": 1, ""errors"": 1, ""receivedFrames"": 276, ""receivedBytes"": 196067}}, {""elapsedSeconds"": 60.274, ""sessionStatus"": ""READY"", ""remoteClock"": ""2026-09-28T06:39:23.556Z"", ""authenticated"": true, ""connected"": true, ""firstFrame"": true, ""errors"": [""Failed to communicate with server.""], ""websocket"": {""opened"": 6, ""closed"": 1, ""errors"": 1, ""receivedFrames"": 394, ""receivedBytes"": 222663}}, {""elapsedSeconds"": 90.828, ""sessionStatus"": ""READY"", ""remoteClock"": ""2026-09-28T06:39:54.556Z"", ""authenticated"": true, ""connected"": true, ""firstFrame"": true, ""errors"": [""Failed to communicate with server.""], ""websocket"": {""opened"": 6, ""closed"": 1, ""errors"": 1, ""receivedFrames"": 504, ""receivedBytes"": 247173}}, {""elapsedSeconds"": 120.405, ""sessionStatus"": ""READY"", ""remoteClock"": ""2026-09-28T06:40:23.556Z"", ""authenticated"": true, ""connected"": true, ""firstFrame"": true, ""errors"": [""Failed to communicate with server.""], ""websocket"": {""opened"": 6, ""closed"": 1, ""errors"": 1, ""receivedFrames"": 609, ""receivedBytes"": 270171}}, {""elapsedSeconds"": 150.971, ""sessionStatus"": ""READY"", ""remoteClock"": ""2026-09-28T06:40:54.556Z"", ""authenticated"": true, ""connected"": true, ""firstFrame"": true, ""errors"": [""Failed to communicate with server.""], ""websocket"": {""opened"": 6, ""closed"": 1, ""errors"": 1, ""receivedFrames"": 720, ""receivedBytes"": 294531}}, {""elapsedSeconds"": 180.527, ""sessionStatus"": ""READY"", ""remoteClock"": ""2026-09-28T06:41:24.556Z"", ""authenticated"": true, ""connected"": true, ""firstFrame"": true, ""errors"": [""Failed to communicate with server.""], ""websocket"": {""opened"": 6, ""closed"": 1, ""errors"": 1, ""receivedFrames"": 827, ""receivedBytes"": 317534}}, {""elapsedSeconds"": 210.074, ""sessionStatus"": ""READY"", ""remoteClock"": ""2026-09-28T06:41:53.556Z"", ""authenticated"": true, ""connected"": true, ""firstFrame"": true, ""errors"": [""Failed to communicate with server.""], ""websocket"": {""opened"": 6, ""closed"": 1, ""errors"": 1, ""receivedFrames"": 932, ""receivedBytes"": 340194}}, {""elapsedSeconds"": 240.634, ""sessionStatus"": ""READY"", ""remoteClock"": ""2026-09-28T06:42:24.556Z"", ""authenticated"": true, ""connected"": true, ""firstFrame"": true, ""errors"": [""Failed to communicate with server.""], ""websocket"": {""opened"": 6, ""closed"": 1, ""errors"": 1, ""receivedFrames"": 1042, ""receivedBytes"": 364396}}, {""elapsedSeconds"": 270.168, ""sessionStatus"": ""READY"", ""remoteClock"": ""2026-09-28T06:42:53.556Z"", ""authenticated"": true, ""connected"": true, ""firstFrame"": true, ""errors"": [""Failed to communicate with server.""], ""websocket"": {""opened"": 6, ""closed"": 1, ""errors"": 1, ""receivedFrames"": 1147, ""receivedBytes"": 387761}}, {""elapsedSeconds"": 300.002, ""sessionStatus"": ""READY"", ""remoteClock"": ""2026-09-28T06:43:23.556Z"", ""authenticated"": true, ""connected"": true, ""firstFrame"": true, ""errors"": [""Failed to communicate with server.""], ""websocket"": {""opened"": 6, ""closed"": 1, ""errors"": 1, ""receivedFrames"": 1255, ""receivedBytes"": 412043}}], ""inputVerified"": false, ""eventsFile"": ""results/retest-livewait-default/cn-north-1-live-wait-events.jsonl""}"
browser.live_view.extended_wait.initial_5min,cn-northwest-1,FAIL,2026-09-28T06:43:29.002716+00:00,results/retest-livewait-default/cn-northwest-1-results.jsonl,1,"{""sessionId"": ""01M3KBRKPMCFC2WSMXK3ZTSPF2"", ""attempt"": ""initial_5min"", ""configuredObservationSeconds"": 300, ""actualObservationSeconds"": 300.524, ""signatureExpirySeconds"": 300, ""sessionTimeoutSeconds"": 1800, ""sessionAgeAtStartSeconds"": 11.772, ""stoppedEarlyOnError"": false, ""probe"": {""authenticated"": true, ""connected"": true, ""firstFrame"": true, ""errors"": [""Failed to communicate with server.""], ""events"": [{""event"": ""authenticate.start"", ""time"": ""2026-09-28T06:38:26.551Z"", ""elapsedSeconds"": 0.011}, {""event"": ""authenticate.success"", ""time"": ""2026-09-28T06:38:28.405Z"", ""elapsedSeconds"": 1.864, ""sessionCount"": 1, ""authTokenPresent"": true}, {""event"": ""connect.start"", ""time"": ""2026-09-28T06:38:28.416Z"", ""elapsedSeconds"": 1.876}, {""event"": ""authenticate.error"", ""time"": ""2026-09-28T06:38:28.651Z"", ""elapsedSeconds"": 2.111, ""message"": ""Failed to communicate with server.""}, {""event"": ""connect.success"", ""time"": ""2026-09-28T06:38:29.729Z"", ""elapsedSeconds"": 3.189}, {""event"": ""display.firstFrame"", ""time"": ""2026-09-28T06:38:33.268Z"", ""elapsedSeconds"": 6.728}]}, ""websocket"": {""opened"": 6, ""closed"": 1, ""errors"": 1, ""receivedFrames"": 1218, ""receivedBytes"": 373290}, ""networkEvents"": [{""event"": ""websocket.opened"", ""url"": ""wss://bedrock-agentcore.cn-northwest-1.amazonaws.com.cn/browser-streams/aws.browser.v1/sessions/01M3KBRKPMCFC2WSMXK3ZTSPF2/live-view/auth""}, {""event"": ""websocket.handshake"", ""status"": 101, ""requestId"": ""2421607.4""}, {""event"": ""websocket.error"", ""url"": ""wss://bedrock-agentcore.cn-northwest-1.amazonaws.com.cn/browser-streams/aws.browser.v1/sessions/01M3KBRKPMCFC2WSMXK3ZTSPF2/live-view/auth"", ""message"": ""Close received after close""}, {""event"": ""websocket.closed"", ""url"": ""wss://bedrock-agentcore.cn-northwest-1.amazonaws.com.cn/browser-streams/aws.browser.v1/sessions/01M3KBRKPMCFC2WSMXK3ZTSPF2/live-view/auth""}, {""event"": ""websocket.opened"", ""url"": ""wss://bedrock-agentcore.cn-northwest-1.amazonaws.com.cn/browser-streams/aws.browser.v1/sessions/01M3KBRKPMCFC2WSMXK3ZTSPF2/live-view/ws""}, {""event"": ""websocket.handshake"", ""status"": 101, ""requestId"": ""2421607.5""}, {""event"": ""page.error"", ""message"": ""Object""}, {""event"": ""websocket.opened"", ""url"": ""wss://bedrock-agentcore.cn-northwest-1.amazonaws.com.cn/browser-streams/aws.browser.v1/sessions/01M3KBRKPMCFC2WSMXK3ZTSPF2/live-view/ws""}, {""event"": ""websocket.opened"", ""url"": ""wss://bedrock-agentcore.cn-northwest-1.amazonaws.com.cn/browser-streams/aws.browser.v1/sessions/01M3KBRKPMCFC2WSMXK3ZTSPF2/live-view/ws""}, {""event"": ""websocket.handshake"", ""status"": 101, ""requestId"": ""2421607.6""}, {""event"": ""websocket.handshake"", ""status"": 101, ""requestId"": ""2421607.7""}, {""event"": ""websocket.opened"", ""url"": ""wss://bedrock-agentcore.cn-northwest-1.amazonaws.com.cn/browser-streams/aws.browser.v1/sessions/01M3KBRKPMCFC2WSMXK3ZTSPF2/live-view/ws""}, {""event"": ""websocket.opened"", ""url"": ""wss://bedrock-agentcore.cn-northwest-1.amazonaws.com.cn/browser-streams/aws.browser.v1/sessions/01M3KBRKPMCFC2WSMXK3ZTSPF2/live-view/ws""}, {""event"": ""websocket.handshake"", ""status"": 101, ""requestId"": ""2421607.8""}, {""event"": ""websocket.handshake"", ""status"": 101, ""requestId"": ""2421607.9""}], ""heartbeats"": [{""elapsedSeconds"": 0.004, ""sessionStatus"": ""READY"", ""remoteClock"": ""2026-09-28T06:38:26.965Z"", ""authenticated"": false, ""connected"": false, ""firstFrame"": false, ""errors"": [], ""websocket"": {""opened"": 1, ""closed"": 0, ""errors"": 0, ""receivedFrames"": 1, ""receivedBytes"": 24}}, {""elapsedSeconds"": 30.8, ""sessionStatus"": ""READY"", ""remoteClock"": ""2026-09-28T06:38:56.965Z"", ""authenticated"": true, ""connected"": true, ""firstFrame"": true, ""errors"": [""Failed to communicate with server.""], ""websocket"": {""opened"": 6, ""closed"": 1, ""errors"": 1, ""receivedFrames"": 246, ""receivedBytes"": 159307}}, {""elapsedSeconds"": 60.424, ""sessionStatus"": ""READY"", ""remoteClock"": ""2026-09-28T06:39:26.965Z"", ""authenticated"": true, ""connected"": true, ""firstFrame"": true, ""errors"": [""Failed to communicate with server.""], ""websocket"": {""opened"": 6, ""closed"": 1, ""errors"": 1, ""receivedFrames"": 354, ""receivedBytes"": 183294}}, {""elapsedSeconds"": 90.048, ""sessionStatus"": ""READY"", ""remoteClock"": ""2026-09-28T06:39:56.965Z"", ""authenticated"": true, ""connected"": true, ""firstFrame"": true, ""errors"": [""Failed to communicate with server.""], ""websocket"": {""opened"": 6, ""closed"": 1, ""errors"": 1, ""receivedFrames"": 461, ""receivedBytes"": 207290}}, {""elapsedSeconds"": 120.679, ""sessionStatus"": ""READY"", ""remoteClock"": ""2026-09-28T06:40:26.965Z"", ""authenticated"": true, ""connected"": true, ""firstFrame"": true, ""errors"": [""Failed to communicate with server.""], ""websocket"": {""opened"": 6, ""closed"": 1, ""errors"": 1, ""receivedFrames"": 569, ""receivedBytes"": 230802}}, {""elapsedSeconds"": 150.3, ""sessionStatus"": ""READY"", ""remoteClock"": ""2026-09-28T06:40:56.965Z"", ""authenticated"": true, ""connected"": true, ""firstFrame"": true, ""errors"": [""Failed to communicate with server.""], ""websocket"": {""opened"": 6, ""closed"": 1, ""errors"": 1, ""receivedFrames"": 677, ""receivedBytes"": 254648}}, {""elapsedSeconds"": 180.927, ""sessionStatus"": ""READY"", ""remoteClock"": ""2026-09-28T06:41:26.965Z"", ""authenticated"": true, ""connected"": true, ""firstFrame"": true, ""errors"": [""Failed to communicate with server.""], ""websocket"": {""opened"": 6, ""closed"": 1, ""errors"": 1, ""receivedFrames"": 784, ""receivedBytes"": 277597}}, {""elapsedSeconds"": 210.569, ""sessionStatus"": ""READY"", ""remoteClock"": ""2026-09-28T06:41:56.965Z"", ""authenticated"": true, ""connected"": true, ""firstFrame"": true, ""errors"": [""Failed to communicate with server.""], ""websocket"": {""opened"": 6, ""closed"": 1, ""errors"": 1, ""receivedFrames"": 892, ""receivedBytes"": 300919}}, {""elapsedSeconds"": 240.188, ""sessionStatus"": ""READY"", ""remoteClock"": ""2026-09-28T06:42:26.965Z"", ""authenticated"": true, ""connected"": true, ""firstFrame"": true, ""errors"": [""Failed to communicate with server.""], ""websocket"": {""opened"": 6, ""closed"": 1, ""errors"": 1, ""receivedFrames"": 999, ""receivedBytes"": 324483}}, {""elapsedSeconds"": 270.81, ""sessionStatus"": ""READY"", ""remoteClock"": ""2026-09-28T06:42:56.965Z"", ""authenticated"": true, ""connected"": true, ""firstFrame"": true, ""errors"": [""Failed to communicate with server.""], ""websocket"": {""opened"": 6, ""closed"": 1, ""errors"": 1, ""receivedFrames"": 1107, ""receivedBytes"": 348518}}, {""elapsedSeconds"": 300.002, ""sessionStatus"": ""READY"", ""remoteClock"": ""2026-09-28T06:43:25.965Z"", ""authenticated"": true, ""connected"": true, ""firstFrame"": true, ""errors"": [""Failed to communicate with server.""], ""websocket"": {""opened"": 6, ""closed"": 1, ""errors"": 1, ""receivedFrames"": 1212, ""receivedBytes"": 371882}}], ""inputVerified"": false, ""eventsFile"": ""results/retest-livewait-default/cn-northwest-1-live-wait-events.jsonl""}"
browser.live_view.input,cn-north-1,PASS,2026-09-28T06:48:46.895271+00:00,results/retest-livewait-default/cn-north-1-results.jsonl,9,"{""observations"": [{""attempt"": ""initial_5min"", ""originalAttemptTime"": ""2026-09-28T06:43:25.871721+00:00"", ""observationSeconds"": 300.462, ""events"": [{""event"": ""authenticate.start"", ""time"": ""2026-09-28T06:38:23.775Z"", ""elapsedSeconds"": 0.01}, {""event"": ""authenticate.success"", ""time"": ""2026-09-28T06:38:25.559Z"", ""elapsedSeconds"": 1.794, ""sessionCount"": 1, ""authTokenPresent"": true}, {""event"": ""connect.start"", ""time"": ""2026-09-28T06:38:25.572Z"", ""elapsedSeconds"": 1.807}, {""event"": ""authenticate.error"", ""time"": ""2026-09-28T06:38:25.789Z"", ""elapsedSeconds"": 2.024, ""message"": ""Failed to communicate with server.""}, {""event"": ""connect.success"", ""time"": ""2026-09-28T06:38:26.781Z"", ""elapsedSeconds"": 3.016}, {""event"": ""display.firstFrame"", ""time"": ""2026-09-28T06:38:30.215Z"", ""elapsedSeconds"": 6.45}], ""finalWebsocketCounters"": {""opened"": 6, ""closed"": 1, ""errors"": 1, ""receivedFrames"": 1261, ""receivedBytes"": 413321}, ""sessionId"": ""01M3KBRKNKYFGPVS882K33WR3E"", ""source"": ""results/retest-livewait-default/cn-north-1-results.jsonl"", ""scope"": ""Display connected, first frame received, incoming stream continued throughout observation"", ""inputCorrection"": ""Original combined check used content coordinates on a full-window stream; input separately passed with browser toolbar offset""}, {""attempt"": ""fresh_signature_retry_5min"", ""originalAttemptTime"": ""2026-09-28T06:48:29.824514+00:00"", ""observationSeconds"": 300.487, ""events"": [{""event"": ""authenticate.start"", ""time"": ""2026-09-28T06:43:27.719Z"", ""elapsedSeconds"": 0.011}, {""event"": ""authenticate.success"", ""time"": ""2026-09-28T06:43:29.859Z"", ""elapsedSeconds"": 2.151, ""sessionCount"": 1, ""authTokenPresent"": true}, {""event"": ""connect.start"", ""time"": ""2026-09-28T06:43:29.870Z"", ""elapsedSeconds"": 2.162}, {""event"": ""authenticate.error"", ""time"": ""2026-09-28T06:43:30.086Z"", ""elapsedSeconds"": 2.377, ""message"": ""Failed to communicate with server.""}, {""event"": ""connect.success"", ""time"": ""2026-09-28T06:43:31.204Z"", ""elapsedSeconds"": 3.496}, {""event"": ""display.firstFrame"", ""time"": ""2026-09-28T06:43:34.426Z"", ""elapsedSeconds"": 6.718}], ""finalWebsocketCounters"": {""opened"": 6, ""closed"": 1, ""errors"": 1, ""receivedFrames"": 2689, ""receivedBytes"": 738497}, ""sessionId"": ""01M3KBRKNKYFGPVS882K33WR3E"", ""source"": ""results/retest-livewait-default/cn-north-1-results.jsonl"", ""scope"": ""Display connected, first frame received, incoming stream continued throughout observation"", ""inputCorrection"": ""Original combined check used content coordinates on a full-window stream; input separately passed with browser toolbar offset""}], ""frameAndInputControl"": {""source"": ""results/retest-live-signature/cn-north-1-results.jsonl"", ""time"": ""2026-09-28T06:40:15.231575+00:00"", ""evidence"": {""authenticated"": true, ""connected"": true, ""firstFrame"": true, ""errors"": [""Failed to communicate with server.""], ""events"": [{""event"": ""authenticate.start"", ""time"": ""2026-09-28T06:40:05.057Z"", ""elapsedSeconds"": 0.011}, {""event"": ""authenticate.success"", ""time"": ""2026-09-28T06:40:06.859Z"", ""elapsedSeconds"": 1.813, ""sessionCount"": 1, ""authTokenPresent"": true}, {""event"": ""connect.start"", ""time"": ""2026-09-28T06:40:06.871Z"", ""elapsedSeconds"": 1.825}, {""event"": ""authenticate.error"", ""time"": ""2026-09-28T06:40:07.081Z"", ""elapsedSeconds"": 2.035, ""message"": ""Failed to communicate with server.""}, {""event"": ""connect.success"", ""time"": ""2026-09-28T06:40:08.091Z"", ""elapsedSeconds"": 3.045}, {""event"": ""display.firstFrame"", ""time"": ""2026-09-28T06:40:11.408Z"", ""elapsedSeconds"": 6.362}], ""clientErrors"": [{""url"": ""wss://bedrock-agentcore.cn-north-1.amazonaws.com.cn/browser-streams/aws.browser.v1/sessions/01M3KBVS7A5W6DJ3JTFR2W32JM/live-view/auth"", ""error"": ""Close received after close""}, ""Object""], ""remoteWindowGeometry"": {""outerWidth"": 1279, ""outerHeight"": 719, ""innerWidth"": 1279, ""innerHeight"": 632, ""screenX"": 0, ""screenY"": 0, ""target"": {""x"": 290, ""y"": 105}}, ""remoteInput"": ""dcv-official-input-ok""}}, ""previousVerdictCorrection"": ""Original harness exited on a post-success authentication-socket error before the display first frame"", ""actualFirstFrameCriterion"": ""Wait for display.firstFrame; record authentication-socket errors without prematurely ending the display observation""}"
browser.live_view.input,cn-northwest-1,PASS,2026-09-28T06:48:46.932086+00:00,results/retest-livewait-default/cn-northwest-1-results.jsonl,9,"{""observations"": [{""attempt"": ""initial_5min"", ""originalAttemptTime"": ""2026-09-28T06:43:29.002716+00:00"", ""observationSeconds"": 300.524, ""events"": [{""event"": ""authenticate.start"", ""time"": ""2026-09-28T06:38:26.551Z"", ""elapsedSeconds"": 0.011}, {""event"": ""authenticate.success"", ""time"": ""2026-09-28T06:38:28.405Z"", ""elapsedSeconds"": 1.864, ""sessionCount"": 1, ""authTokenPresent"": true}, {""event"": ""connect.start"", ""time"": ""2026-09-28T06:38:28.416Z"", ""elapsedSeconds"": 1.876}, {""event"": ""authenticate.error"", ""time"": ""2026-09-28T06:38:28.651Z"", ""elapsedSeconds"": 2.111, ""message"": ""Failed to communicate with server.""}, {""event"": ""connect.success"", ""time"": ""2026-09-28T06:38:29.729Z"", ""elapsedSeconds"": 3.189}, {""event"": ""display.firstFrame"", ""time"": ""2026-09-28T06:38:33.268Z"", ""elapsedSeconds"": 6.728}], ""finalWebsocketCounters"": {""opened"": 6, ""closed"": 1, ""errors"": 1, ""receivedFrames"": 1218, ""receivedBytes"": 373290}, ""sessionId"": ""01M3KBRKPMCFC2WSMXK3ZTSPF2"", ""source"": ""results/retest-livewait-default/cn-northwest-1-results.jsonl"", ""scope"": ""Display connected, first frame received, incoming stream continued throughout observation"", ""inputCorrection"": ""Original combined check used content coordinates on a full-window stream; input separately passed with browser toolbar offset""}, {""attempt"": ""fresh_signature_retry_5min"", ""originalAttemptTime"": ""2026-09-28T06:48:33.608172+00:00"", ""observationSeconds"": 300.54, ""events"": [{""event"": ""authenticate.start"", ""time"": ""2026-09-28T06:43:31.151Z"", ""elapsedSeconds"": 0.011}, {""event"": ""authenticate.success"", ""time"": ""2026-09-28T06:43:33.312Z"", ""elapsedSeconds"": 2.172, ""sessionCount"": 1, ""authTokenPresent"": true}, {""event"": ""connect.start"", ""time"": ""2026-09-28T06:43:33.323Z"", ""elapsedSeconds"": 2.183}, {""event"": ""authenticate.error"", ""time"": ""2026-09-28T06:43:33.569Z"", ""elapsedSeconds"": 2.429, ""message"": ""Failed to communicate with server.""}, {""event"": ""connect.success"", ""time"": ""2026-09-28T06:43:34.739Z"", ""elapsedSeconds"": 3.599}, {""event"": ""display.firstFrame"", ""time"": ""2026-09-28T06:43:38.654Z"", ""elapsedSeconds"": 7.514}], ""finalWebsocketCounters"": {""opened"": 6, ""closed"": 1, ""errors"": 1, ""receivedFrames"": 2648, ""receivedBytes"": 672307}, ""sessionId"": ""01M3KBRKPMCFC2WSMXK3ZTSPF2"", ""source"": ""results/retest-livewait-default/cn-northwest-1-results.jsonl"", ""scope"": ""Display connected, first frame received, incoming stream continued throughout observation"", ""inputCorrection"": ""Original combined check used content coordinates on a full-window stream; input separately passed with browser toolbar offset""}], ""frameAndInputControl"": {""source"": ""results/retest-live-signature/cn-northwest-1-results.jsonl"", ""time"": ""2026-09-28T06:40:17.304715+00:00"", ""evidence"": {""authenticated"": true, ""connected"": true, ""firstFrame"": true, ""errors"": [""Failed to communicate with server.""], ""events"": [{""event"": ""authenticate.start"", ""time"": ""2026-09-28T06:40:05.992Z"", ""elapsedSeconds"": 0.011}, {""event"": ""authenticate.success"", ""time"": ""2026-09-28T06:40:07.964Z"", ""elapsedSeconds"": 1.983, ""sessionCount"": 1, ""authTokenPresent"": true}, {""event"": ""connect.start"", ""time"": ""2026-09-28T06:40:07.976Z"", ""elapsedSeconds"": 1.995}, {""event"": ""authenticate.error"", ""time"": ""2026-09-28T06:40:08.227Z"", ""elapsedSeconds"": 2.246, ""message"": ""Failed to communicate with server.""}, {""event"": ""connect.success"", ""time"": ""2026-09-28T06:40:09.411Z"", ""elapsedSeconds"": 3.43}, {""event"": ""display.firstFrame"", ""time"": ""2026-09-28T06:40:12.940Z"", ""elapsedSeconds"": 6.959}], ""clientErrors"": [{""url"": ""wss://bedrock-agentcore.cn-northwest-1.amazonaws.com.cn/browser-streams/aws.browser.v1/sessions/01M3KBVSD99E87B68QCTNYGM1K/live-view/auth"", ""error"": ""Close received after close""}], ""remoteWindowGeometry"": {""outerWidth"": 1279, ""outerHeight"": 719, ""innerWidth"": 1279, ""innerHeight"": 632, ""screenX"": 0, ""screenY"": 0, ""target"": {""x"": 290, ""y"": 105}}, ""remoteInput"": ""dcv-official-input-ok""}}, ""previousVerdictCorrection"": ""Original harness exited on a post-success authentication-socket error before the display first frame"", ""actualFirstFrameCriterion"": ""Wait for display.firstFrame; record authentication-socket errors without prematurely ending the display observation""}"
browser.live_view.official_component,cn-north-1,PASS,2026-09-28T06:48:46.894480+00:00,results/retest-livewait-default/cn-north-1-results.jsonl,7,"{""observations"": [{""attempt"": ""initial_5min"", ""originalAttemptTime"": ""2026-09-28T06:43:25.871721+00:00"", ""observationSeconds"": 300.462, ""events"": [{""event"": ""authenticate.start"", ""time"": ""2026-09-28T06:38:23.775Z"", ""elapsedSeconds"": 0.01}, {""event"": ""authenticate.success"", ""time"": ""2026-09-28T06:38:25.559Z"", ""elapsedSeconds"": 1.794, ""sessionCount"": 1, ""authTokenPresent"": true}, {""event"": ""connect.start"", ""time"": ""2026-09-28T06:38:25.572Z"", ""elapsedSeconds"": 1.807}, {""event"": ""authenticate.error"", ""time"": ""2026-09-28T06:38:25.789Z"", ""elapsedSeconds"": 2.024, ""message"": ""Failed to communicate with server.""}, {""event"": ""connect.success"", ""time"": ""2026-09-28T06:38:26.781Z"", ""elapsedSeconds"": 3.016}, {""event"": ""display.firstFrame"", ""time"": ""2026-09-28T06:38:30.215Z"", ""elapsedSeconds"": 6.45}], ""finalWebsocketCounters"": {""opened"": 6, ""closed"": 1, ""errors"": 1, ""receivedFrames"": 1261, ""receivedBytes"": 413321}, ""sessionId"": ""01M3KBRKNKYFGPVS882K33WR3E"", ""source"": ""results/retest-livewait-default/cn-north-1-results.jsonl"", ""scope"": ""Display connected, first frame received, incoming stream continued throughout observation"", ""inputCorrection"": ""Original combined check used content coordinates on a full-window stream; input separately passed with browser toolbar offset""}, {""attempt"": ""fresh_signature_retry_5min"", ""originalAttemptTime"": ""2026-09-28T06:48:29.824514+00:00"", ""observationSeconds"": 300.487, ""events"": [{""event"": ""authenticate.start"", ""time"": ""2026-09-28T06:43:27.719Z"", ""elapsedSeconds"": 0.011}, {""event"": ""authenticate.success"", ""time"": ""2026-09-28T06:43:29.859Z"", ""elapsedSeconds"": 2.151, ""sessionCount"": 1, ""authTokenPresent"": true}, {""event"": ""connect.start"", ""time"": ""2026-09-28T06:43:29.870Z"", ""elapsedSeconds"": 2.162}, {""event"": ""authenticate.error"", ""time"": ""2026-09-28T06:43:30.086Z"", ""elapsedSeconds"": 2.377, ""message"": ""Failed to communicate with server.""}, {""event"": ""connect.success"", ""time"": ""2026-09-28T06:43:31.204Z"", ""elapsedSeconds"": 3.496}, {""event"": ""display.firstFrame"", ""time"": ""2026-09-28T06:43:34.426Z"", ""elapsedSeconds"": 6.718}], ""finalWebsocketCounters"": {""opened"": 6, ""closed"": 1, ""errors"": 1, ""receivedFrames"": 2689, ""receivedBytes"": 738497}, ""sessionId"": ""01M3KBRKNKYFGPVS882K33WR3E"", ""source"": ""results/retest-livewait-default/cn-north-1-results.jsonl"", ""scope"": ""Display connected, first frame received, incoming stream continued throughout observation"", ""inputCorrection"": ""Original combined check used content coordinates on a full-window stream; input separately passed with browser toolbar offset""}], ""frameAndInputControl"": {""source"": ""results/retest-live-signature/cn-north-1-results.jsonl"", ""time"": ""2026-09-28T06:40:15.231575+00:00"", ""evidence"": {""authenticated"": true, ""connected"": true, ""firstFrame"": true, ""errors"": [""Failed to communicate with server.""], ""events"": [{""event"": ""authenticate.start"", ""time"": ""2026-09-28T06:40:05.057Z"", ""elapsedSeconds"": 0.011}, {""event"": ""authenticate.success"", ""time"": ""2026-09-28T06:40:06.859Z"", ""elapsedSeconds"": 1.813, ""sessionCount"": 1, ""authTokenPresent"": true}, {""event"": ""connect.start"", ""time"": ""2026-09-28T06:40:06.871Z"", ""elapsedSeconds"": 1.825}, {""event"": ""authenticate.error"", ""time"": ""2026-09-28T06:40:07.081Z"", ""elapsedSeconds"": 2.035, ""message"": ""Failed to communicate with server.""}, {""event"": ""connect.success"", ""time"": ""2026-09-28T06:40:08.091Z"", ""elapsedSeconds"": 3.045}, {""event"": ""display.firstFrame"", ""time"": ""2026-09-28T06:40:11.408Z"", ""elapsedSeconds"": 6.362}], ""clientErrors"": [{""url"": ""wss://bedrock-agentcore.cn-north-1.amazonaws.com.cn/browser-streams/aws.browser.v1/sessions/01M3KBVS7A5W6DJ3JTFR2W32JM/live-view/auth"", ""error"": ""Close received after close""}, ""Object""], ""remoteWindowGeometry"": {""outerWidth"": 1279, ""outerHeight"": 719, ""innerWidth"": 1279, ""innerHeight"": 632, ""screenX"": 0, ""screenY"": 0, ""target"": {""x"": 290, ""y"": 105}}, ""remoteInput"": ""dcv-official-input-ok""}}, ""previousVerdictCorrection"": ""Original harness exited on a post-success authentication-socket error before the display first frame"", ""actualFirstFrameCriterion"": ""Wait for display.firstFrame; record authentication-socket errors without prematurely ending the display observation""}"
browser.live_view.official_component,cn-northwest-1,PASS,2026-09-28T06:48:46.931365+00:00,results/retest-livewait-default/cn-northwest-1-results.jsonl,7,"{""observations"": [{""attempt"": ""initial_5min"", ""originalAttemptTime"": ""2026-09-28T06:43:29.002716+00:00"", ""observationSeconds"": 300.524, ""events"": [{""event"": ""authenticate.start"", ""time"": ""2026-09-28T06:38:26.551Z"", ""elapsedSeconds"": 0.011}, {""event"": ""authenticate.success"", ""time"": ""2026-09-28T06:38:28.405Z"", ""elapsedSeconds"": 1.864, ""sessionCount"": 1, ""authTokenPresent"": true}, {""event"": ""connect.start"", ""time"": ""2026-09-28T06:38:28.416Z"", ""elapsedSeconds"": 1.876}, {""event"": ""authenticate.error"", ""time"": ""2026-09-28T06:38:28.651Z"", ""elapsedSeconds"": 2.111, ""message"": ""Failed to communicate with server.""}, {""event"": ""connect.success"", ""time"": ""2026-09-28T06:38:29.729Z"", ""elapsedSeconds"": 3.189}, {""event"": ""display.firstFrame"", ""time"": ""2026-09-28T06:38:33.268Z"", ""elapsedSeconds"": 6.728}], ""finalWebsocketCounters"": {""opened"": 6, ""closed"": 1, ""errors"": 1, ""receivedFrames"": 1218, ""receivedBytes"": 373290}, ""sessionId"": ""01M3KBRKPMCFC2WSMXK3ZTSPF2"", ""source"": ""results/retest-livewait-default/cn-northwest-1-results.jsonl"", ""scope"": ""Display connected, first frame received, incoming stream continued throughout observation"", ""inputCorrection"": ""Original combined check used content coordinates on a full-window stream; input separately passed with browser toolbar offset""}, {""attempt"": ""fresh_signature_retry_5min"", ""originalAttemptTime"": ""2026-09-28T06:48:33.608172+00:00"", ""observationSeconds"": 300.54, ""events"": [{""event"": ""authenticate.start"", ""time"": ""2026-09-28T06:43:31.151Z"", ""elapsedSeconds"": 0.011}, {""event"": ""authenticate.success"", ""time"": ""2026-09-28T06:43:33.312Z"", ""elapsedSeconds"": 2.172, ""sessionCount"": 1, ""authTokenPresent"": true}, {""event"": ""connect.start"", ""time"": ""2026-09-28T06:43:33.323Z"", ""elapsedSeconds"": 2.183}, {""event"": ""authenticate.error"", ""time"": ""2026-09-28T06:43:33.569Z"", ""elapsedSeconds"": 2.429, ""message"": ""Failed to communicate with server.""}, {""event"": ""connect.success"", ""time"": ""2026-09-28T06:43:34.739Z"", ""elapsedSeconds"": 3.599}, {""event"": ""display.firstFrame"", ""time"": ""2026-09-28T06:43:38.654Z"", ""elapsedSeconds"": 7.514}], ""finalWebsocketCounters"": {""opened"": 6, ""closed"": 1, ""errors"": 1, ""receivedFrames"": 2648, ""receivedBytes"": 672307}, ""sessionId"": ""01M3KBRKPMCFC2WSMXK3ZTSPF2"", ""source"": ""results/retest-livewait-default/cn-northwest-1-results.jsonl"", ""scope"": ""Display connected, first frame received, incoming stream continued throughout observation"", ""inputCorrection"": ""Original combined check used content coordinates on a full-window stream; input separately passed with browser toolbar offset""}], ""frameAndInputControl"": {""source"": ""results/retest-live-signature/cn-northwest-1-results.jsonl"", ""time"": ""2026-09-28T06:40:17.304715+00:00"", ""evidence"": {""authenticated"": true, ""connected"": true, ""firstFrame"": true, ""errors"": [""Failed to communicate with server.""], ""events"": [{""event"": ""authenticate.start"", ""time"": ""2026-09-28T06:40:05.992Z"", ""elapsedSeconds"": 0.011}, {""event"": ""authenticate.success"", ""time"": ""2026-09-28T06:40:07.964Z"", ""elapsedSeconds"": 1.983, ""sessionCount"": 1, ""authTokenPresent"": true}, {""event"": ""connect.start"", ""time"": ""2026-09-28T06:40:07.976Z"", ""elapsedSeconds"": 1.995}, {""event"": ""authenticate.error"", ""time"": ""2026-09-28T06:40:08.227Z"", ""elapsedSeconds"": 2.246, ""message"": ""Failed to communicate with server.""}, {""event"": ""connect.success"", ""time"": ""2026-09-28T06:40:09.411Z"", ""elapsedSeconds"": 3.43}, {""event"": ""display.firstFrame"", ""time"": ""2026-09-28T06:40:12.940Z"", ""elapsedSeconds"": 6.959}], ""clientErrors"": [{""url"": ""wss://bedrock-agentcore.cn-northwest-1.amazonaws.com.cn/browser-streams/aws.browser.v1/sessions/01M3KBVSD99E87B68QCTNYGM1K/live-view/auth"", ""error"": ""Close received after close""}], ""remoteWindowGeometry"": {""outerWidth"": 1279, ""outerHeight"": 719, ""innerWidth"": 1279, ""innerHeight"": 632, ""screenX"": 0, ""screenY"": 0, ""target"": {""x"": 290, ""y"": 105}}, ""remoteInput"": ""dcv-official-input-ok""}}, ""previousVerdictCorrection"": ""Original harness exited on a post-success authentication-socket error before the display first frame"", ""actualFirstFrameCriterion"": ""Wait for display.firstFrame; record authentication-socket errors without prematurely ending the display observation""}"
browser.private_link,cn-north-1,NOT_AVAILABLE,2026-09-28T06:14:01.382501+00:00,results/retest/cn-north-1-results.jsonl,123,"{""allPagesScanned"": true, ""advertisedServices"": [], ""scope"": ""This account and region""}"
browser.private_link,cn-northwest-1,NOT_AVAILABLE,2026-09-28T06:14:01.489296+00:00,results/retest/cn-northwest-1-results.jsonl,123,"{""allPagesScanned"": true, ""advertisedServices"": [], ""scope"": ""This account and region""}"
browser.proxy.auth.http,cn-north-1,FAIL,2026-09-28T06:04:25.996871+00:00,results/retest/cn-north-1-results.jsonl,69,"{""type"": ""AssertionError"", ""message"": ""{'status': 503, 'body': 'ERROR\\nThe requested URL could not be retrieved\\n\\nThe following error was encountered while trying to retrieve the URL: http://proxy-only.agentcore.test/\\n\\nUnable to determine IP address from host name proxy-only.agentcore.test\\n\\nThe DNS server returned:\\n\\nName Error: The domain name does not exist.\\n\\nThis means that the cache was not able to resolve the hostname presented in the URL. Check if the address is correct.\\n\\nYour cache administrator is root.\\n\\n\\n\\n\\nGenerated Mon, 28 Sep 2026 06:04:24 GMT by localhost (squid/6.13)'}"", ""traceback"": ""Traceback (most recent call last):\n  File \""/home/ec2-user/agentcore/cn/suite.py\"", line 77, in test\n    result = fn()\n             ^^^^\n  File \""/home/ec2-user/agentcore/cn/retest_proxy.py\"", line 60, in <lambda>\n    s.test(\""browser.proxy.\""+mode+\"".http\"",lambda:navigate(pg,\""http://proxy-only.agentcore.test\"",\""authenticated-proxy-ok\""))\n                                                ^^^^^^^^^^^^^^^^^^^^^^^^^^^^^^^^^^^^^^^^^^^^^^^^^^^^^^^^^^^^^^^^^^^^^^^^\n  File \""/home/ec2-user/agentcore/cn/retest_proxy.py\"", line 100, in navigate\n    assert response.status==200 and marker in body,evidence\n           ^^^^^^^^^^^^^^^^^^^^^^^^^^^^^^^^^^^^^^^\nAssertionError: {'status': 503, 'body': 'ERROR\\nThe requested URL could not be retrieved\\n\\nThe following error was encountered while trying to retrieve the URL: http://proxy-only.agentcore.test/\\n\\nUnable to determine IP address from host name proxy-only.agentcore.test\\n\\nThe DNS server returned:\\n\\nName Error: The domain name does not exist.\\n\\nThis means that the cache was not able to resolve the hostname presented in the URL. Check if the address is correct.\\n\\nYour cache administrator is root.\\n\\n\\n\\n\\nGenerated Mon, 28 Sep 2026 06:04:24 GMT by localhost (squid/6.13)'}\n""}"
browser.proxy.auth.http,cn-northwest-1,FAIL,2026-09-28T06:04:33.258288+00:00,results/retest/cn-northwest-1-results.jsonl,69,"{""type"": ""AssertionError"", ""message"": ""{'status': 503, 'body': 'ERROR\\nThe requested URL could not be retrieved\\n\\nThe following error was encountered while trying to retrieve the URL: http://proxy-only.agentcore.test/\\n\\nUnable to determine IP address from host name proxy-only.agentcore.test\\n\\nThe DNS server returned:\\n\\nName Error: The domain name does not exist.\\n\\nThis means that the cache was not able to resolve the hostname presented in the URL. Check if the address is correct.\\n\\nYour cache administrator is root.\\n\\n\\n\\n\\nGenerated Mon, 28 Sep 2026 06:04:31 GMT by localhost (squid/6.13)'}"", ""traceback"": ""Traceback (most recent call last):\n  File \""/home/ec2-user/agentcore/cn/suite.py\"", line 77, in test\n    result = fn()\n             ^^^^\n  File \""/home/ec2-user/agentcore/cn/retest_proxy.py\"", line 60, in <lambda>\n    s.test(\""browser.proxy.\""+mode+\"".http\"",lambda:navigate(pg,\""http://proxy-only.agentcore.test\"",\""authenticated-proxy-ok\""))\n                                                ^^^^^^^^^^^^^^^^^^^^^^^^^^^^^^^^^^^^^^^^^^^^^^^^^^^^^^^^^^^^^^^^^^^^^^^^\n  File \""/home/ec2-user/agentcore/cn/retest_proxy.py\"", line 100, in navigate\n    assert response.status==200 and marker in body,evidence\n           ^^^^^^^^^^^^^^^^^^^^^^^^^^^^^^^^^^^^^^^\nAssertionError: {'status': 503, 'body': 'ERROR\\nThe requested URL could not be retrieved\\n\\nThe following error was encountered while trying to retrieve the URL: http://proxy-only.agentcore.test/\\n\\nUnable to determine IP address from host name proxy-only.agentcore.test\\n\\nThe DNS server returned:\\n\\nName Error: The domain name does not exist.\\n\\nThis means that the cache was not able to resolve the hostname presented in the URL. Check if the address is correct.\\n\\nYour cache administrator is root.\\n\\n\\n\\n\\nGenerated Mon, 28 Sep 2026 06:04:31 GMT by localhost (squid/6.13)'}\n""}"
browser.proxy.auth.https,cn-north-1,FAIL,2026-09-28T06:04:26.306976+00:00,results/retest/cn-north-1-results.jsonl,70,"{""type"": ""Error"", ""message"": ""Page.goto: net::ERR_TUNNEL_CONNECTION_FAILED at https://172.31.23.132:8443/\nCall log:\n  - navigating to \""https://172.31.23.132:8443/\"", waiting until \""load\""\n"", ""traceback"": ""Traceback (most recent call last):\n  File \""/home/ec2-user/agentcore/cn/suite.py\"", line 77, in test\n    result = fn()\n             ^^^^\n  File \""/home/ec2-user/agentcore/cn/retest_proxy.py\"", line 61, in <lambda>\n    s.test(\""browser.proxy.\""+mode+\"".https\"",lambda:navigate(pg,f\""https://{ip}:8443\"",\""private-network-ok\""))\n                                                 ^^^^^^^^^^^^^^^^^^^^^^^^^^^^^^^^^^^^^^^^^^^^^^^^^^^^^^\n  File \""/home/ec2-user/agentcore/cn/retest_proxy.py\"", line 97, in navigate\n    response=page.goto(url,timeout=20000)\n             ^^^^^^^^^^^^^^^^^^^^^^^^^^^^\n  File \""/home/ec2-user/agentcore/cn/.venv/lib64/python3.12/site-packages/playwright/sync_api/_generated.py\"", line 9903, in goto\n    self._sync(\n  File \""/home/ec2-user/agentcore/cn/.venv/lib64/python3.12/site-packages/playwright/_impl/_sync_base.py\"", line 115, in _sync\n    return task.result()\n           ^^^^^^^^^^^^^\n  File \""/home/ec2-user/agentcore/cn/.venv/lib64/python3.12/site-packages/playwright/_impl/_page.py\"", line 562, in goto\n    return await self._main_frame.goto(**locals_to_params(locals()))\n           ^^^^^^^^^^^^^^^^^^^^^^^^^^^^^^^^^^^^^^^^^^^^^^^^^^^^^^^^^\n  File \""/home/ec2-user/agentcore/cn/.venv/lib64/python3.12/site-packages/playwright/_impl/_frame.py\"", line 157, in goto\n    await self._channel.send(\n  File \""/home/ec2-user/agentcore/cn/.venv/lib64/python3.12/site-packages/playwright/_impl/_connection.py\"", line 76, in send\n    return await self._connection.wrap_api_call(\n           ^^^^^^^^^^^^^^^^^^^^^^^^^^^^^^^^^^^^^\n  File \""/home/ec2-user/agentcore/cn/.venv/lib64/python3.12/site-packages/playwright/_impl/_connection.py\"", line 632, in wrap_api_call\n    raise rewrite_error(error, f\""{parsed_st['apiName']}: {error}\"") from None\nplaywright._impl._errors.Error: Page.goto: net::ERR_TUNNEL_CONNECTION_FAILED at https://172.31.23.132:8443/\nCall log:\n  - navigating to \""https://172.31.23.132:8443/\"", waiting until \""load\""\n\n""}"
browser.proxy.auth.https,cn-northwest-1,FAIL,2026-09-28T06:04:33.578807+00:00,results/retest/cn-northwest-1-results.jsonl,70,"{""type"": ""Error"", ""message"": ""Page.goto: net::ERR_TUNNEL_CONNECTION_FAILED at https://172.31.4.2:8443/\nCall log:\n  - navigating to \""https://172.31.4.2:8443/\"", waiting until \""load\""\n"", ""traceback"": ""Traceback (most recent call last):\n  File \""/home/ec2-user/agentcore/cn/suite.py\"", line 77, in test\n    result = fn()\n             ^^^^\n  File \""/home/ec2-user/agentcore/cn/retest_proxy.py\"", line 61, in <lambda>\n    s.test(\""browser.proxy.\""+mode+\"".https\"",lambda:navigate(pg,f\""https://{ip}:8443\"",\""private-network-ok\""))\n                                                 ^^^^^^^^^^^^^^^^^^^^^^^^^^^^^^^^^^^^^^^^^^^^^^^^^^^^^^\n  File \""/home/ec2-user/agentcore/cn/retest_proxy.py\"", line 97, in navigate\n    response=page.goto(url,timeout=20000)\n             ^^^^^^^^^^^^^^^^^^^^^^^^^^^^\n  File \""/home/ec2-user/agentcore/cn/.venv/lib64/python3.12/site-packages/playwright/sync_api/_generated.py\"", line 9903, in goto\n    self._sync(\n  File \""/home/ec2-user/agentcore/cn/.venv/lib64/python3.12/site-packages/playwright/_impl/_sync_base.py\"", line 115, in _sync\n    return task.result()\n           ^^^^^^^^^^^^^\n  File \""/home/ec2-user/agentcore/cn/.venv/lib64/python3.12/site-packages/playwright/_impl/_page.py\"", line 562, in goto\n    return await self._main_frame.goto(**locals_to_params(locals()))\n           ^^^^^^^^^^^^^^^^^^^^^^^^^^^^^^^^^^^^^^^^^^^^^^^^^^^^^^^^^\n  File \""/home/ec2-user/agentcore/cn/.venv/lib64/python3.12/site-packages/playwright/_impl/_frame.py\"", line 157, in goto\n    await self._channel.send(\n  File \""/home/ec2-user/agentcore/cn/.venv/lib64/python3.12/site-packages/playwright/_impl/_connection.py\"", line 76, in send\n    return await self._connection.wrap_api_call(\n           ^^^^^^^^^^^^^^^^^^^^^^^^^^^^^^^^^^^^^\n  File \""/home/ec2-user/agentcore/cn/.venv/lib64/python3.12/site-packages/playwright/_impl/_connection.py\"", line 632, in wrap_api_call\n    raise rewrite_error(error, f\""{parsed_st['apiName']}: {error}\"") from None\nplaywright._impl._errors.Error: Page.goto: net::ERR_TUNNEL_CONNECTION_FAILED at https://172.31.4.2:8443/\nCall log:\n  - navigating to \""https://172.31.4.2:8443/\"", waiting until \""load\""\n\n""}"
browser.proxy.auth.startup_flags,cn-north-1,PASS,2026-09-28T06:04:24.598569+00:00,results/retest/cn-north-1-results.jsonl,68,"{""proxyFlags"": [""--proxy-server=http://127.0.0.1:3128""], ""remoteVersion"": ""148.0.7778.258""}"
browser.proxy.auth.startup_flags,cn-northwest-1,PASS,2026-09-28T06:04:31.563293+00:00,results/retest/cn-northwest-1-results.jsonl,68,"{""proxyFlags"": [""--proxy-server=http://127.0.0.1:3128""], ""remoteVersion"": ""148.0.7778.258""}"
browser.proxy.authenticated_routing,cn-north-1,PASS,2026-09-28T06:16:28.042601+00:00,results/retest/cn-north-1-results.jsonl,133,"{""supportedConfiguration"": {""httpPort"": 80, ""httpsPort"": 443, ""domainPatterns"": ""Explicit target domains when DNS is only known to the upstream proxy"", ""bypass"": ""Tested in a separate session to avoid matching the routed endpoint's reverse DNS""}, ""verifiedChecks"": [{""feature"": ""browser.proxy.standard.default-auth.http"", ""time"": ""2026-09-28T06:12:00.598241+00:00""}, {""feature"": ""browser.proxy.standard.default-auth.https"", ""time"": ""2026-09-28T06:12:01.789871+00:00""}, {""feature"": ""browser.proxy.standard.explicit-auth.https"", ""time"": ""2026-09-28T06:12:15.640415+00:00""}], ""limits"": ""8000/8443 rejected by the built-in proxy in this test; upstream-only DNS without domainPatterns returned 503"", ""previousFailuresRetained"": true}"
browser.proxy.authenticated_routing,cn-northwest-1,PASS,2026-09-28T06:16:27.995530+00:00,results/retest/cn-northwest-1-results.jsonl,133,"{""supportedConfiguration"": {""httpPort"": 80, ""httpsPort"": 443, ""domainPatterns"": ""Explicit target domains when DNS is only known to the upstream proxy"", ""bypass"": ""Tested in a separate session to avoid matching the routed endpoint's reverse DNS""}, ""verifiedChecks"": [{""feature"": ""browser.proxy.standard.default-auth.http"", ""time"": ""2026-09-28T06:12:02.914645+00:00""}, {""feature"": ""browser.proxy.standard.default-auth.https"", ""time"": ""2026-09-28T06:12:04.556255+00:00""}, {""feature"": ""browser.proxy.standard.explicit-auth.https"", ""time"": ""2026-09-28T06:12:20.928989+00:00""}], ""limits"": ""8000/8443 rejected by the built-in proxy in this test; upstream-only DNS without domainPatterns returned 503"", ""previousFailuresRetained"": true}"
browser.proxy.baseline.startup_flags,cn-north-1,PASS,2026-09-28T06:03:52.373105+00:00,results/retest/cn-north-1-results.jsonl,60,"{""proxyFlags"": [], ""remoteVersion"": ""148.0.7778.258""}"
browser.proxy.baseline.startup_flags,cn-northwest-1,PASS,2026-09-28T06:03:54.279354+00:00,results/retest/cn-northwest-1-results.jsonl,60,"{""proxyFlags"": [], ""remoteVersion"": ""148.0.7778.258""}"
browser.proxy.baseline_access_log,cn-north-1,PASS,2026-09-28T06:03:59.510588+00:00,results/retest/cn-north-1-results.jsonl,64,"[{""server"": ""page"", ""port"": 8443, ""path"": ""/""}, {""server"": ""page"", ""port"": 8443, ""path"": ""/favicon.ico""}, {""server"": ""proxy"", ""port"": 3128, ""method"": ""CONNECT"", ""path"": ""www.google.com:443"", ""credentialsPresent"": false, ""credentialsValid"": false}, {""server"": ""proxy"", ""port"": 3128, ""method"": ""GET"", ""path"": ""http://proxy-only.agentcore.test/"", ""credentialsPresent"": false, ""credentialsValid"": false}, {""server"": ""proxy"", ""port"": 3128, ""method"": ""GET"", ""path"": ""http://proxy-only.agentcore.test/"", ""credentialsPresent"": true, ""credentialsValid"": true}, {""server"": ""proxy"", ""port"": 3128, ""method"": ""GET"", ""path"": ""http://proxy-only.agentcore.test/favicon.ico"", ""credentialsPresent"": true, ""credentialsValid"": true}, {""server"": ""proxy"", ""port"": 3128, ""method"": ""CONNECT"", ""path"": ""172.31.23.132:8443"", ""credentialsPresent"": true, ""credentialsValid"": true}, {""server"": ""page"", ""port"": 8443, ""path"": ""/""}, {""server"": ""proxy"", ""port"": 3128, ""method"": ""CONNECT"", ""path"": ""172.31.23.132:8443"", ""credentialsPresent"": true, ""credentialsValid"": true}, {""server"": ""page"", ""port"": 8443, ""path"": ""/favicon.ico""}, {""server"": ""proxy-no-auth"", ""port"": 3129, ""method"": ""GET"", ""path"": ""http://0.0.0.0/time/1/current?cup2key=10:DwKWoiOF25Sgk-2xNhdUk2zPalUYFtb2frAMvXpZo-0&cup2hreq=e3b0c44298fc1c149afbf4c8996fb92427ae41e4649b934ca495991b7852b855""}, {""server"": ""proxy-no-auth"", ""port"": 3129, ""method"": ""GET"", ""path"": ""http://172.31.23.132:3129/squid-internal-periodic/store_digest""}, {""server"": ""proxy-no-auth"", ""port"": 3129, ""method"": ""CONNECT"", ""path"": ""0.0.0.0:443""}, {""server"": ""proxy-no-auth"", ""port"": 3129, ""method"": ""CONNECT"", ""path"": ""0.0.0.0:443""}, {""server"": ""proxy-no-auth"", ""port"": 3129, ""method"": ""CONNECT"", ""path"": ""www.google.com:443""}, {""server"": ""proxy-no-auth"", ""port"": 3129, ""method"": ""CONNECT"", ""path"": ""www.google.com:443""}, {""server"": ""proxy-no-auth"", ""port"": 3129, ""method"": ""CONNECT"", ""path"": ""www.google.com:443""}, {""server"": ""proxy-no-auth"", ""port"": 3129, ""method"": ""CONNECT"", ""path"": ""www.google.com:443""}, {""server"": ""proxy-no-auth"", ""port"": 3129, ""method"": ""CONNECT"", ""path"": ""0.0.0.0:443""}, {""server"": ""proxy-no-auth"", ""port"": 3129, ""method"": ""CONNECT"", ""path"": ""0.0.0.0:443""}, {""server"": ""proxy-no-auth"", ""port"": 3129, ""method"": ""CONNECT"", ""path"": ""www.google.com:443""}, {""server"": ""proxy"", ""port"": 3128, ""method"": ""GET"", ""path"": ""http://0.0.0.0/time/1/current?cup2key=10:X8K5S5wYLrjf_Sb5o_eyE2Emdfouw-_6reSPU20h7T0&cup2hreq=e3b0c44298fc1c149afbf4c8996fb92427ae41e4649b934ca495991b7852b855"", ""credentialsPresent"": true, ""credentialsValid"": true}, {""server"": ""proxy"", ""port"": 3128, ""method"": ""GET"", ""path"": ""http://172.31.23.132:3128/squid-internal-periodic/store_digest"", ""credentialsPresent"": true, ""credentialsValid"": true}, {""server"": ""proxy"", ""port"": 3128, ""method"": ""CONNECT"", ""path"": ""0.0.0.0:443"", ""credentialsPresent"": true, ""credentialsValid"": true}, {""server"": ""proxy"", ""port"": 3128, ""method"": ""CONNECT"", ""path"": ""0.0.0.0:443"", ""credentialsPresent"": true, ""credentialsValid"": true}, {""server"": ""proxy"", ""port"": 3128, ""method"": ""CONNECT"", ""path"": ""www.google.com:443"", ""credentialsPresent"": true, ""credentialsValid"": true}, {""server"": ""proxy"", ""port"": 3128, ""method"": ""CONNECT"", ""path"": ""www.google.com:443"", ""credentialsPresent"": true, ""credentialsValid"": true}, {""server"": ""proxy"", ""port"": 3128, ""method"": ""CONNECT"", ""path"": ""www.google.com:443"", ""credentialsPresent"": true, ""credentialsValid"": true}, {""server"": ""proxy"", ""port"": 3128, ""method"": ""CONNECT"", ""path"": ""www.google.com:443"", ""credentialsPresent"": true, ""credentialsValid"": true}, {""server"": ""proxy"", ""port"": 3128, ""method"": ""CONNECT"", ""path"": ""0.0.0.0:443"", ""credentialsPresent"": true, ""credentialsValid"": true}, {""server"": ""proxy"", ""port"": 3128, ""method"": ""CONNECT"", ""path"": ""0.0.0.0:443"", ""credentialsPresent"": true, ""credentialsValid"": true}, {""server"": ""proxy"", ""port"": 3128, ""method"": ""CONNECT"", ""path"": ""www.google.com:443"", ""credentialsPresent"": true, ""credentialsValid"": true}, {""server"": ""page"", ""port"": 8443, ""path"": ""/""}, {""server"": ""page"", ""port"": 8443, ""path"": ""/favicon.ico""}, {""server"": ""proxy"", ""port"": 3128, ""method"": ""CONNECT"", ""path"": ""www.google.com:443"", ""credentialsPresent"": false, ""credentialsValid"": false}, {""server"": ""proxy"", ""port"": 3128, ""method"": ""GET"", ""path"": ""http://proxy-only.agentcore.test/"", ""credentialsPresent"": false, ""credentialsValid"": false}, {""server"": ""proxy"", ""port"": 3128, ""method"": ""GET"", ""path"": ""http://proxy-only.agentcore.test/"", ""credentialsPresent"": true, ""credentialsValid"": true}, {""server"": ""proxy"", ""port"": 3128, ""method"": ""GET"", ""path"": ""http://proxy-only.agentcore.test/favicon.ico"", ""credentialsPresent"": true, ""credentialsValid"": true}, {""server"": ""proxy"", ""port"": 3128, ""method"": ""CONNECT"", ""path"": ""172.31.23.132:8443"", ""credentialsPresent"": true, ""credentialsValid"": true}, {""server"": ""page"", ""port"": 8443, ""path"": ""/""}, {""server"": ""proxy"", ""port"": 3128, ""method"": ""CONNECT"", ""path"": ""172.31.23.132:8443"", ""credentialsPresent"": true, ""credentialsValid"": true}, {""server"": ""page"", ""port"": 8443, ""path"": ""/favicon.ico""}]"
browser.proxy.baseline_access_log,cn-northwest-1,PASS,2026-09-28T06:04:02.275652+00:00,results/retest/cn-northwest-1-results.jsonl,64,"[{""server"": ""page"", ""port"": 8443, ""path"": ""/""}, {""server"": ""page"", ""port"": 8443, ""path"": ""/favicon.ico""}, {""server"": ""proxy"", ""port"": 3128, ""method"": ""CONNECT"", ""path"": ""www.google.com:443"", ""credentialsPresent"": false, ""credentialsValid"": false}, {""server"": ""proxy"", ""port"": 3128, ""method"": ""GET"", ""path"": ""http://proxy-only.agentcore.test/"", ""credentialsPresent"": false, ""credentialsValid"": false}, {""server"": ""proxy"", ""port"": 3128, ""method"": ""GET"", ""path"": ""http://proxy-only.agentcore.test/"", ""credentialsPresent"": true, ""credentialsValid"": true}, {""server"": ""proxy"", ""port"": 3128, ""method"": ""GET"", ""path"": ""http://proxy-only.agentcore.test/favicon.ico"", ""credentialsPresent"": true, ""credentialsValid"": true}, {""server"": ""proxy"", ""port"": 3128, ""method"": ""CONNECT"", ""path"": ""172.31.4.2:8443"", ""credentialsPresent"": true, ""credentialsValid"": true}, {""server"": ""page"", ""port"": 8443, ""path"": ""/""}, {""server"": ""proxy"", ""port"": 3128, ""method"": ""CONNECT"", ""path"": ""172.31.4.2:8443"", ""credentialsPresent"": true, ""credentialsValid"": true}, {""server"": ""page"", ""port"": 8443, ""path"": ""/favicon.ico""}, {""server"": ""proxy-no-auth"", ""port"": 3129, ""method"": ""GET"", ""path"": ""http://0.0.0.0/time/1/current?cup2key=10:tvfMFQiSB7_PMumJMFihcWPITcDRZnvFxFHyuLP5DmM&cup2hreq=e3b0c44298fc1c149afbf4c8996fb92427ae41e4649b934ca495991b7852b855""}, {""server"": ""proxy-no-auth"", ""port"": 3129, ""method"": ""GET"", ""path"": ""http://172.31.4.2:3129/squid-internal-periodic/store_digest""}, {""server"": ""proxy-no-auth"", ""port"": 3129, ""method"": ""CONNECT"", ""path"": ""0.0.0.0:443""}, {""server"": ""proxy-no-auth"", ""port"": 3129, ""method"": ""CONNECT"", ""path"": ""0.0.0.0:443""}, {""server"": ""proxy-no-auth"", ""port"": 3129, ""method"": ""CONNECT"", ""path"": ""www.google.com:443""}, {""server"": ""proxy-no-auth"", ""port"": 3129, ""method"": ""CONNECT"", ""path"": ""www.google.com:443""}, {""server"": ""proxy-no-auth"", ""port"": 3129, ""method"": ""CONNECT"", ""path"": ""www.google.com:443""}, {""server"": ""proxy-no-auth"", ""port"": 3129, ""method"": ""CONNECT"", ""path"": ""www.google.com:443""}, {""server"": ""proxy-no-auth"", ""port"": 3129, ""method"": ""CONNECT"", ""path"": ""0.0.0.0:443""}, {""server"": ""proxy-no-auth"", ""port"": 3129, ""method"": ""CONNECT"", ""path"": ""0.0.0.0:443""}, {""server"": ""proxy-no-auth"", ""port"": 3129, ""method"": ""CONNECT"", ""path"": ""www.google.com:443""}, {""server"": ""proxy"", ""port"": 3128, ""method"": ""GET"", ""path"": ""http://0.0.0.0/time/1/current?cup2key=10:4qyZHAXXWq_vVG0Whuq3JSy0OosWoU5W5kNhHb_FcxQ&cup2hreq=e3b0c44298fc1c149afbf4c8996fb92427ae41e4649b934ca495991b7852b855"", ""credentialsPresent"": true, ""credentialsValid"": true}, {""server"": ""proxy"", ""port"": 3128, ""method"": ""GET"", ""path"": ""http://172.31.4.2:3128/squid-internal-periodic/store_digest"", ""credentialsPresent"": true, ""credentialsValid"": true}, {""server"": ""proxy"", ""port"": 3128, ""method"": ""CONNECT"", ""path"": ""0.0.0.0:443"", ""credentialsPresent"": true, ""credentialsValid"": true}, {""server"": ""proxy"", ""port"": 3128, ""method"": ""CONNECT"", ""path"": ""0.0.0.0:443"", ""credentialsPresent"": true, ""credentialsValid"": true}, {""server"": ""proxy"", ""port"": 3128, ""method"": ""CONNECT"", ""path"": ""www.google.com:443"", ""credentialsPresent"": true, ""credentialsValid"": true}, {""server"": ""proxy"", ""port"": 3128, ""method"": ""CONNECT"", ""path"": ""www.google.com:443"", ""credentialsPresent"": true, ""credentialsValid"": true}, {""server"": ""proxy"", ""port"": 3128, ""method"": ""CONNECT"", ""path"": ""www.google.com:443"", ""credentialsPresent"": true, ""credentialsValid"": true}, {""server"": ""proxy"", ""port"": 3128, ""method"": ""CONNECT"", ""path"": ""www.google.com:443"", ""credentialsPresent"": true, ""credentialsValid"": true}, {""server"": ""proxy"", ""port"": 3128, ""method"": ""CONNECT"", ""path"": ""0.0.0.0:443"", ""credentialsPresent"": true, ""credentialsValid"": true}, {""server"": ""proxy"", ""port"": 3128, ""method"": ""CONNECT"", ""path"": ""0.0.0.0:443"", ""credentialsPresent"": true, ""credentialsValid"": true}, {""server"": ""proxy"", ""port"": 3128, ""method"": ""CONNECT"", ""path"": ""www.google.com:443"", ""credentialsPresent"": true, ""credentialsValid"": true}, {""server"": ""page"", ""port"": 8443, ""path"": ""/""}, {""server"": ""page"", ""port"": 8443, ""path"": ""/favicon.ico""}, {""server"": ""proxy"", ""port"": 3128, ""method"": ""CONNECT"", ""path"": ""www.google.com:443"", ""credentialsPresent"": false, ""credentialsValid"": false}, {""server"": ""proxy"", ""port"": 3128, ""method"": ""GET"", ""path"": ""http://proxy-only.agentcore.test/"", ""credentialsPresent"": false, ""credentialsValid"": false}, {""server"": ""proxy"", ""port"": 3128, ""method"": ""GET"", ""path"": ""http://proxy-only.agentcore.test/"", ""credentialsPresent"": true, ""credentialsValid"": true}, {""server"": ""proxy"", ""port"": 3128, ""method"": ""GET"", ""path"": ""http://proxy-only.agentcore.test/favicon.ico"", ""credentialsPresent"": true, ""credentialsValid"": true}, {""server"": ""proxy"", ""port"": 3128, ""method"": ""CONNECT"", ""path"": ""172.31.4.2:8443"", ""credentialsPresent"": true, ""credentialsValid"": true}, {""server"": ""page"", ""port"": 8443, ""path"": ""/""}, {""server"": ""proxy"", ""port"": 3128, ""method"": ""CONNECT"", ""path"": ""172.31.4.2:8443"", ""credentialsPresent"": true, ""credentialsValid"": true}, {""server"": ""page"", ""port"": 8443, ""path"": ""/favicon.ico""}]"
browser.proxy.bypass,cn-north-1,PASS,2026-09-28T06:16:28.042778+00:00,results/retest/cn-north-1-results.jsonl,134,"{""supportedConfiguration"": {""httpPort"": 80, ""httpsPort"": 443, ""domainPatterns"": ""Explicit target domains when DNS is only known to the upstream proxy"", ""bypass"": ""Tested in a separate session to avoid matching the routed endpoint's reverse DNS""}, ""verifiedChecks"": [{""feature"": ""browser.proxy.standard.bypass"", ""time"": ""2026-09-28T06:12:56.430910+00:00""}], ""limits"": ""8000/8443 rejected by the built-in proxy in this test; upstream-only DNS without domainPatterns returned 503"", ""previousFailuresRetained"": true}"
browser.proxy.bypass,cn-northwest-1,PASS,2026-09-28T06:16:27.995628+00:00,results/retest/cn-northwest-1-results.jsonl,134,"{""supportedConfiguration"": {""httpPort"": 80, ""httpsPort"": 443, ""domainPatterns"": ""Explicit target domains when DNS is only known to the upstream proxy"", ""bypass"": ""Tested in a separate session to avoid matching the routed endpoint's reverse DNS""}, ""verifiedChecks"": [{""feature"": ""browser.proxy.standard.bypass"", ""time"": ""2026-09-28T06:13:09.533265+00:00""}], ""limits"": ""8000/8443 rejected by the built-in proxy in this test; upstream-only DNS without domainPatterns returned 503"", ""previousFailuresRetained"": true}"
browser.proxy.explicit-domains.http,cn-north-1,PASS,2026-09-28T06:06:54.592599+00:00,results/retest/cn-north-1-results.jsonl,80,"{""status"": 200, ""body"": ""authenticated-proxy-ok""}"
browser.proxy.explicit-domains.http,cn-northwest-1,PASS,2026-09-28T06:06:57.603999+00:00,results/retest/cn-northwest-1-results.jsonl,80,"{""status"": 200, ""body"": ""authenticated-proxy-ok""}"
browser.proxy.explicit-domains.https,cn-north-1,FAIL,2026-09-28T06:06:54.872862+00:00,results/retest/cn-north-1-results.jsonl,81,"{""type"": ""Error"", ""message"": ""Page.goto: net::ERR_TUNNEL_CONNECTION_FAILED at https://172.31.23.132:8443/\nCall log:\n  - navigating to \""https://172.31.23.132:8443/\"", waiting until \""load\""\n"", ""traceback"": ""Traceback (most recent call last):\n  File \""/home/ec2-user/agentcore/cn/suite.py\"", line 77, in test\n    result = fn()\n             ^^^^\n  File \""/home/ec2-user/agentcore/cn/retest_proxy.py\"", line 61, in <lambda>\n    s.test(\""browser.proxy.\""+mode+\"".https\"",lambda:navigate(pg,f\""https://{ip}:8443\"",\""private-network-ok\""))\n                                                 ^^^^^^^^^^^^^^^^^^^^^^^^^^^^^^^^^^^^^^^^^^^^^^^^^^^^^^\n  File \""/home/ec2-user/agentcore/cn/retest_proxy.py\"", line 97, in navigate\n    response=page.goto(url,timeout=20000)\n             ^^^^^^^^^^^^^^^^^^^^^^^^^^^^\n  File \""/home/ec2-user/agentcore/cn/.venv/lib64/python3.12/site-packages/playwright/sync_api/_generated.py\"", line 9903, in goto\n    self._sync(\n  File \""/home/ec2-user/agentcore/cn/.venv/lib64/python3.12/site-packages/playwright/_impl/_sync_base.py\"", line 115, in _sync\n    return task.result()\n           ^^^^^^^^^^^^^\n  File \""/home/ec2-user/agentcore/cn/.venv/lib64/python3.12/site-packages/playwright/_impl/_page.py\"", line 562, in goto\n    return await self._main_frame.goto(**locals_to_params(locals()))\n           ^^^^^^^^^^^^^^^^^^^^^^^^^^^^^^^^^^^^^^^^^^^^^^^^^^^^^^^^^\n  File \""/home/ec2-user/agentcore/cn/.venv/lib64/python3.12/site-packages/playwright/_impl/_frame.py\"", line 157, in goto\n    await self._channel.send(\n  File \""/home/ec2-user/agentcore/cn/.venv/lib64/python3.12/site-packages/playwright/_impl/_connection.py\"", line 76, in send\n    return await self._connection.wrap_api_call(\n           ^^^^^^^^^^^^^^^^^^^^^^^^^^^^^^^^^^^^^\n  File \""/home/ec2-user/agentcore/cn/.venv/lib64/python3.12/site-packages/playwright/_impl/_connection.py\"", line 632, in wrap_api_call\n    raise rewrite_error(error, f\""{parsed_st['apiName']}: {error}\"") from None\nplaywright._impl._errors.Error: Page.goto: net::ERR_TUNNEL_CONNECTION_FAILED at https://172.31.23.132:8443/\nCall log:\n  - navigating to \""https://172.31.23.132:8443/\"", waiting until \""load\""\n\n""}"
browser.proxy.explicit-domains.https,cn-northwest-1,FAIL,2026-09-28T06:06:57.935755+00:00,results/retest/cn-northwest-1-results.jsonl,81,"{""type"": ""Error"", ""message"": ""Page.goto: net::ERR_TUNNEL_CONNECTION_FAILED at https://172.31.4.2:8443/\nCall log:\n  - navigating to \""https://172.31.4.2:8443/\"", waiting until \""load\""\n"", ""traceback"": ""Traceback (most recent call last):\n  File \""/home/ec2-user/agentcore/cn/suite.py\"", line 77, in test\n    result = fn()\n             ^^^^\n  File \""/home/ec2-user/agentcore/cn/retest_proxy.py\"", line 61, in <lambda>\n    s.test(\""browser.proxy.\""+mode+\"".https\"",lambda:navigate(pg,f\""https://{ip}:8443\"",\""private-network-ok\""))\n                                                 ^^^^^^^^^^^^^^^^^^^^^^^^^^^^^^^^^^^^^^^^^^^^^^^^^^^^^^\n  File \""/home/ec2-user/agentcore/cn/retest_proxy.py\"", line 97, in navigate\n    response=page.goto(url,timeout=20000)\n             ^^^^^^^^^^^^^^^^^^^^^^^^^^^^\n  File \""/home/ec2-user/agentcore/cn/.venv/lib64/python3.12/site-packages/playwright/sync_api/_generated.py\"", line 9903, in goto\n    self._sync(\n  File \""/home/ec2-user/agentcore/cn/.venv/lib64/python3.12/site-packages/playwright/_impl/_sync_base.py\"", line 115, in _sync\n    return task.result()\n           ^^^^^^^^^^^^^\n  File \""/home/ec2-user/agentcore/cn/.venv/lib64/python3.12/site-packages/playwright/_impl/_page.py\"", line 562, in goto\n    return await self._main_frame.goto(**locals_to_params(locals()))\n           ^^^^^^^^^^^^^^^^^^^^^^^^^^^^^^^^^^^^^^^^^^^^^^^^^^^^^^^^^\n  File \""/home/ec2-user/agentcore/cn/.venv/lib64/python3.12/site-packages/playwright/_impl/_frame.py\"", line 157, in goto\n    await self._channel.send(\n  File \""/home/ec2-user/agentcore/cn/.venv/lib64/python3.12/site-packages/playwright/_impl/_connection.py\"", line 76, in send\n    return await self._connection.wrap_api_call(\n           ^^^^^^^^^^^^^^^^^^^^^^^^^^^^^^^^^^^^^\n  File \""/home/ec2-user/agentcore/cn/.venv/lib64/python3.12/site-packages/playwright/_impl/_connection.py\"", line 632, in wrap_api_call\n    raise rewrite_error(error, f\""{parsed_st['apiName']}: {error}\"") from None\nplaywright._impl._errors.Error: Page.goto: net::ERR_TUNNEL_CONNECTION_FAILED at https://172.31.4.2:8443/\nCall log:\n  - navigating to \""https://172.31.4.2:8443/\"", waiting until \""load\""\n\n""}"
browser.proxy.explicit-domains.startup_flags,cn-north-1,PASS,2026-09-28T06:06:53.336547+00:00,results/retest/cn-north-1-results.jsonl,79,"{""proxyFlags"": [""--proxy-server=http://127.0.0.1:3128""], ""remoteVersion"": ""148.0.7778.258""}"
browser.proxy.explicit-domains.startup_flags,cn-northwest-1,PASS,2026-09-28T06:06:56.336339+00:00,results/retest/cn-northwest-1-results.jsonl,79,"{""proxyFlags"": [""--proxy-server=http://127.0.0.1:3128""], ""remoteVersion"": ""148.0.7778.258""}"
browser.proxy.explicit_context.http,cn-north-1,PASS,2026-09-28T06:03:56.756142+00:00,results/retest/cn-north-1-results.jsonl,62,"{""status"": 200, ""body"": ""authenticated-proxy-ok""}"
browser.proxy.explicit_context.http,cn-northwest-1,PASS,2026-09-28T06:03:59.160056+00:00,results/retest/cn-northwest-1-results.jsonl,62,"{""status"": 200, ""body"": ""authenticated-proxy-ok""}"
browser.proxy.explicit_context.https,cn-north-1,PASS,2026-09-28T06:03:58.073394+00:00,results/retest/cn-north-1-results.jsonl,63,"{""status"": 200, ""body"": ""private-network-ok\nSave""}"
browser.proxy.explicit_context.https,cn-northwest-1,PASS,2026-09-28T06:04:00.633159+00:00,results/retest/cn-northwest-1-results.jsonl,63,"{""status"": 200, ""body"": ""private-network-ok\nSave""}"
browser.proxy.http_routing,cn-north-1,PASS,2026-09-28T06:16:28.042906+00:00,results/retest/cn-north-1-results.jsonl,135,"{""supportedConfiguration"": {""httpPort"": 80, ""httpsPort"": 443, ""domainPatterns"": ""Explicit target domains when DNS is only known to the upstream proxy"", ""bypass"": ""Tested in a separate session to avoid matching the routed endpoint's reverse DNS""}, ""verifiedChecks"": [{""feature"": ""browser.proxy.standard.explicit-auth.synthetic_dns"", ""time"": ""2026-09-28T06:12:16.709509+00:00""}, {""feature"": ""browser.proxy.standard.explicit-no-auth.synthetic_dns"", ""time"": ""2026-09-28T06:12:45.301511+00:00""}], ""limits"": ""8000/8443 rejected by the built-in proxy in this test; upstream-only DNS without domainPatterns returned 503"", ""previousFailuresRetained"": true}"
browser.proxy.http_routing,cn-northwest-1,PASS,2026-09-28T06:16:27.995720+00:00,results/retest/cn-northwest-1-results.jsonl,135,"{""supportedConfiguration"": {""httpPort"": 80, ""httpsPort"": 443, ""domainPatterns"": ""Explicit target domains when DNS is only known to the upstream proxy"", ""bypass"": ""Tested in a separate session to avoid matching the routed endpoint's reverse DNS""}, ""verifiedChecks"": [{""feature"": ""browser.proxy.standard.explicit-auth.synthetic_dns"", ""time"": ""2026-09-28T06:12:22.188384+00:00""}, {""feature"": ""browser.proxy.standard.explicit-no-auth.synthetic_dns"", ""time"": ""2026-09-28T06:12:56.694946+00:00""}], ""limits"": ""8000/8443 rejected by the built-in proxy in this test; upstream-only DNS without domainPatterns returned 503"", ""previousFailuresRetained"": true}"
browser.proxy.no-auth.http,cn-north-1,FAIL,2026-09-28T06:04:12.654598+00:00,results/retest/cn-north-1-results.jsonl,66,"{""type"": ""AssertionError"", ""message"": ""{'status': 503, 'body': 'ERROR\\nThe requested URL could not be retrieved\\n\\nThe following error was encountered while trying to retrieve the URL: http://proxy-only.agentcore.test/\\n\\nUnable to determine IP address from host name proxy-only.agentcore.test\\n\\nThe DNS server returned:\\n\\nName Error: The domain name does not exist.\\n\\nThis means that the cache was not able to resolve the hostname presented in the URL. Check if the address is correct.\\n\\nYour cache administrator is root.\\n\\n\\n\\n\\nGenerated Mon, 28 Sep 2026 06:04:11 GMT by localhost (squid/6.13)'}"", ""traceback"": ""Traceback (most recent call last):\n  File \""/home/ec2-user/agentcore/cn/suite.py\"", line 77, in test\n    result = fn()\n             ^^^^\n  File \""/home/ec2-user/agentcore/cn/retest_proxy.py\"", line 60, in <lambda>\n    s.test(\""browser.proxy.\""+mode+\"".http\"",lambda:navigate(pg,\""http://proxy-only.agentcore.test\"",\""authenticated-proxy-ok\""))\n                                                ^^^^^^^^^^^^^^^^^^^^^^^^^^^^^^^^^^^^^^^^^^^^^^^^^^^^^^^^^^^^^^^^^^^^^^^^\n  File \""/home/ec2-user/agentcore/cn/retest_proxy.py\"", line 100, in navigate\n    assert response.status==200 and marker in body,evidence\n           ^^^^^^^^^^^^^^^^^^^^^^^^^^^^^^^^^^^^^^^\nAssertionError: {'status': 503, 'body': 'ERROR\\nThe requested URL could not be retrieved\\n\\nThe following error was encountered while trying to retrieve the URL: http://proxy-only.agentcore.test/\\n\\nUnable to determine IP address from host name proxy-only.agentcore.test\\n\\nThe DNS server returned:\\n\\nName Error: The domain name does not exist.\\n\\nThis means that the cache was not able to resolve the hostname presented in the URL. Check if the address is correct.\\n\\nYour cache administrator is root.\\n\\n\\n\\n\\nGenerated Mon, 28 Sep 2026 06:04:11 GMT by localhost (squid/6.13)'}\n""}"
browser.proxy.no-auth.http,cn-northwest-1,FAIL,2026-09-28T06:04:17.853756+00:00,results/retest/cn-northwest-1-results.jsonl,66,"{""type"": ""AssertionError"", ""message"": ""{'status': 503, 'body': 'ERROR\\nThe requested URL could not be retrieved\\n\\nThe following error was encountered while trying to retrieve the URL: http://proxy-only.agentcore.test/\\n\\nUnable to determine IP address from host name proxy-only.agentcore.test\\n\\nThe DNS server returned:\\n\\nName Error: The domain name does not exist.\\n\\nThis means that the cache was not able to resolve the hostname presented in the URL. Check if the address is correct.\\n\\nYour cache administrator is root.\\n\\n\\n\\n\\nGenerated Mon, 28 Sep 2026 06:04:16 GMT by localhost (squid/6.13)'}"", ""traceback"": ""Traceback (most recent call last):\n  File \""/home/ec2-user/agentcore/cn/suite.py\"", line 77, in test\n    result = fn()\n             ^^^^\n  File \""/home/ec2-user/agentcore/cn/retest_proxy.py\"", line 60, in <lambda>\n    s.test(\""browser.proxy.\""+mode+\"".http\"",lambda:navigate(pg,\""http://proxy-only.agentcore.test\"",\""authenticated-proxy-ok\""))\n                                                ^^^^^^^^^^^^^^^^^^^^^^^^^^^^^^^^^^^^^^^^^^^^^^^^^^^^^^^^^^^^^^^^^^^^^^^^\n  File \""/home/ec2-user/agentcore/cn/retest_proxy.py\"", line 100, in navigate\n    assert response.status==200 and marker in body,evidence\n           ^^^^^^^^^^^^^^^^^^^^^^^^^^^^^^^^^^^^^^^\nAssertionError: {'status': 503, 'body': 'ERROR\\nThe requested URL could not be retrieved\\n\\nThe following error was encountered while trying to retrieve the URL: http://proxy-only.agentcore.test/\\n\\nUnable to determine IP address from host name proxy-only.agentcore.test\\n\\nThe DNS server returned:\\n\\nName Error: The domain name does not exist.\\n\\nThis means that the cache was not able to resolve the hostname presented in the URL. Check if the address is correct.\\n\\nYour cache administrator is root.\\n\\n\\n\\n\\nGenerated Mon, 28 Sep 2026 06:04:16 GMT by localhost (squid/6.13)'}\n""}"
browser.proxy.no-auth.https,cn-north-1,FAIL,2026-09-28T06:04:12.944079+00:00,results/retest/cn-north-1-results.jsonl,67,"{""type"": ""Error"", ""message"": ""Page.goto: net::ERR_TUNNEL_CONNECTION_FAILED at https://172.31.23.132:8443/\nCall log:\n  - navigating to \""https://172.31.23.132:8443/\"", waiting until \""load\""\n"", ""traceback"": ""Traceback (most recent call last):\n  File \""/home/ec2-user/agentcore/cn/suite.py\"", line 77, in test\n    result = fn()\n             ^^^^\n  File \""/home/ec2-user/agentcore/cn/retest_proxy.py\"", line 61, in <lambda>\n    s.test(\""browser.proxy.\""+mode+\"".https\"",lambda:navigate(pg,f\""https://{ip}:8443\"",\""private-network-ok\""))\n                                                 ^^^^^^^^^^^^^^^^^^^^^^^^^^^^^^^^^^^^^^^^^^^^^^^^^^^^^^\n  File \""/home/ec2-user/agentcore/cn/retest_proxy.py\"", line 97, in navigate\n    response=page.goto(url,timeout=20000)\n             ^^^^^^^^^^^^^^^^^^^^^^^^^^^^\n  File \""/home/ec2-user/agentcore/cn/.venv/lib64/python3.12/site-packages/playwright/sync_api/_generated.py\"", line 9903, in goto\n    self._sync(\n  File \""/home/ec2-user/agentcore/cn/.venv/lib64/python3.12/site-packages/playwright/_impl/_sync_base.py\"", line 115, in _sync\n    return task.result()\n           ^^^^^^^^^^^^^\n  File \""/home/ec2-user/agentcore/cn/.venv/lib64/python3.12/site-packages/playwright/_impl/_page.py\"", line 562, in goto\n    return await self._main_frame.goto(**locals_to_params(locals()))\n           ^^^^^^^^^^^^^^^^^^^^^^^^^^^^^^^^^^^^^^^^^^^^^^^^^^^^^^^^^\n  File \""/home/ec2-user/agentcore/cn/.venv/lib64/python3.12/site-packages/playwright/_impl/_frame.py\"", line 157, in goto\n    await self._channel.send(\n  File \""/home/ec2-user/agentcore/cn/.venv/lib64/python3.12/site-packages/playwright/_impl/_connection.py\"", line 76, in send\n    return await self._connection.wrap_api_call(\n           ^^^^^^^^^^^^^^^^^^^^^^^^^^^^^^^^^^^^^\n  File \""/home/ec2-user/agentcore/cn/.venv/lib64/python3.12/site-packages/playwright/_impl/_connection.py\"", line 632, in wrap_api_call\n    raise rewrite_error(error, f\""{parsed_st['apiName']}: {error}\"") from None\nplaywright._impl._errors.Error: Page.goto: net::ERR_TUNNEL_CONNECTION_FAILED at https://172.31.23.132:8443/\nCall log:\n  - navigating to \""https://172.31.23.132:8443/\"", waiting until \""load\""\n\n""}"
browser.proxy.no-auth.https,cn-northwest-1,FAIL,2026-09-28T06:04:18.195580+00:00,results/retest/cn-northwest-1-results.jsonl,67,"{""type"": ""Error"", ""message"": ""Page.goto: net::ERR_TUNNEL_CONNECTION_FAILED at https://172.31.4.2:8443/\nCall log:\n  - navigating to \""https://172.31.4.2:8443/\"", waiting until \""load\""\n"", ""traceback"": ""Traceback (most recent call last):\n  File \""/home/ec2-user/agentcore/cn/suite.py\"", line 77, in test\n    result = fn()\n             ^^^^\n  File \""/home/ec2-user/agentcore/cn/retest_proxy.py\"", line 61, in <lambda>\n    s.test(\""browser.proxy.\""+mode+\"".https\"",lambda:navigate(pg,f\""https://{ip}:8443\"",\""private-network-ok\""))\n                                                 ^^^^^^^^^^^^^^^^^^^^^^^^^^^^^^^^^^^^^^^^^^^^^^^^^^^^^^\n  File \""/home/ec2-user/agentcore/cn/retest_proxy.py\"", line 97, in navigate\n    response=page.goto(url,timeout=20000)\n             ^^^^^^^^^^^^^^^^^^^^^^^^^^^^\n  File \""/home/ec2-user/agentcore/cn/.venv/lib64/python3.12/site-packages/playwright/sync_api/_generated.py\"", line 9903, in goto\n    self._sync(\n  File \""/home/ec2-user/agentcore/cn/.venv/lib64/python3.12/site-packages/playwright/_impl/_sync_base.py\"", line 115, in _sync\n    return task.result()\n           ^^^^^^^^^^^^^\n  File \""/home/ec2-user/agentcore/cn/.venv/lib64/python3.12/site-packages/playwright/_impl/_page.py\"", line 562, in goto\n    return await self._main_frame.goto(**locals_to_params(locals()))\n           ^^^^^^^^^^^^^^^^^^^^^^^^^^^^^^^^^^^^^^^^^^^^^^^^^^^^^^^^^\n  File \""/home/ec2-user/agentcore/cn/.venv/lib64/python3.12/site-packages/playwright/_impl/_frame.py\"", line 157, in goto\n    await self._channel.send(\n  File \""/home/ec2-user/agentcore/cn/.venv/lib64/python3.12/site-packages/playwright/_impl/_connection.py\"", line 76, in send\n    return await self._connection.wrap_api_call(\n           ^^^^^^^^^^^^^^^^^^^^^^^^^^^^^^^^^^^^^\n  File \""/home/ec2-user/agentcore/cn/.venv/lib64/python3.12/site-packages/playwright/_impl/_connection.py\"", line 632, in wrap_api_call\n    raise rewrite_error(error, f\""{parsed_st['apiName']}: {error}\"") from None\nplaywright._impl._errors.Error: Page.goto: net::ERR_TUNNEL_CONNECTION_FAILED at https://172.31.4.2:8443/\nCall log:\n  - navigating to \""https://172.31.4.2:8443/\"", waiting until \""load\""\n\n""}"
browser.proxy.no-auth.startup_flags,cn-north-1,PASS,2026-09-28T06:04:11.239746+00:00,results/retest/cn-north-1-results.jsonl,65,"{""proxyFlags"": [""--proxy-server=http://127.0.0.1:3128""], ""remoteVersion"": ""148.0.7778.258""}"
browser.proxy.no-auth.startup_flags,cn-northwest-1,PASS,2026-09-28T06:04:16.114617+00:00,results/retest/cn-northwest-1-results.jsonl,65,"{""proxyFlags"": [""--proxy-server=http://127.0.0.1:3128""], ""remoteVersion"": ""148.0.7778.258""}"
browser.proxy.private_endpoint_baseline,cn-north-1,PASS,2026-09-28T06:03:53.892374+00:00,results/retest/cn-north-1-results.jsonl,61,"{""status"": 200, ""body"": ""private-network-ok\nSave""}"
browser.proxy.private_endpoint_baseline,cn-northwest-1,PASS,2026-09-28T06:03:56.017918+00:00,results/retest/cn-northwest-1-results.jsonl,61,"{""status"": 200, ""body"": ""private-network-ok\nSave""}"
browser.proxy.scheme_validation,cn-north-1,PASS,2026-09-28T06:04:27.345923+00:00,results/retest/cn-north-1-results.jsonl,71,"{""schemePrefixRejected"": true, ""response"": {""Error"": {""Message"": ""1 validation error detected: Value at 'proxyConfiguration.proxies.1.member.externalProxy.server' failed to satisfy constraint: Member must satisfy regular expression pattern: [a-zA-Z0-9]([a-zA-Z0-9\\-]{0,61}[a-zA-Z0-9])?(\\.[a-zA-Z0-9]([a-zA-Z0-9\\-]{0,61}[a-zA-Z0-9])?)*"", ""Code"": ""ValidationException""}, ""ResponseMetadata"": {""RequestId"": ""c160a93d-c177-4bd5-a22a-fb46f9908c47"", ""HTTPStatusCode"": 400, ""HTTPHeaders"": {""date"": ""Mon, 28 Sep 2026 06:04:27 GMT"", ""content-type"": ""application/json"", ""content-length"": ""316"", ""connection"": ""keep-alive"", ""x-amzn-requestid"": ""c160a93d-c177-4bd5-a22a-fb46f9908c47"", ""x-amzn-errortype"": ""ValidationException:http://internal.amazon.com/coral/com.amazon.bedrock.agentcore.common/""}, ""RetryAttempts"": 0}, ""message"": ""1 validation error detected: Value at 'proxyConfiguration.proxies.1.member.externalProxy.server' failed to satisfy constraint: Member must satisfy regular expression pattern: [a-zA-Z0-9]([a-zA-Z0-9\\-]{0,61}[a-zA-Z0-9])?(\\.[a-zA-Z0-9]([a-zA-Z0-9\\-]{0,61}[a-zA-Z0-9])?)*""}}"
browser.proxy.scheme_validation,cn-northwest-1,PASS,2026-09-28T06:04:34.751114+00:00,results/retest/cn-northwest-1-results.jsonl,71,"{""schemePrefixRejected"": true, ""response"": {""Error"": {""Message"": ""1 validation error detected: Value at 'proxyConfiguration.proxies.1.member.externalProxy.server' failed to satisfy constraint: Member must satisfy regular expression pattern: [a-zA-Z0-9]([a-zA-Z0-9\\-]{0,61}[a-zA-Z0-9])?(\\.[a-zA-Z0-9]([a-zA-Z0-9\\-]{0,61}[a-zA-Z0-9])?)*"", ""Code"": ""ValidationException""}, ""ResponseMetadata"": {""RequestId"": ""cdf458d9-4d7f-4181-8373-be8cbf7ae3ab"", ""HTTPStatusCode"": 400, ""HTTPHeaders"": {""date"": ""Mon, 28 Sep 2026 06:04:34 GMT"", ""content-type"": ""application/json"", ""content-length"": ""316"", ""connection"": ""keep-alive"", ""x-amzn-requestid"": ""cdf458d9-4d7f-4181-8373-be8cbf7ae3ab"", ""x-amzn-errortype"": ""ValidationException:http://internal.amazon.com/coral/com.amazon.bedrock.agentcore.common/""}, ""RetryAttempts"": 0}, ""message"": ""1 validation error detected: Value at 'proxyConfiguration.proxies.1.member.externalProxy.server' failed to satisfy constraint: Member must satisfy regular expression pattern: [a-zA-Z0-9]([a-zA-Z0-9\\-]{0,61}[a-zA-Z0-9])?(\\.[a-zA-Z0-9]([a-zA-Z0-9\\-]{0,61}[a-zA-Z0-9])?)*""}}"
browser.proxy.server_access_log,cn-north-1,PASS,2026-09-28T06:07:17.415191+00:00,results/retest/cn-north-1-results.jsonl,83,"[{""server"": ""page"", ""port"": 8443, ""path"": ""/""}, {""server"": ""page"", ""port"": 8443, ""path"": ""/favicon.ico""}, {""server"": ""proxy"", ""port"": 3128, ""method"": ""CONNECT"", ""path"": ""www.google.com:443"", ""credentialsPresent"": false, ""credentialsValid"": false}, {""server"": ""proxy"", ""port"": 3128, ""method"": ""GET"", ""path"": ""http://proxy-only.agentcore.test/"", ""credentialsPresent"": false, ""credentialsValid"": false}, {""server"": ""proxy"", ""port"": 3128, ""method"": ""GET"", ""path"": ""http://proxy-only.agentcore.test/"", ""credentialsPresent"": true, ""credentialsValid"": true}, {""server"": ""proxy"", ""port"": 3128, ""method"": ""GET"", ""path"": ""http://proxy-only.agentcore.test/favicon.ico"", ""credentialsPresent"": true, ""credentialsValid"": true}, {""server"": ""proxy"", ""port"": 3128, ""method"": ""CONNECT"", ""path"": ""172.31.23.132:8443"", ""credentialsPresent"": true, ""credentialsValid"": true}, {""server"": ""page"", ""port"": 8443, ""path"": ""/""}, {""server"": ""proxy"", ""port"": 3128, ""method"": ""CONNECT"", ""path"": ""172.31.23.132:8443"", ""credentialsPresent"": true, ""credentialsValid"": true}, {""server"": ""page"", ""port"": 8443, ""path"": ""/favicon.ico""}, {""server"": ""proxy-no-auth"", ""port"": 3129, ""method"": ""GET"", ""path"": ""http://0.0.0.0/time/1/current?cup2key=10:DwKWoiOF25Sgk-2xNhdUk2zPalUYFtb2frAMvXpZo-0&cup2hreq=e3b0c44298fc1c149afbf4c8996fb92427ae41e4649b934ca495991b7852b855""}, {""server"": ""proxy-no-auth"", ""port"": 3129, ""method"": ""GET"", ""path"": ""http://172.31.23.132:3129/squid-internal-periodic/store_digest""}, {""server"": ""proxy-no-auth"", ""port"": 3129, ""method"": ""CONNECT"", ""path"": ""0.0.0.0:443""}, {""server"": ""proxy-no-auth"", ""port"": 3129, ""method"": ""CONNECT"", ""path"": ""0.0.0.0:443""}, {""server"": ""proxy-no-auth"", ""port"": 3129, ""method"": ""CONNECT"", ""path"": ""www.google.com:443""}, {""server"": ""proxy-no-auth"", ""port"": 3129, ""method"": ""CONNECT"", ""path"": ""www.google.com:443""}, {""server"": ""proxy-no-auth"", ""port"": 3129, ""method"": ""CONNECT"", ""path"": ""www.google.com:443""}, {""server"": ""proxy-no-auth"", ""port"": 3129, ""method"": ""CONNECT"", ""path"": ""www.google.com:443""}, {""server"": ""proxy-no-auth"", ""port"": 3129, ""method"": ""CONNECT"", ""path"": ""0.0.0.0:443""}, {""server"": ""proxy-no-auth"", ""port"": 3129, ""method"": ""CONNECT"", ""path"": ""0.0.0.0:443""}, {""server"": ""proxy-no-auth"", ""port"": 3129, ""method"": ""CONNECT"", ""path"": ""www.google.com:443""}, {""server"": ""proxy"", ""port"": 3128, ""method"": ""GET"", ""path"": ""http://0.0.0.0/time/1/current?cup2key=10:X8K5S5wYLrjf_Sb5o_eyE2Emdfouw-_6reSPU20h7T0&cup2hreq=e3b0c44298fc1c149afbf4c8996fb92427ae41e4649b934ca495991b7852b855"", ""credentialsPresent"": true, ""credentialsValid"": true}, {""server"": ""proxy"", ""port"": 3128, ""method"": ""GET"", ""path"": ""http://172.31.23.132:3128/squid-internal-periodic/store_digest"", ""credentialsPresent"": true, ""credentialsValid"": true}, {""server"": ""proxy"", ""port"": 3128, ""method"": ""CONNECT"", ""path"": ""0.0.0.0:443"", ""credentialsPresent"": true, ""credentialsValid"": true}, {""server"": ""proxy"", ""port"": 3128, ""method"": ""CONNECT"", ""path"": ""0.0.0.0:443"", ""credentialsPresent"": true, ""credentialsValid"": true}, {""server"": ""proxy"", ""port"": 3128, ""method"": ""CONNECT"", ""path"": ""www.google.com:443"", ""credentialsPresent"": true, ""credentialsValid"": true}, {""server"": ""proxy"", ""port"": 3128, ""method"": ""CONNECT"", ""path"": ""www.google.com:443"", ""credentialsPresent"": true, ""credentialsValid"": true}, {""server"": ""proxy"", ""port"": 3128, ""method"": ""CONNECT"", ""path"": ""www.google.com:443"", ""credentialsPresent"": true, ""credentialsValid"": true}, {""server"": ""proxy"", ""port"": 3128, ""method"": ""CONNECT"", ""path"": ""www.google.com:443"", ""credentialsPresent"": true, ""credentialsValid"": true}, {""server"": ""proxy"", ""port"": 3128, ""method"": ""CONNECT"", ""path"": ""0.0.0.0:443"", ""credentialsPresent"": true, ""credentialsValid"": true}, {""server"": ""proxy"", ""port"": 3128, ""method"": ""CONNECT"", ""path"": ""0.0.0.0:443"", ""credentialsPresent"": true, ""credentialsValid"": true}, {""server"": ""proxy"", ""port"": 3128, ""method"": ""CONNECT"", ""path"": ""www.google.com:443"", ""credentialsPresent"": true, ""credentialsValid"": true}, {""server"": ""page"", ""port"": 8443, ""path"": ""/""}, {""server"": ""page"", ""port"": 8443, ""path"": ""/favicon.ico""}, {""server"": ""proxy"", ""port"": 3128, ""method"": ""CONNECT"", ""path"": ""www.google.com:443"", ""credentialsPresent"": false, ""credentialsValid"": false}, {""server"": ""proxy"", ""port"": 3128, ""method"": ""GET"", ""path"": ""http://proxy-only.agentcore.test/"", ""credentialsPresent"": false, ""credentialsValid"": false}, {""server"": ""proxy"", ""port"": 3128, ""method"": ""GET"", ""path"": ""http://proxy-only.agentcore.test/"", ""credentialsPresent"": true, ""credentialsValid"": true}, {""server"": ""proxy"", ""port"": 3128, ""method"": ""GET"", ""path"": ""http://proxy-only.agentcore.test/favicon.ico"", ""credentialsPresent"": true, ""credentialsValid"": true}, {""server"": ""proxy"", ""port"": 3128, ""method"": ""CONNECT"", ""path"": ""172.31.23.132:8443"", ""credentialsPresent"": true, ""credentialsValid"": true}, {""server"": ""page"", ""port"": 8443, ""path"": ""/""}, {""server"": ""proxy"", ""port"": 3128, ""method"": ""CONNECT"", ""path"": ""172.31.23.132:8443"", ""credentialsPresent"": true, ""credentialsValid"": true}, {""server"": ""page"", ""port"": 8443, ""path"": ""/favicon.ico""}, {""server"": ""page"", ""port"": 8000, ""path"": ""/favicon.ico""}, {""server"": ""proxy-no-auth"", ""port"": 3129, ""method"": ""GET"", ""path"": ""http://0.0.0.0/time/1/current?cup2key=10:PRnRJ8jQ2QjWNHQgRLPQDJ81KqCbE23wJUdNU65Xii8&cup2hreq=e3b0c44298fc1c149afbf4c8996fb92427ae41e4649b934ca495991b7852b855""}, {""server"": ""proxy-no-auth"", ""port"": 3129, ""method"": ""GET"", ""path"": ""http://172.31.23.132:3129/squid-internal-periodic/store_digest""}, {""server"": ""proxy-no-auth"", ""port"": 3129, ""method"": ""CONNECT"", ""path"": ""0.0.0.0:443""}, {""server"": ""proxy-no-auth"", ""port"": 3129, ""method"": ""CONNECT"", ""path"": ""0.0.0.0:443""}, {""server"": ""proxy-no-auth"", ""port"": 3129, ""method"": ""CONNECT"", ""path"": ""www.google.com:443""}, {""server"": ""proxy-no-auth"", ""port"": 3129, ""method"": ""CONNECT"", ""path"": ""www.google.com:443""}, {""server"": ""proxy-no-auth"", ""port"": 3129, ""method"": ""CONNECT"", ""path"": ""www.google.com:443""}, {""server"": ""proxy-no-auth"", ""port"": 3129, ""method"": ""CONNECT"", ""path"": ""www.google.com:443""}, {""server"": ""proxy-no-auth"", ""port"": 3129, ""method"": ""CONNECT"", ""path"": ""0.0.0.0:443""}, {""server"": ""proxy-no-auth"", ""port"": 3129, ""method"": ""CONNECT"", ""path"": ""0.0.0.0:443""}, {""server"": ""proxy-no-auth"", ""port"": 3129, ""method"": ""CONNECT"", ""path"": ""0.0.0.0:443""}, {""server"": ""proxy-no-auth"", ""port"": 3129, ""method"": ""CONNECT"", ""path"": ""0.0.0.0:443""}, {""server"": ""proxy-no-auth"", ""port"": 3129, ""method"": ""CONNECT"", ""path"": ""www.google.com:443""}, {""server"": ""proxy"", ""port"": 3128, ""method"": ""GET"", ""path"": ""http://0.0.0.0/time/1/current?cup2key=10:6EVMiU7kOxh1VY26FBowdDJFMl4lv_apfYNXqZzClHE&cup2hreq=e3b0c44298fc1c149afbf4c8996fb92427ae41e4649b934ca495991b7852b855"", ""credentialsPresent"": true, ""credentialsValid"": true}, {""server"": ""proxy"", ""port"": 3128, ""method"": ""GET"", ""path"": ""http://172.31.23.132:3128/squid-internal-periodic/store_digest"", ""credentialsPresent"": true, ""credentialsValid"": true}, {""server"": ""proxy"", ""port"": 3128, ""method"": ""CONNECT"", ""path"": ""0.0.0.0:443"", ""credentialsPresent"": true, ""credentialsValid"": true}, {""server"": ""proxy"", ""port"": 3128, ""method"": ""CONNECT"", ""path"": ""0.0.0.0:443"", ""credentialsPresent"": true, ""credentialsValid"": true}, {""server"": ""proxy"", ""port"": 3128, ""method"": ""CONNECT"", ""path"": ""www.google.com:443"", ""credentialsPresent"": true, ""credentialsValid"": true}, {""server"": ""proxy"", ""port"": 3128, ""method"": ""CONNECT"", ""path"": ""www.google.com:443"", ""credentialsPresent"": true, ""credentialsValid"": true}, {""server"": ""proxy"", ""port"": 3128, ""method"": ""CONNECT"", ""path"": ""www.google.com:443"", ""credentialsPresent"": true, ""credentialsValid"": true}, {""server"": ""proxy"", ""port"": 3128, ""method"": ""CONNECT"", ""path"": ""www.google.com:443"", ""credentialsPresent"": true, ""credentialsValid"": true}, {""server"": ""proxy"", ""port"": 3128, ""method"": ""CONNECT"", ""path"": ""0.0.0.0:443"", ""credentialsPresent"": true, ""credentialsValid"": true}, {""server"": ""proxy"", ""port"": 3128, ""method"": ""CONNECT"", ""path"": ""0.0.0.0:443"", ""credentialsPresent"": true, ""credentialsValid"": true}, {""server"": ""proxy"", ""port"": 3128, ""method"": ""CONNECT"", ""path"": ""www.google.com:443"", ""credentialsPresent"": true, ""credentialsValid"": true}, {""server"": ""proxy"", ""port"": 3128, ""method"": ""GET"", ""path"": ""http://proxy-only.agentcore.test/"", ""credentialsPresent"": true, ""credentialsValid"": true}, {""server"": ""proxy"", ""port"": 3128, ""method"": ""GET"", ""path"": ""http://172.31.23.132:3128/squid-internal-periodic/store_digest"", ""credentialsPresent"": true, ""credentialsValid"": true}, {""server"": ""proxy"", ""port"": 3128, ""method"": ""GET"", ""path"": ""http://proxy-only.agentcore.test/favicon.ico"", ""credentialsPresent"": true, ""credentialsValid"": true}, {""server"": ""proxy"", ""port"": 3128, ""method"": ""GET"", ""path"": ""http://0.0.0.0/time/1/current?cup2key=10:1SPTZZkprwX-TpVgJ72y3UFlkAjVB82ZRr8sTJPMzsU&cup2hreq=e3b0c44298fc1c149afbf4c8996fb92427ae41e4649b934ca495991b7852b855"", ""credentialsPresent"": true, ""credentialsValid"": true}, {""server"": ""proxy"", ""port"": 3128, ""method"": ""GET"", ""path"": ""/squid-internal-periodic/store_digest"", ""credentialsPresent"": false, ""credentialsValid"": false}, {""server"": ""proxy"", ""port"": 3128, ""method"": ""CONNECT"", ""path"": ""0.0.0.0:443"", ""credentialsPresent"": true, ""credentialsValid"": true}, {""server"": ""proxy"", ""port"": 3128, ""method"": ""CONNECT"", ""path"": ""0.0.0.0:443"", ""credentialsPresent"": true, ""credentialsValid"": true}, {""server"": ""proxy"", ""port"": 3128, ""method"": ""CONNECT"", ""path"": ""www.google.com:443"", ""credentialsPresent"": true, ""credentialsValid"": true}, {""server"": ""proxy"", ""port"": 3128, ""method"": ""CONNECT"", ""path"": ""www.google.com:443"", ""credentialsPresent"": true, ""credentialsValid"": true}, {""server"": ""proxy"", ""port"": 3128, ""method"": ""CONNECT"", ""path"": ""www.google.com:443"", ""credentialsPresent"": true, ""credentialsValid"": true}, {""server"": ""proxy"", ""port"": 3128, ""method"": ""CONNECT"", ""path"": ""www.google.com:443"", ""credentialsPresent"": true, ""credentialsValid"": true}, {""server"": ""proxy"", ""port"": 3128, ""method"": ""CONNECT"", ""path"": ""0.0.0.0:443"", ""credentialsPresent"": true, ""credentialsValid"": true}, {""server"": ""proxy"", ""port"": 3128, ""method"": ""CONNECT"", ""path"": ""0.0.0.0:443"", ""credentialsPresent"": true, ""credentialsValid"": true}, {""server"": ""proxy"", ""port"": 3128, ""method"": ""CONNECT"", ""path"": ""0.0.0.0:443"", ""credentialsPresent"": true, ""credentialsValid"": true}, {""server"": ""proxy"", ""port"": 3128, ""method"": ""CONNECT"", ""path"": ""0.0.0.0:443"", ""credentialsPresent"": true, ""credentialsValid"": true}]"
browser.proxy.server_access_log,cn-northwest-1,PASS,2026-09-28T06:07:24.726390+00:00,results/retest/cn-northwest-1-results.jsonl,83,"[{""server"": ""page"", ""port"": 8443, ""path"": ""/""}, {""server"": ""page"", ""port"": 8443, ""path"": ""/favicon.ico""}, {""server"": ""proxy"", ""port"": 3128, ""method"": ""CONNECT"", ""path"": ""www.google.com:443"", ""credentialsPresent"": false, ""credentialsValid"": false}, {""server"": ""proxy"", ""port"": 3128, ""method"": ""GET"", ""path"": ""http://proxy-only.agentcore.test/"", ""credentialsPresent"": false, ""credentialsValid"": false}, {""server"": ""proxy"", ""port"": 3128, ""method"": ""GET"", ""path"": ""http://proxy-only.agentcore.test/"", ""credentialsPresent"": true, ""credentialsValid"": true}, {""server"": ""proxy"", ""port"": 3128, ""method"": ""GET"", ""path"": ""http://proxy-only.agentcore.test/favicon.ico"", ""credentialsPresent"": true, ""credentialsValid"": true}, {""server"": ""proxy"", ""port"": 3128, ""method"": ""CONNECT"", ""path"": ""172.31.4.2:8443"", ""credentialsPresent"": true, ""credentialsValid"": true}, {""server"": ""page"", ""port"": 8443, ""path"": ""/""}, {""server"": ""proxy"", ""port"": 3128, ""method"": ""CONNECT"", ""path"": ""172.31.4.2:8443"", ""credentialsPresent"": true, ""credentialsValid"": true}, {""server"": ""page"", ""port"": 8443, ""path"": ""/favicon.ico""}, {""server"": ""proxy-no-auth"", ""port"": 3129, ""method"": ""GET"", ""path"": ""http://0.0.0.0/time/1/current?cup2key=10:tvfMFQiSB7_PMumJMFihcWPITcDRZnvFxFHyuLP5DmM&cup2hreq=e3b0c44298fc1c149afbf4c8996fb92427ae41e4649b934ca495991b7852b855""}, {""server"": ""proxy-no-auth"", ""port"": 3129, ""method"": ""GET"", ""path"": ""http://172.31.4.2:3129/squid-internal-periodic/store_digest""}, {""server"": ""proxy-no-auth"", ""port"": 3129, ""method"": ""CONNECT"", ""path"": ""0.0.0.0:443""}, {""server"": ""proxy-no-auth"", ""port"": 3129, ""method"": ""CONNECT"", ""path"": ""0.0.0.0:443""}, {""server"": ""proxy-no-auth"", ""port"": 3129, ""method"": ""CONNECT"", ""path"": ""www.google.com:443""}, {""server"": ""proxy-no-auth"", ""port"": 3129, ""method"": ""CONNECT"", ""path"": ""www.google.com:443""}, {""server"": ""proxy-no-auth"", ""port"": 3129, ""method"": ""CONNECT"", ""path"": ""www.google.com:443""}, {""server"": ""proxy-no-auth"", ""port"": 3129, ""method"": ""CONNECT"", ""path"": ""www.google.com:443""}, {""server"": ""proxy-no-auth"", ""port"": 3129, ""method"": ""CONNECT"", ""path"": ""0.0.0.0:443""}, {""server"": ""proxy-no-auth"", ""port"": 3129, ""method"": ""CONNECT"", ""path"": ""0.0.0.0:443""}, {""server"": ""proxy-no-auth"", ""port"": 3129, ""method"": ""CONNECT"", ""path"": ""www.google.com:443""}, {""server"": ""proxy"", ""port"": 3128, ""method"": ""GET"", ""path"": ""http://0.0.0.0/time/1/current?cup2key=10:4qyZHAXXWq_vVG0Whuq3JSy0OosWoU5W5kNhHb_FcxQ&cup2hreq=e3b0c44298fc1c149afbf4c8996fb92427ae41e4649b934ca495991b7852b855"", ""credentialsPresent"": true, ""credentialsValid"": true}, {""server"": ""proxy"", ""port"": 3128, ""method"": ""GET"", ""path"": ""http://172.31.4.2:3128/squid-internal-periodic/store_digest"", ""credentialsPresent"": true, ""credentialsValid"": true}, {""server"": ""proxy"", ""port"": 3128, ""method"": ""CONNECT"", ""path"": ""0.0.0.0:443"", ""credentialsPresent"": true, ""credentialsValid"": true}, {""server"": ""proxy"", ""port"": 3128, ""method"": ""CONNECT"", ""path"": ""0.0.0.0:443"", ""credentialsPresent"": true, ""credentialsValid"": true}, {""server"": ""proxy"", ""port"": 3128, ""method"": ""CONNECT"", ""path"": ""www.google.com:443"", ""credentialsPresent"": true, ""credentialsValid"": true}, {""server"": ""proxy"", ""port"": 3128, ""method"": ""CONNECT"", ""path"": ""www.google.com:443"", ""credentialsPresent"": true, ""credentialsValid"": true}, {""server"": ""proxy"", ""port"": 3128, ""method"": ""CONNECT"", ""path"": ""www.google.com:443"", ""credentialsPresent"": true, ""credentialsValid"": true}, {""server"": ""proxy"", ""port"": 3128, ""method"": ""CONNECT"", ""path"": ""www.google.com:443"", ""credentialsPresent"": true, ""credentialsValid"": true}, {""server"": ""proxy"", ""port"": 3128, ""method"": ""CONNECT"", ""path"": ""0.0.0.0:443"", ""credentialsPresent"": true, ""credentialsValid"": true}, {""server"": ""proxy"", ""port"": 3128, ""method"": ""CONNECT"", ""path"": ""0.0.0.0:443"", ""credentialsPresent"": true, ""credentialsValid"": true}, {""server"": ""proxy"", ""port"": 3128, ""method"": ""CONNECT"", ""path"": ""www.google.com:443"", ""credentialsPresent"": true, ""credentialsValid"": true}, {""server"": ""page"", ""port"": 8443, ""path"": ""/""}, {""server"": ""page"", ""port"": 8443, ""path"": ""/favicon.ico""}, {""server"": ""proxy"", ""port"": 3128, ""method"": ""CONNECT"", ""path"": ""www.google.com:443"", ""credentialsPresent"": false, ""credentialsValid"": false}, {""server"": ""proxy"", ""port"": 3128, ""method"": ""GET"", ""path"": ""http://proxy-only.agentcore.test/"", ""credentialsPresent"": false, ""credentialsValid"": false}, {""server"": ""proxy"", ""port"": 3128, ""method"": ""GET"", ""path"": ""http://proxy-only.agentcore.test/"", ""credentialsPresent"": true, ""credentialsValid"": true}, {""server"": ""proxy"", ""port"": 3128, ""method"": ""GET"", ""path"": ""http://proxy-only.agentcore.test/favicon.ico"", ""credentialsPresent"": true, ""credentialsValid"": true}, {""server"": ""proxy"", ""port"": 3128, ""method"": ""CONNECT"", ""path"": ""172.31.4.2:8443"", ""credentialsPresent"": true, ""credentialsValid"": true}, {""server"": ""page"", ""port"": 8443, ""path"": ""/""}, {""server"": ""proxy"", ""port"": 3128, ""method"": ""CONNECT"", ""path"": ""172.31.4.2:8443"", ""credentialsPresent"": true, ""credentialsValid"": true}, {""server"": ""page"", ""port"": 8443, ""path"": ""/favicon.ico""}, {""server"": ""page"", ""port"": 8000, ""path"": ""/favicon.ico""}, {""server"": ""proxy-no-auth"", ""port"": 3129, ""method"": ""GET"", ""path"": ""http://0.0.0.0/time/1/current?cup2key=10:F8gmn2diMn89RreMo8ifmSJukU-fzh93fDReTZLkpZ0&cup2hreq=e3b0c44298fc1c149afbf4c8996fb92427ae41e4649b934ca495991b7852b855""}, {""server"": ""proxy-no-auth"", ""port"": 3129, ""method"": ""GET"", ""path"": ""http://172.31.4.2:3129/squid-internal-periodic/store_digest""}, {""server"": ""proxy-no-auth"", ""port"": 3129, ""method"": ""CONNECT"", ""path"": ""0.0.0.0:443""}, {""server"": ""proxy-no-auth"", ""port"": 3129, ""method"": ""CONNECT"", ""path"": ""0.0.0.0:443""}, {""server"": ""proxy-no-auth"", ""port"": 3129, ""method"": ""CONNECT"", ""path"": ""www.google.com:443""}, {""server"": ""proxy-no-auth"", ""port"": 3129, ""method"": ""CONNECT"", ""path"": ""www.google.com:443""}, {""server"": ""proxy-no-auth"", ""port"": 3129, ""method"": ""CONNECT"", ""path"": ""www.google.com:443""}, {""server"": ""proxy-no-auth"", ""port"": 3129, ""method"": ""CONNECT"", ""path"": ""www.google.com:443""}, {""server"": ""proxy-no-auth"", ""port"": 3129, ""method"": ""CONNECT"", ""path"": ""0.0.0.0:443""}, {""server"": ""proxy-no-auth"", ""port"": 3129, ""method"": ""CONNECT"", ""path"": ""0.0.0.0:443""}, {""server"": ""proxy-no-auth"", ""port"": 3129, ""method"": ""CONNECT"", ""path"": ""www.google.com:443""}, {""server"": ""proxy"", ""port"": 3128, ""method"": ""GET"", ""path"": ""http://0.0.0.0/time/1/current?cup2key=10:IJbtcetrv65CtypA9k8mWEgpnQpKju2B_aABmWnBWXc&cup2hreq=e3b0c44298fc1c149afbf4c8996fb92427ae41e4649b934ca495991b7852b855"", ""credentialsPresent"": true, ""credentialsValid"": true}, {""server"": ""proxy"", ""port"": 3128, ""method"": ""GET"", ""path"": ""http://172.31.4.2:3128/squid-internal-periodic/store_digest"", ""credentialsPresent"": true, ""credentialsValid"": true}, {""server"": ""proxy"", ""port"": 3128, ""method"": ""CONNECT"", ""path"": ""0.0.0.0:443"", ""credentialsPresent"": true, ""credentialsValid"": true}, {""server"": ""proxy"", ""port"": 3128, ""method"": ""CONNECT"", ""path"": ""0.0.0.0:443"", ""credentialsPresent"": true, ""credentialsValid"": true}, {""server"": ""proxy"", ""port"": 3128, ""method"": ""CONNECT"", ""path"": ""www.google.com:443"", ""credentialsPresent"": true, ""credentialsValid"": true}, {""server"": ""proxy"", ""port"": 3128, ""method"": ""CONNECT"", ""path"": ""www.google.com:443"", ""credentialsPresent"": true, ""credentialsValid"": true}, {""server"": ""proxy"", ""port"": 3128, ""method"": ""CONNECT"", ""path"": ""www.google.com:443"", ""credentialsPresent"": true, ""credentialsValid"": true}, {""server"": ""proxy"", ""port"": 3128, ""method"": ""CONNECT"", ""path"": ""www.google.com:443"", ""credentialsPresent"": true, ""credentialsValid"": true}, {""server"": ""proxy"", ""port"": 3128, ""method"": ""CONNECT"", ""path"": ""0.0.0.0:443"", ""credentialsPresent"": true, ""credentialsValid"": true}, {""server"": ""proxy"", ""port"": 3128, ""method"": ""CONNECT"", ""path"": ""0.0.0.0:443"", ""credentialsPresent"": true, ""credentialsValid"": true}, {""server"": ""proxy"", ""port"": 3128, ""method"": ""CONNECT"", ""path"": ""www.google.com:443"", ""credentialsPresent"": true, ""credentialsValid"": true}, {""server"": ""proxy"", ""port"": 3128, ""method"": ""GET"", ""path"": ""http://proxy-only.agentcore.test/"", ""credentialsPresent"": true, ""credentialsValid"": true}, {""server"": ""proxy"", ""port"": 3128, ""method"": ""GET"", ""path"": ""http://172.31.4.2:3128/squid-internal-periodic/store_digest"", ""credentialsPresent"": true, ""credentialsValid"": true}, {""server"": ""proxy"", ""port"": 3128, ""method"": ""GET"", ""path"": ""http://proxy-only.agentcore.test/favicon.ico"", ""credentialsPresent"": true, ""credentialsValid"": true}, {""server"": ""proxy"", ""port"": 3128, ""method"": ""GET"", ""path"": ""http://0.0.0.0/time/1/current?cup2key=10:7fYfURgpHEuNF6I_CdbQMxNjotEhFBov-hIIckVi5uE&cup2hreq=e3b0c44298fc1c149afbf4c8996fb92427ae41e4649b934ca495991b7852b855"", ""credentialsPresent"": true, ""credentialsValid"": true}, {""server"": ""proxy"", ""port"": 3128, ""method"": ""GET"", ""path"": ""/squid-internal-periodic/store_digest"", ""credentialsPresent"": false, ""credentialsValid"": false}, {""server"": ""proxy"", ""port"": 3128, ""method"": ""CONNECT"", ""path"": ""0.0.0.0:443"", ""credentialsPresent"": true, ""credentialsValid"": true}, {""server"": ""proxy"", ""port"": 3128, ""method"": ""CONNECT"", ""path"": ""0.0.0.0:443"", ""credentialsPresent"": true, ""credentialsValid"": true}, {""server"": ""proxy"", ""port"": 3128, ""method"": ""CONNECT"", ""path"": ""www.google.com:443"", ""credentialsPresent"": true, ""credentialsValid"": true}, {""server"": ""proxy"", ""port"": 3128, ""method"": ""CONNECT"", ""path"": ""www.google.com:443"", ""credentialsPresent"": true, ""credentialsValid"": true}, {""server"": ""proxy"", ""port"": 3128, ""method"": ""CONNECT"", ""path"": ""www.google.com:443"", ""credentialsPresent"": true, ""credentialsValid"": true}, {""server"": ""proxy"", ""port"": 3128, ""method"": ""CONNECT"", ""path"": ""www.google.com:443"", ""credentialsPresent"": true, ""credentialsValid"": true}, {""server"": ""proxy"", ""port"": 3128, ""method"": ""CONNECT"", ""path"": ""0.0.0.0:443"", ""credentialsPresent"": true, ""credentialsValid"": true}, {""server"": ""proxy"", ""port"": 3128, ""method"": ""CONNECT"", ""path"": ""0.0.0.0:443"", ""credentialsPresent"": true, ""credentialsValid"": true}, {""server"": ""proxy"", ""port"": 3128, ""method"": ""CONNECT"", ""path"": ""0.0.0.0:443"", ""credentialsPresent"": true, ""credentialsValid"": true}, {""server"": ""proxy"", ""port"": 3128, ""method"": ""CONNECT"", ""path"": ""0.0.0.0:443"", ""credentialsPresent"": true, ""credentialsValid"": true}]"
browser.proxy.standard.bypass,cn-north-1,PASS,2026-09-28T06:12:56.430910+00:00,results/retest/cn-north-1-results.jsonl,119,"{""status"": 200, ""body"": ""private-network-ok\nSave""}"
browser.proxy.standard.bypass,cn-northwest-1,PASS,2026-09-28T06:13:09.533265+00:00,results/retest/cn-northwest-1-results.jsonl,119,"{""status"": 200, ""body"": ""private-network-ok\nSave""}"
browser.proxy.standard.default-auth.bypass,cn-north-1,PASS,2026-09-28T06:10:05.914154+00:00,results/retest/cn-north-1-results.jsonl,91,"{""status"": 200, ""body"": ""private-network-ok\nSave""}"
browser.proxy.standard.default-auth.bypass,cn-northwest-1,PASS,2026-09-28T06:10:05.734564+00:00,results/retest/cn-northwest-1-results.jsonl,91,"{""status"": 200, ""body"": ""private-network-ok\nSave""}"
browser.proxy.standard.default-auth.http,cn-north-1,PASS,2026-09-28T06:12:00.598241+00:00,results/retest/cn-north-1-results.jsonl,107,"{""status"": 200, ""body"": ""authenticated-proxy-ok""}"
browser.proxy.standard.default-auth.http,cn-northwest-1,PASS,2026-09-28T06:12:02.914645+00:00,results/retest/cn-northwest-1-results.jsonl,107,"{""status"": 200, ""body"": ""authenticated-proxy-ok""}"
browser.proxy.standard.default-auth.https,cn-north-1,PASS,2026-09-28T06:12:01.789871+00:00,results/retest/cn-north-1-results.jsonl,108,"{""status"": 200, ""body"": ""private-network-ok\nSave""}"
browser.proxy.standard.default-auth.https,cn-northwest-1,PASS,2026-09-28T06:12:04.556255+00:00,results/retest/cn-northwest-1-results.jsonl,108,"{""status"": 200, ""body"": ""private-network-ok\nSave""}"
browser.proxy.standard.default-auth.synthetic_dns,cn-north-1,FAIL,2026-09-28T06:12:02.958265+00:00,results/retest/cn-north-1-results.jsonl,109,"{""type"": ""AssertionError"", ""message"": ""{'status': 503, 'body': 'ERROR\\nThe requested URL could not be retrieved\\n\\nThe following error was encountered while trying to retrieve the URL: http://proxy-only.agentcore.test/\\n\\nUnable to determine IP address from host name proxy-only.agentcore.test\\n\\nThe DNS server returned:\\n\\nName Error: The domain name does not exist.\\n\\nThis means that the cache was not able to resolve the hostname presented in the URL. Check if the address is correct.\\n\\nYour cache administrator is root.\\n\\n\\n\\n\\nGenerated Mon, 28 Sep 2026 06:12:01 GMT by localhost (squid/6.13)'}"", ""traceback"": ""Traceback (most recent call last):\n  File \""/home/ec2-user/agentcore/cn/suite.py\"", line 77, in test\n    result = fn()\n             ^^^^\n  File \""/home/ec2-user/agentcore/cn/retest_proxy_ports.py\"", line 51, in <lambda>\n    s.test(\""browser.proxy.standard.\""+mode+\"".synthetic_dns\"",lambda:navigate(page,\""http://proxy-only.agentcore.test\"",\""authenticated-proxy-ok\""))\n                                                                  ^^^^^^^^^^^^^^^^^^^^^^^^^^^^^^^^^^^^^^^^^^^^^^^^^^^^^^^^^^^^^^^^^^^^^^^^^^\n  File \""/home/ec2-user/agentcore/cn/retest_proxy.py\"", line 100, in navigate\n    assert response.status==200 and marker in body,evidence\n           ^^^^^^^^^^^^^^^^^^^^^^^^^^^^^^^^^^^^^^^\nAssertionError: {'status': 503, 'body': 'ERROR\\nThe requested URL could not be retrieved\\n\\nThe following error was encountered while trying to retrieve the URL: http://proxy-only.agentcore.test/\\n\\nUnable to determine IP address from host name proxy-only.agentcore.test\\n\\nThe DNS server returned:\\n\\nName Error: The domain name does not exist.\\n\\nThis means that the cache was not able to resolve the hostname presented in the URL. Check if the address is correct.\\n\\nYour cache administrator is root.\\n\\n\\n\\n\\nGenerated Mon, 28 Sep 2026 06:12:01 GMT by localhost (squid/6.13)'}\n""}"
browser.proxy.standard.default-auth.synthetic_dns,cn-northwest-1,FAIL,2026-09-28T06:12:06.133809+00:00,results/retest/cn-northwest-1-results.jsonl,109,"{""type"": ""AssertionError"", ""message"": ""{'status': 503, 'body': 'ERROR\\nThe requested URL could not be retrieved\\n\\nThe following error was encountered while trying to retrieve the URL: http://proxy-only.agentcore.test/\\n\\nUnable to determine IP address from host name proxy-only.agentcore.test\\n\\nThe DNS server returned:\\n\\nName Error: The domain name does not exist.\\n\\nThis means that the cache was not able to resolve the hostname presented in the URL. Check if the address is correct.\\n\\nYour cache administrator is root.\\n\\n\\n\\n\\nGenerated Mon, 28 Sep 2026 06:12:04 GMT by localhost (squid/6.13)'}"", ""traceback"": ""Traceback (most recent call last):\n  File \""/home/ec2-user/agentcore/cn/suite.py\"", line 77, in test\n    result = fn()\n             ^^^^\n  File \""/home/ec2-user/agentcore/cn/retest_proxy_ports.py\"", line 51, in <lambda>\n    s.test(\""browser.proxy.standard.\""+mode+\"".synthetic_dns\"",lambda:navigate(page,\""http://proxy-only.agentcore.test\"",\""authenticated-proxy-ok\""))\n                                                                  ^^^^^^^^^^^^^^^^^^^^^^^^^^^^^^^^^^^^^^^^^^^^^^^^^^^^^^^^^^^^^^^^^^^^^^^^^^\n  File \""/home/ec2-user/agentcore/cn/retest_proxy.py\"", line 100, in navigate\n    assert response.status==200 and marker in body,evidence\n           ^^^^^^^^^^^^^^^^^^^^^^^^^^^^^^^^^^^^^^^\nAssertionError: {'status': 503, 'body': 'ERROR\\nThe requested URL could not be retrieved\\n\\nThe following error was encountered while trying to retrieve the URL: http://proxy-only.agentcore.test/\\n\\nUnable to determine IP address from host name proxy-only.agentcore.test\\n\\nThe DNS server returned:\\n\\nName Error: The domain name does not exist.\\n\\nThis means that the cache was not able to resolve the hostname presented in the URL. Check if the address is correct.\\n\\nYour cache administrator is root.\\n\\n\\n\\n\\nGenerated Mon, 28 Sep 2026 06:12:04 GMT by localhost (squid/6.13)'}\n""}"
browser.proxy.standard.default-no-auth.bypass,cn-north-1,PASS,2026-09-28T06:10:36.581238+00:00,results/retest/cn-north-1-results.jsonl,99,"{""status"": 200, ""body"": ""private-network-ok\nSave""}"
browser.proxy.standard.default-no-auth.bypass,cn-northwest-1,PASS,2026-09-28T06:10:40.169570+00:00,results/retest/cn-northwest-1-results.jsonl,99,"{""status"": 200, ""body"": ""private-network-ok\nSave""}"
browser.proxy.standard.default-no-auth.http,cn-north-1,PASS,2026-09-28T06:12:27.948179+00:00,results/retest/cn-north-1-results.jsonl,113,"{""status"": 200, ""body"": ""authenticated-proxy-ok""}"
browser.proxy.standard.default-no-auth.http,cn-northwest-1,PASS,2026-09-28T06:12:35.046195+00:00,results/retest/cn-northwest-1-results.jsonl,113,"{""status"": 200, ""body"": ""authenticated-proxy-ok""}"
browser.proxy.standard.default-no-auth.https,cn-north-1,PASS,2026-09-28T06:12:29.107428+00:00,results/retest/cn-north-1-results.jsonl,114,"{""status"": 200, ""body"": ""private-network-ok\nSave""}"
browser.proxy.standard.default-no-auth.https,cn-northwest-1,PASS,2026-09-28T06:12:36.798320+00:00,results/retest/cn-northwest-1-results.jsonl,114,"{""status"": 200, ""body"": ""private-network-ok\nSave""}"
browser.proxy.standard.default-no-auth.synthetic_dns,cn-north-1,FAIL,2026-09-28T06:12:30.241657+00:00,results/retest/cn-north-1-results.jsonl,115,"{""type"": ""AssertionError"", ""message"": ""{'status': 503, 'body': 'ERROR\\nThe requested URL could not be retrieved\\n\\nThe following error was encountered while trying to retrieve the URL: http://proxy-only.agentcore.test/\\n\\nUnable to determine IP address from host name proxy-only.agentcore.test\\n\\nThe DNS server returned:\\n\\nName Error: The domain name does not exist.\\n\\nThis means that the cache was not able to resolve the hostname presented in the URL. Check if the address is correct.\\n\\nYour cache administrator is root.\\n\\n\\n\\n\\nGenerated Mon, 28 Sep 2026 06:12:29 GMT by localhost (squid/6.13)'}"", ""traceback"": ""Traceback (most recent call last):\n  File \""/home/ec2-user/agentcore/cn/suite.py\"", line 77, in test\n    result = fn()\n             ^^^^\n  File \""/home/ec2-user/agentcore/cn/retest_proxy_ports.py\"", line 51, in <lambda>\n    s.test(\""browser.proxy.standard.\""+mode+\"".synthetic_dns\"",lambda:navigate(page,\""http://proxy-only.agentcore.test\"",\""authenticated-proxy-ok\""))\n                                                                  ^^^^^^^^^^^^^^^^^^^^^^^^^^^^^^^^^^^^^^^^^^^^^^^^^^^^^^^^^^^^^^^^^^^^^^^^^^\n  File \""/home/ec2-user/agentcore/cn/retest_proxy.py\"", line 100, in navigate\n    assert response.status==200 and marker in body,evidence\n           ^^^^^^^^^^^^^^^^^^^^^^^^^^^^^^^^^^^^^^^\nAssertionError: {'status': 503, 'body': 'ERROR\\nThe requested URL could not be retrieved\\n\\nThe following error was encountered while trying to retrieve the URL: http://proxy-only.agentcore.test/\\n\\nUnable to determine IP address from host name proxy-only.agentcore.test\\n\\nThe DNS server returned:\\n\\nName Error: The domain name does not exist.\\n\\nThis means that the cache was not able to resolve the hostname presented in the URL. Check if the address is correct.\\n\\nYour cache administrator is root.\\n\\n\\n\\n\\nGenerated Mon, 28 Sep 2026 06:12:29 GMT by localhost (squid/6.13)'}\n""}"
browser.proxy.standard.default-no-auth.synthetic_dns,cn-northwest-1,FAIL,2026-09-28T06:12:38.497590+00:00,results/retest/cn-northwest-1-results.jsonl,115,"{""type"": ""AssertionError"", ""message"": ""{'status': 503, 'body': 'ERROR\\nThe requested URL could not be retrieved\\n\\nThe following error was encountered while trying to retrieve the URL: http://proxy-only.agentcore.test/\\n\\nUnable to determine IP address from host name proxy-only.agentcore.test\\n\\nThe DNS server returned:\\n\\nName Error: The domain name does not exist.\\n\\nThis means that the cache was not able to resolve the hostname presented in the URL. Check if the address is correct.\\n\\nYour cache administrator is root.\\n\\n\\n\\n\\nGenerated Mon, 28 Sep 2026 06:12:36 GMT by localhost (squid/6.13)'}"", ""traceback"": ""Traceback (most recent call last):\n  File \""/home/ec2-user/agentcore/cn/suite.py\"", line 77, in test\n    result = fn()\n             ^^^^\n  File \""/home/ec2-user/agentcore/cn/retest_proxy_ports.py\"", line 51, in <lambda>\n    s.test(\""browser.proxy.standard.\""+mode+\"".synthetic_dns\"",lambda:navigate(page,\""http://proxy-only.agentcore.test\"",\""authenticated-proxy-ok\""))\n                                                                  ^^^^^^^^^^^^^^^^^^^^^^^^^^^^^^^^^^^^^^^^^^^^^^^^^^^^^^^^^^^^^^^^^^^^^^^^^^\n  File \""/home/ec2-user/agentcore/cn/retest_proxy.py\"", line 100, in navigate\n    assert response.status==200 and marker in body,evidence\n           ^^^^^^^^^^^^^^^^^^^^^^^^^^^^^^^^^^^^^^^\nAssertionError: {'status': 503, 'body': 'ERROR\\nThe requested URL could not be retrieved\\n\\nThe following error was encountered while trying to retrieve the URL: http://proxy-only.agentcore.test/\\n\\nUnable to determine IP address from host name proxy-only.agentcore.test\\n\\nThe DNS server returned:\\n\\nName Error: The domain name does not exist.\\n\\nThis means that the cache was not able to resolve the hostname presented in the URL. Check if the address is correct.\\n\\nYour cache administrator is root.\\n\\n\\n\\n\\nGenerated Mon, 28 Sep 2026 06:12:36 GMT by localhost (squid/6.13)'}\n""}"
browser.proxy.standard.explicit-auth.bypass,cn-north-1,PASS,2026-09-28T06:10:22.160129+00:00,results/retest/cn-north-1-results.jsonl,95,"{""status"": 200, ""body"": ""private-network-ok\nSave""}"
browser.proxy.standard.explicit-auth.bypass,cn-northwest-1,PASS,2026-09-28T06:10:23.207516+00:00,results/retest/cn-northwest-1-results.jsonl,95,"{""status"": 200, ""body"": ""private-network-ok\nSave""}"
browser.proxy.standard.explicit-auth.http,cn-north-1,PASS,2026-09-28T06:12:14.256473+00:00,results/retest/cn-north-1-results.jsonl,110,"{""status"": 200, ""body"": ""authenticated-proxy-ok""}"
browser.proxy.standard.explicit-auth.http,cn-northwest-1,PASS,2026-09-28T06:12:19.218593+00:00,results/retest/cn-northwest-1-results.jsonl,110,"{""status"": 200, ""body"": ""authenticated-proxy-ok""}"
browser.proxy.standard.explicit-auth.https,cn-north-1,PASS,2026-09-28T06:12:15.640415+00:00,results/retest/cn-north-1-results.jsonl,111,"{""status"": 200, ""body"": ""private-network-ok\nSave""}"
browser.proxy.standard.explicit-auth.https,cn-northwest-1,PASS,2026-09-28T06:12:20.928989+00:00,results/retest/cn-northwest-1-results.jsonl,111,"{""status"": 200, ""body"": ""private-network-ok\nSave""}"
browser.proxy.standard.explicit-auth.synthetic_dns,cn-north-1,PASS,2026-09-28T06:12:16.709509+00:00,results/retest/cn-north-1-results.jsonl,112,"{""status"": 200, ""body"": ""authenticated-proxy-ok""}"
browser.proxy.standard.explicit-auth.synthetic_dns,cn-northwest-1,PASS,2026-09-28T06:12:22.188384+00:00,results/retest/cn-northwest-1-results.jsonl,112,"{""status"": 200, ""body"": ""authenticated-proxy-ok""}"
browser.proxy.standard.explicit-no-auth.bypass,cn-north-1,PASS,2026-09-28T06:10:51.762524+00:00,results/retest/cn-north-1-results.jsonl,103,"{""status"": 200, ""body"": ""private-network-ok\nSave""}"
browser.proxy.standard.explicit-no-auth.bypass,cn-northwest-1,PASS,2026-09-28T06:11:02.405946+00:00,results/retest/cn-northwest-1-results.jsonl,103,"{""status"": 200, ""body"": ""private-network-ok\nSave""}"
browser.proxy.standard.explicit-no-auth.http,cn-north-1,PASS,2026-09-28T06:12:42.735448+00:00,results/retest/cn-north-1-results.jsonl,116,"{""status"": 200, ""body"": ""authenticated-proxy-ok""}"
browser.proxy.standard.explicit-no-auth.http,cn-northwest-1,PASS,2026-09-28T06:12:51.966828+00:00,results/retest/cn-northwest-1-results.jsonl,116,"{""status"": 200, ""body"": ""authenticated-proxy-ok""}"
browser.proxy.standard.explicit-no-auth.https,cn-north-1,PASS,2026-09-28T06:12:44.211804+00:00,results/retest/cn-north-1-results.jsonl,117,"{""status"": 200, ""body"": ""private-network-ok\nSave""}"
browser.proxy.standard.explicit-no-auth.https,cn-northwest-1,PASS,2026-09-28T06:12:54.421949+00:00,results/retest/cn-northwest-1-results.jsonl,117,"{""status"": 200, ""body"": ""private-network-ok\nSave""}"
browser.proxy.standard.explicit-no-auth.synthetic_dns,cn-north-1,PASS,2026-09-28T06:12:45.301511+00:00,results/retest/cn-north-1-results.jsonl,118,"{""status"": 200, ""body"": ""authenticated-proxy-ok""}"
browser.proxy.standard.explicit-no-auth.synthetic_dns,cn-northwest-1,PASS,2026-09-28T06:12:56.694946+00:00,results/retest/cn-northwest-1-results.jsonl,118,"{""status"": 200, ""body"": ""authenticated-proxy-ok""}"
browser.proxy.standard.explicit_context_https,cn-north-1,PASS,2026-09-28T06:09:50.892073+00:00,results/retest/cn-north-1-results.jsonl,88,"{""status"": 200, ""body"": ""private-network-ok\nSave""}"
browser.proxy.standard.explicit_context_https,cn-northwest-1,PASS,2026-09-28T06:09:51.406450+00:00,results/retest/cn-northwest-1-results.jsonl,88,"{""status"": 200, ""body"": ""private-network-ok\nSave""}"
browser.proxy.standard.private_http_baseline,cn-north-1,PASS,2026-09-28T06:09:46.735428+00:00,results/retest/cn-north-1-results.jsonl,86,"{""status"": 200, ""body"": ""private-network-ok\nSave""}"
browser.proxy.standard.private_http_baseline,cn-northwest-1,PASS,2026-09-28T06:09:46.822070+00:00,results/retest/cn-northwest-1-results.jsonl,86,"{""status"": 200, ""body"": ""private-network-ok\nSave""}"
browser.proxy.standard.private_https_baseline,cn-north-1,PASS,2026-09-28T06:09:48.205289+00:00,results/retest/cn-north-1-results.jsonl,87,"{""status"": 200, ""body"": ""private-network-ok\nSave""}"
browser.proxy.standard.private_https_baseline,cn-northwest-1,PASS,2026-09-28T06:09:48.426855+00:00,results/retest/cn-northwest-1-results.jsonl,87,"{""status"": 200, ""body"": ""private-network-ok\nSave""}"
browser.proxy.standard.server_log,cn-north-1,PASS,2026-09-28T06:13:06.648865+00:00,results/retest/cn-north-1-results.jsonl,120,"[{""server"": ""page"", ""port"": 80, ""path"": ""/favicon.ico""}, {""server"": ""proxy"", ""port"": 3128, ""method"": ""GET"", ""path"": ""http://proxy-only.agentcore.test/"", ""credentialsPresent"": true, ""credentialsValid"": true}, {""server"": ""proxy"", ""port"": 3128, ""method"": ""GET"", ""path"": ""/squid-internal-periodic/store_digest"", ""credentialsPresent"": false, ""credentialsValid"": false}, {""server"": ""proxy"", ""port"": 3128, ""method"": ""GET"", ""path"": ""http://proxy-only.agentcore.test/favicon.ico"", ""credentialsPresent"": true, ""credentialsValid"": true}, {""server"": ""proxy-no-auth"", ""port"": 3129, ""method"": ""GET"", ""path"": ""http://0.0.0.0/time/1/current?cup2key=10:TxceI3_F72-JGxELwHgC8l_95hhQI2uXzZSEPPULClQ&cup2hreq=e3b0c44298fc1c149afbf4c8996fb92427ae41e4649b934ca495991b7852b855""}, {""server"": ""proxy-no-auth"", ""port"": 3129, ""method"": ""GET"", ""path"": ""/squid-internal-periodic/store_digest""}, {""server"": ""proxy-no-auth"", ""port"": 3129, ""method"": ""CONNECT"", ""path"": ""0.0.0.0:443""}, {""server"": ""proxy-no-auth"", ""port"": 3129, ""method"": ""CONNECT"", ""path"": ""0.0.0.0:443""}, {""server"": ""proxy-no-auth"", ""port"": 3129, ""method"": ""CONNECT"", ""path"": ""www.google.com:443""}, {""server"": ""proxy-no-auth"", ""port"": 3129, ""method"": ""CONNECT"", ""path"": ""www.google.com:443""}, {""server"": ""proxy-no-auth"", ""port"": 3129, ""method"": ""CONNECT"", ""path"": ""www.google.com:443""}, {""server"": ""proxy-no-auth"", ""port"": 3129, ""method"": ""CONNECT"", ""path"": ""www.google.com:443""}, {""server"": ""proxy-no-auth"", ""port"": 3129, ""method"": ""CONNECT"", ""path"": ""0.0.0.0:443""}, {""server"": ""page"", ""port"": 80, ""path"": ""/case-default-no-auth""}, {""server"": ""page"", ""port"": 80, ""path"": ""/favicon.ico""}, {""server"": ""proxy-no-auth"", ""port"": 3129, ""method"": ""CONNECT"", ""path"": ""0.0.0.0:443""}, {""server"": ""page"", ""port"": 443, ""path"": ""/case-default-no-auth""}, {""server"": ""page"", ""port"": 443, ""path"": ""/favicon.ico""}, {""server"": ""page"", ""port"": 80, ""path"": ""/bypass-default-no-auth""}, {""server"": ""page"", ""port"": 80, ""path"": ""/favicon.ico""}, {""server"": ""proxy-no-auth"", ""port"": 3129, ""method"": ""CONNECT"", ""path"": ""0.0.0.0:443""}, {""server"": ""proxy-no-auth"", ""port"": 3129, ""method"": ""CONNECT"", ""path"": ""0.0.0.0:443""}, {""server"": ""page"", ""port"": 80, ""path"": ""/case-explicit-no-auth""}, {""server"": ""page"", ""port"": 80, ""path"": ""/favicon.ico""}, {""server"": ""page"", ""port"": 443, ""path"": ""/case-explicit-no-auth""}, {""server"": ""page"", ""port"": 443, ""path"": ""/favicon.ico""}, {""server"": ""page"", ""port"": 80, ""path"": ""/bypass-explicit-no-auth""}, {""server"": ""page"", ""port"": 80, ""path"": ""/favicon.ico""}, {""server"": ""proxy-no-auth"", ""port"": 3129, ""method"": ""GET"", ""path"": ""/squid-internal-periodic/store_digest""}, {""server"": ""proxy-no-auth"", ""port"": 3129, ""method"": ""GET"", ""path"": ""http://proxy-only.agentcore.test/""}, {""server"": ""proxy-no-auth"", ""port"": 3129, ""method"": ""GET"", ""path"": ""http://proxy-only.agentcore.test/favicon.ico""}, {""server"": ""page"", ""port"": 80, ""path"": ""/favicon.ico""}, {""server"": ""proxy"", ""port"": 3128, ""method"": ""GET"", ""path"": ""http://0.0.0.0/time/1/current?cup2key=10:3o3xeGo08IKd0uUl5rutb2ozc41xy2s6Cb-ZDe1LTVA&cup2hreq=e3b0c44298fc1c149afbf4c8996fb92427ae41e4649b934ca495991b7852b855"", ""credentialsPresent"": true, ""credentialsValid"": true}, {""server"": ""proxy"", ""port"": 3128, ""method"": ""GET"", ""path"": ""http://172.31.23.132:3128/squid-internal-periodic/store_digest"", ""credentialsPresent"": true, ""credentialsValid"": true}, {""server"": ""proxy"", ""port"": 3128, ""method"": ""CONNECT"", ""path"": ""0.0.0.0:443"", ""credentialsPresent"": true, ""credentialsValid"": true}, {""server"": ""proxy"", ""port"": 3128, ""method"": ""CONNECT"", ""path"": ""0.0.0.0:443"", ""credentialsPresent"": true, ""credentialsValid"": true}, {""server"": ""proxy"", ""port"": 3128, ""method"": ""CONNECT"", ""path"": ""www.google.com:443"", ""credentialsPresent"": true, ""credentialsValid"": true}, {""server"": ""proxy"", ""port"": 3128, ""method"": ""CONNECT"", ""path"": ""www.google.com:443"", ""credentialsPresent"": true, ""credentialsValid"": true}, {""server"": ""proxy"", ""port"": 3128, ""method"": ""CONNECT"", ""path"": ""www.google.com:443"", ""credentialsPresent"": true, ""credentialsValid"": true}, {""server"": ""proxy"", ""port"": 3128, ""method"": ""CONNECT"", ""path"": ""www.google.com:443"", ""credentialsPresent"": true, ""credentialsValid"": true}, {""server"": ""proxy"", ""port"": 3128, ""method"": ""CONNECT"", ""path"": ""0.0.0.0:443"", ""credentialsPresent"": true, ""credentialsValid"": true}, {""server"": ""proxy"", ""port"": 3128, ""method"": ""GET"", ""path"": ""http://172.31.23.132/case-default-auth"", ""credentialsPresent"": true, ""credentialsValid"": true}, {""server"": ""proxy"", ""port"": 3128, ""method"": ""GET"", ""path"": ""http://172.31.23.132/favicon.ico"", ""credentialsPresent"": true, ""credentialsValid"": true}, {""server"": ""proxy"", ""port"": 3128, ""method"": ""CONNECT"", ""path"": ""0.0.0.0:443"", ""credentialsPresent"": true, ""credentialsValid"": true}, {""server"": ""proxy"", ""port"": 3128, ""method"": ""CONNECT"", ""path"": ""0.0.0.0:443"", ""credentialsPresent"": true, ""credentialsValid"": true}, {""server"": ""proxy"", ""port"": 3128, ""method"": ""CONNECT"", ""path"": ""0.0.0.0:443"", ""credentialsPresent"": true, ""credentialsValid"": true}, {""server"": ""proxy"", ""port"": 3128, ""method"": ""CONNECT"", ""path"": ""172.31.23.132:443"", ""credentialsPresent"": true, ""credentialsValid"": true}, {""server"": ""page"", ""port"": 443, ""path"": ""/case-default-auth""}, {""server"": ""proxy"", ""port"": 3128, ""method"": ""CONNECT"", ""path"": ""172.31.23.132:443"", ""credentialsPresent"": true, ""credentialsValid"": true}, {""server"": ""page"", ""port"": 443, ""path"": ""/favicon.ico""}, {""server"": ""proxy"", ""port"": 3128, ""method"": ""GET"", ""path"": ""http://172.31.23.132:3128/squid-internal-periodic/store_digest"", ""credentialsPresent"": true, ""credentialsValid"": true}, {""server"": ""proxy"", ""port"": 3128, ""method"": ""GET"", ""path"": ""http://172.31.23.132/case-explicit-auth"", ""credentialsPresent"": true, ""credentialsValid"": true}, {""server"": ""proxy"", ""port"": 3128, ""method"": ""GET"", ""path"": ""http://172.31.23.132/favicon.ico"", ""credentialsPresent"": true, ""credentialsValid"": true}, {""server"": ""proxy"", ""port"": 3128, ""method"": ""CONNECT"", ""path"": ""172.31.23.132:443"", ""credentialsPresent"": true, ""credentialsValid"": true}, {""server"": ""page"", ""port"": 443, ""path"": ""/case-explicit-auth""}, {""server"": ""proxy"", ""port"": 3128, ""method"": ""CONNECT"", ""path"": ""172.31.23.132:443"", ""credentialsPresent"": true, ""credentialsValid"": true}, {""server"": ""page"", ""port"": 443, ""path"": ""/favicon.ico""}, {""server"": ""proxy"", ""port"": 3128, ""method"": ""GET"", ""path"": ""http://proxy-only.agentcore.test/"", ""credentialsPresent"": true, ""credentialsValid"": true}, {""server"": ""proxy"", ""port"": 3128, ""method"": ""GET"", ""path"": ""http://proxy-only.agentcore.test/favicon.ico"", ""credentialsPresent"": true, ""credentialsValid"": true}, {""server"": ""proxy-no-auth"", ""port"": 3129, ""method"": ""GET"", ""path"": ""http://0.0.0.0/time/1/current?cup2key=10:3ijgQtm5r9h_cK-_cHgKFcUTvr1m8wfCyfhEFyJpHNE&cup2hreq=e3b0c44298fc1c149afbf4c8996fb92427ae41e4649b934ca495991b7852b855""}, {""server"": ""proxy-no-auth"", ""port"": 3129, ""method"": ""GET"", ""path"": ""http://172.31.23.132:3129/squid-internal-periodic/store_digest""}, {""server"": ""proxy-no-auth"", ""port"": 3129, ""method"": ""CONNECT"", ""path"": ""0.0.0.0:443""}, {""server"": ""proxy-no-auth"", ""port"": 3129, ""method"": ""CONNECT"", ""path"": ""0.0.0.0:443""}, {""server"": ""proxy-no-auth"", ""port"": 3129, ""method"": ""CONNECT"", ""path"": ""www.google.com:443""}, {""server"": ""proxy-no-auth"", ""port"": 3129, ""method"": ""CONNECT"", ""path"": ""www.google.com:443""}, {""server"": ""proxy-no-auth"", ""port"": 3129, ""method"": ""CONNECT"", ""path"": ""www.google.com:443""}, {""server"": ""proxy-no-auth"", ""port"": 3129, ""method"": ""CONNECT"", ""path"": ""www.google.com:443""}, {""server"": ""proxy-no-auth"", ""port"": 3129, ""method"": ""CONNECT"", ""path"": ""0.0.0.0:443""}, {""server"": ""proxy-no-auth"", ""port"": 3129, ""method"": ""GET"", ""path"": ""http://172.31.23.132/case-default-no-auth""}, {""server"": ""proxy-no-auth"", ""port"": 3129, ""method"": ""GET"", ""path"": ""http://172.31.23.132/favicon.ico""}, {""server"": ""proxy-no-auth"", ""port"": 3129, ""method"": ""CONNECT"", ""path"": ""0.0.0.0:443""}, {""server"": ""proxy-no-auth"", ""port"": 3129, ""method"": ""CONNECT"", ""path"": ""0.0.0.0:443""}, {""server"": ""proxy-no-auth"", ""port"": 3129, ""method"": ""CONNECT"", ""path"": ""0.0.0.0:443""}, {""server"": ""proxy-no-auth"", ""port"": 3129, ""method"": ""CONNECT"", ""path"": ""172.31.23.132:443""}, {""server"": ""page"", ""port"": 443, ""path"": ""/case-default-no-auth""}, {""server"": ""proxy-no-auth"", ""port"": 3129, ""method"": ""CONNECT"", ""path"": ""172.31.23.132:443""}, {""server"": ""page"", ""port"": 443, ""path"": ""/favicon.ico""}, {""server"": ""proxy-no-auth"", ""port"": 3129, ""method"": ""GET"", ""path"": ""http://172.31.23.132:3129/squid-internal-periodic/store_digest""}, {""server"": ""proxy-no-auth"", ""port"": 3129, ""method"": ""GET"", ""path"": ""http://172.31.23.132/case-explicit-no-auth""}, {""server"": ""proxy-no-auth"", ""port"": 3129, ""method"": ""GET"", ""path"": ""http://172.31.23.132/favicon.ico""}, {""server"": ""proxy-no-auth"", ""port"": 3129, ""method"": ""CONNECT"", ""path"": ""172.31.23.132:443""}, {""server"": ""page"", ""port"": 443, ""path"": ""/case-explicit-no-auth""}, {""server"": ""proxy-no-auth"", ""port"": 3129, ""method"": ""CONNECT"", ""path"": ""172.31.23.132:443""}, {""server"": ""page"", ""port"": 443, ""path"": ""/favicon.ico""}, {""server"": ""proxy-no-auth"", ""port"": 3129, ""method"": ""GET"", ""path"": ""http://proxy-only.agentcore.test/""}, {""server"": ""proxy-no-auth"", ""port"": 3129, ""method"": ""GET"", ""path"": ""http://proxy-only.agentcore.test/favicon.ico""}, {""server"": ""proxy"", ""port"": 3128, ""method"": ""GET"", ""path"": ""http://0.0.0.0/time/1/current?cup2key=10:VH1fTGa_zt4V_KsQCyMfv8IFmlRBZ6zOGUrSpxSvvI4&cup2hreq=e3b0c44298fc1c149afbf4c8996fb92427ae41e4649b934ca495991b7852b855"", ""credentialsPresent"": true, ""credentialsValid"": true}, {""server"": ""proxy"", ""port"": 3128, ""method"": ""GET"", ""path"": ""/squid-internal-periodic/store_digest"", ""credentialsPresent"": false, ""credentialsValid"": false}, {""server"": ""proxy"", ""port"": 3128, ""method"": ""CONNECT"", ""path"": ""0.0.0.0:443"", ""credentialsPresent"": true, ""credentialsValid"": true}, {""server"": ""proxy"", ""port"": 3128, ""method"": ""CONNECT"", ""path"": ""0.0.0.0:443"", ""credentialsPresent"": true, ""credentialsValid"": true}, {""server"": ""proxy"", ""port"": 3128, ""method"": ""CONNECT"", ""path"": ""www.google.com:443"", ""credentialsPresent"": true, ""credentialsValid"": true}, {""server"": ""proxy"", ""port"": 3128, ""method"": ""CONNECT"", ""path"": ""www.google.com:443"", ""credentialsPresent"": true, ""credentialsValid"": true}, {""server"": ""proxy"", ""port"": 3128, ""method"": ""CONNECT"", ""path"": ""www.google.com:443"", ""credentialsPresent"": true, ""credentialsValid"": true}, {""server"": ""proxy"", ""port"": 3128, ""method"": ""CONNECT"", ""path"": ""www.google.com:443"", ""credentialsPresent"": true, ""credentialsValid"": true}, {""server"": ""proxy"", ""port"": 3128, ""method"": ""CONNECT"", ""path"": ""0.0.0.0:443"", ""credentialsPresent"": true, ""credentialsValid"": true}, {""server"": ""page"", ""port"": 80, ""path"": ""/isolated-bypass""}, {""server"": ""page"", ""port"": 80, ""path"": ""/favicon.ico""}, {""server"": ""proxy"", ""port"": 3128, ""method"": ""CONNECT"", ""path"": ""0.0.0.0:443"", ""credentialsPresent"": true, ""credentialsValid"": true}, {""server"": ""proxy"", ""port"": 3128, ""method"": ""CONNECT"", ""path"": ""0.0.0.0:443"", ""credentialsPresent"": true, ""credentialsValid"": true}, {""server"": ""proxy"", ""port"": 3128, ""method"": ""CONNECT"", ""path"": ""0.0.0.0:443"", ""credentialsPresent"": true, ""credentialsValid"": true}]"
browser.proxy.standard.server_log,cn-northwest-1,PASS,2026-09-28T06:13:20.881388+00:00,results/retest/cn-northwest-1-results.jsonl,120,"[{""server"": ""proxy"", ""port"": 3128, ""method"": ""GET"", ""path"": ""/squid-internal-periodic/store_digest"", ""credentialsPresent"": false, ""credentialsValid"": false}, {""server"": ""proxy"", ""port"": 3128, ""method"": ""GET"", ""path"": ""http://proxy-only.agentcore.test/"", ""credentialsPresent"": true, ""credentialsValid"": true}, {""server"": ""proxy"", ""port"": 3128, ""method"": ""GET"", ""path"": ""http://proxy-only.agentcore.test/favicon.ico"", ""credentialsPresent"": true, ""credentialsValid"": true}, {""server"": ""proxy-no-auth"", ""port"": 3129, ""method"": ""GET"", ""path"": ""http://0.0.0.0/time/1/current?cup2key=10:psQKmJ1Uef9c5Ro-RQAkjZKiMLivOKenD8uwKtRTDMM&cup2hreq=e3b0c44298fc1c149afbf4c8996fb92427ae41e4649b934ca495991b7852b855""}, {""server"": ""proxy-no-auth"", ""port"": 3129, ""method"": ""GET"", ""path"": ""/squid-internal-periodic/store_digest""}, {""server"": ""proxy-no-auth"", ""port"": 3129, ""method"": ""CONNECT"", ""path"": ""0.0.0.0:443""}, {""server"": ""proxy-no-auth"", ""port"": 3129, ""method"": ""CONNECT"", ""path"": ""0.0.0.0:443""}, {""server"": ""proxy-no-auth"", ""port"": 3129, ""method"": ""CONNECT"", ""path"": ""www.google.com:443""}, {""server"": ""proxy-no-auth"", ""port"": 3129, ""method"": ""CONNECT"", ""path"": ""www.google.com:443""}, {""server"": ""proxy-no-auth"", ""port"": 3129, ""method"": ""CONNECT"", ""path"": ""www.google.com:443""}, {""server"": ""proxy-no-auth"", ""port"": 3129, ""method"": ""CONNECT"", ""path"": ""www.google.com:443""}, {""server"": ""proxy-no-auth"", ""port"": 3129, ""method"": ""CONNECT"", ""path"": ""0.0.0.0:443""}, {""server"": ""page"", ""port"": 80, ""path"": ""/case-default-no-auth""}, {""server"": ""page"", ""port"": 80, ""path"": ""/favicon.ico""}, {""server"": ""proxy-no-auth"", ""port"": 3129, ""method"": ""CONNECT"", ""path"": ""0.0.0.0:443""}, {""server"": ""proxy-no-auth"", ""port"": 3129, ""method"": ""CONNECT"", ""path"": ""0.0.0.0:443""}, {""server"": ""proxy-no-auth"", ""port"": 3129, ""method"": ""CONNECT"", ""path"": ""0.0.0.0:443""}, {""server"": ""page"", ""port"": 443, ""path"": ""/case-default-no-auth""}, {""server"": ""page"", ""port"": 443, ""path"": ""/favicon.ico""}, {""server"": ""page"", ""port"": 80, ""path"": ""/bypass-default-no-auth""}, {""server"": ""page"", ""port"": 80, ""path"": ""/favicon.ico""}, {""server"": ""proxy-no-auth"", ""port"": 3129, ""method"": ""CONNECT"", ""path"": ""0.0.0.0:443""}, {""server"": ""page"", ""port"": 80, ""path"": ""/case-explicit-no-auth""}, {""server"": ""page"", ""port"": 80, ""path"": ""/favicon.ico""}, {""server"": ""page"", ""port"": 443, ""path"": ""/case-explicit-no-auth""}, {""server"": ""page"", ""port"": 443, ""path"": ""/favicon.ico""}, {""server"": ""page"", ""port"": 80, ""path"": ""/bypass-explicit-no-auth""}, {""server"": ""page"", ""port"": 80, ""path"": ""/favicon.ico""}, {""server"": ""proxy-no-auth"", ""port"": 3129, ""method"": ""GET"", ""path"": ""http://proxy-only.agentcore.test/""}, {""server"": ""proxy-no-auth"", ""port"": 3129, ""method"": ""GET"", ""path"": ""/squid-internal-periodic/store_digest""}, {""server"": ""proxy-no-auth"", ""port"": 3129, ""method"": ""GET"", ""path"": ""http://proxy-only.agentcore.test/favicon.ico""}, {""server"": ""page"", ""port"": 80, ""path"": ""/favicon.ico""}, {""server"": ""proxy"", ""port"": 3128, ""method"": ""GET"", ""path"": ""http://172.31.4.2:3128/squid-internal-periodic/store_digest"", ""credentialsPresent"": true, ""credentialsValid"": true}, {""server"": ""proxy"", ""port"": 3128, ""method"": ""GET"", ""path"": ""http://0.0.0.0/time/1/current?cup2key=10:WV8rpiBOhRX6QIx6k5RndApZwXCVRwoXUXd2AGu2OHc&cup2hreq=e3b0c44298fc1c149afbf4c8996fb92427ae41e4649b934ca495991b7852b855"", ""credentialsPresent"": true, ""credentialsValid"": true}, {""server"": ""proxy"", ""port"": 3128, ""method"": ""CONNECT"", ""path"": ""0.0.0.0:443"", ""credentialsPresent"": true, ""credentialsValid"": true}, {""server"": ""proxy"", ""port"": 3128, ""method"": ""CONNECT"", ""path"": ""0.0.0.0:443"", ""credentialsPresent"": true, ""credentialsValid"": true}, {""server"": ""proxy"", ""port"": 3128, ""method"": ""CONNECT"", ""path"": ""www.google.com:443"", ""credentialsPresent"": true, ""credentialsValid"": true}, {""server"": ""proxy"", ""port"": 3128, ""method"": ""CONNECT"", ""path"": ""www.google.com:443"", ""credentialsPresent"": true, ""credentialsValid"": true}, {""server"": ""proxy"", ""port"": 3128, ""method"": ""CONNECT"", ""path"": ""www.google.com:443"", ""credentialsPresent"": true, ""credentialsValid"": true}, {""server"": ""proxy"", ""port"": 3128, ""method"": ""CONNECT"", ""path"": ""www.google.com:443"", ""credentialsPresent"": true, ""credentialsValid"": true}, {""server"": ""proxy"", ""port"": 3128, ""method"": ""CONNECT"", ""path"": ""0.0.0.0:443"", ""credentialsPresent"": true, ""credentialsValid"": true}, {""server"": ""proxy"", ""port"": 3128, ""method"": ""GET"", ""path"": ""http://172.31.4.2/case-default-auth"", ""credentialsPresent"": true, ""credentialsValid"": true}, {""server"": ""proxy"", ""port"": 3128, ""method"": ""GET"", ""path"": ""http://172.31.4.2/favicon.ico"", ""credentialsPresent"": true, ""credentialsValid"": true}, {""server"": ""proxy"", ""port"": 3128, ""method"": ""CONNECT"", ""path"": ""0.0.0.0:443"", ""credentialsPresent"": true, ""credentialsValid"": true}, {""server"": ""proxy"", ""port"": 3128, ""method"": ""CONNECT"", ""path"": ""0.0.0.0:443"", ""credentialsPresent"": true, ""credentialsValid"": true}, {""server"": ""proxy"", ""port"": 3128, ""method"": ""CONNECT"", ""path"": ""0.0.0.0:443"", ""credentialsPresent"": true, ""credentialsValid"": true}, {""server"": ""proxy"", ""port"": 3128, ""method"": ""CONNECT"", ""path"": ""172.31.4.2:443"", ""credentialsPresent"": true, ""credentialsValid"": true}, {""server"": ""page"", ""port"": 443, ""path"": ""/case-default-auth""}, {""server"": ""proxy"", ""port"": 3128, ""method"": ""CONNECT"", ""path"": ""172.31.4.2:443"", ""credentialsPresent"": true, ""credentialsValid"": true}, {""server"": ""page"", ""port"": 443, ""path"": ""/favicon.ico""}, {""server"": ""proxy"", ""port"": 3128, ""method"": ""GET"", ""path"": ""http://172.31.4.2/case-explicit-auth"", ""credentialsPresent"": true, ""credentialsValid"": true}, {""server"": ""proxy"", ""port"": 3128, ""method"": ""GET"", ""path"": ""http://172.31.4.2:3128/squid-internal-periodic/store_digest"", ""credentialsPresent"": true, ""credentialsValid"": true}, {""server"": ""proxy"", ""port"": 3128, ""method"": ""GET"", ""path"": ""http://172.31.4.2/favicon.ico"", ""credentialsPresent"": true, ""credentialsValid"": true}, {""server"": ""proxy"", ""port"": 3128, ""method"": ""CONNECT"", ""path"": ""172.31.4.2:443"", ""credentialsPresent"": true, ""credentialsValid"": true}, {""server"": ""page"", ""port"": 443, ""path"": ""/case-explicit-auth""}, {""server"": ""proxy"", ""port"": 3128, ""method"": ""CONNECT"", ""path"": ""172.31.4.2:443"", ""credentialsPresent"": true, ""credentialsValid"": true}, {""server"": ""page"", ""port"": 443, ""path"": ""/favicon.ico""}, {""server"": ""proxy"", ""port"": 3128, ""method"": ""GET"", ""path"": ""http://proxy-only.agentcore.test/"", ""credentialsPresent"": true, ""credentialsValid"": true}, {""server"": ""proxy"", ""port"": 3128, ""method"": ""GET"", ""path"": ""http://proxy-only.agentcore.test/favicon.ico"", ""credentialsPresent"": true, ""credentialsValid"": true}, {""server"": ""proxy-no-auth"", ""port"": 3129, ""method"": ""GET"", ""path"": ""http://172.31.4.2:3129/squid-internal-periodic/store_digest""}, {""server"": ""proxy-no-auth"", ""port"": 3129, ""method"": ""GET"", ""path"": ""http://0.0.0.0/time/1/current?cup2key=10:QHnrEJ5Ii-pydw0a5r3fXqn1F6ZMhMPjgwc4sIbT3SI&cup2hreq=e3b0c44298fc1c149afbf4c8996fb92427ae41e4649b934ca495991b7852b855""}, {""server"": ""proxy-no-auth"", ""port"": 3129, ""method"": ""CONNECT"", ""path"": ""0.0.0.0:443""}, {""server"": ""proxy-no-auth"", ""port"": 3129, ""method"": ""CONNECT"", ""path"": ""0.0.0.0:443""}, {""server"": ""proxy-no-auth"", ""port"": 3129, ""method"": ""CONNECT"", ""path"": ""www.google.com:443""}, {""server"": ""proxy-no-auth"", ""port"": 3129, ""method"": ""CONNECT"", ""path"": ""www.google.com:443""}, {""server"": ""proxy-no-auth"", ""port"": 3129, ""method"": ""CONNECT"", ""path"": ""www.google.com:443""}, {""server"": ""proxy-no-auth"", ""port"": 3129, ""method"": ""CONNECT"", ""path"": ""www.google.com:443""}, {""server"": ""proxy-no-auth"", ""port"": 3129, ""method"": ""CONNECT"", ""path"": ""0.0.0.0:443""}, {""server"": ""proxy-no-auth"", ""port"": 3129, ""method"": ""GET"", ""path"": ""http://172.31.4.2/case-default-no-auth""}, {""server"": ""proxy-no-auth"", ""port"": 3129, ""method"": ""GET"", ""path"": ""http://172.31.4.2/favicon.ico""}, {""server"": ""proxy-no-auth"", ""port"": 3129, ""method"": ""CONNECT"", ""path"": ""0.0.0.0:443""}, {""server"": ""proxy-no-auth"", ""port"": 3129, ""method"": ""CONNECT"", ""path"": ""172.31.4.2:443""}, {""server"": ""page"", ""port"": 443, ""path"": ""/case-default-no-auth""}, {""server"": ""proxy-no-auth"", ""port"": 3129, ""method"": ""CONNECT"", ""path"": ""172.31.4.2:443""}, {""server"": ""page"", ""port"": 443, ""path"": ""/favicon.ico""}, {""server"": ""proxy-no-auth"", ""port"": 3129, ""method"": ""CONNECT"", ""path"": ""0.0.0.0:443""}, {""server"": ""proxy-no-auth"", ""port"": 3129, ""method"": ""CONNECT"", ""path"": ""0.0.0.0:443""}, {""server"": ""proxy-no-auth"", ""port"": 3129, ""method"": ""GET"", ""path"": ""http://172.31.4.2:3129/squid-internal-periodic/store_digest""}, {""server"": ""proxy-no-auth"", ""port"": 3129, ""method"": ""GET"", ""path"": ""http://172.31.4.2/case-explicit-no-auth""}, {""server"": ""proxy-no-auth"", ""port"": 3129, ""method"": ""GET"", ""path"": ""http://172.31.4.2/favicon.ico""}, {""server"": ""proxy-no-auth"", ""port"": 3129, ""method"": ""CONNECT"", ""path"": ""172.31.4.2:443""}, {""server"": ""page"", ""port"": 443, ""path"": ""/case-explicit-no-auth""}, {""server"": ""proxy-no-auth"", ""port"": 3129, ""method"": ""CONNECT"", ""path"": ""172.31.4.2:443""}, {""server"": ""page"", ""port"": 443, ""path"": ""/favicon.ico""}, {""server"": ""proxy-no-auth"", ""port"": 3129, ""method"": ""GET"", ""path"": ""http://proxy-only.agentcore.test/""}, {""server"": ""proxy-no-auth"", ""port"": 3129, ""method"": ""GET"", ""path"": ""http://proxy-only.agentcore.test/favicon.ico""}, {""server"": ""proxy"", ""port"": 3128, ""method"": ""GET"", ""path"": ""http://0.0.0.0/time/1/current?cup2key=10:x_aid2eKFjlic8aSy-4C4e8eQ8CXXQSkTbm-tI1YyQA&cup2hreq=e3b0c44298fc1c149afbf4c8996fb92427ae41e4649b934ca495991b7852b855"", ""credentialsPresent"": true, ""credentialsValid"": true}, {""server"": ""proxy"", ""port"": 3128, ""method"": ""GET"", ""path"": ""/squid-internal-periodic/store_digest"", ""credentialsPresent"": false, ""credentialsValid"": false}, {""server"": ""proxy"", ""port"": 3128, ""method"": ""CONNECT"", ""path"": ""0.0.0.0:443"", ""credentialsPresent"": true, ""credentialsValid"": true}, {""server"": ""proxy"", ""port"": 3128, ""method"": ""CONNECT"", ""path"": ""0.0.0.0:443"", ""credentialsPresent"": true, ""credentialsValid"": true}, {""server"": ""proxy"", ""port"": 3128, ""method"": ""CONNECT"", ""path"": ""www.google.com:443"", ""credentialsPresent"": true, ""credentialsValid"": true}, {""server"": ""proxy"", ""port"": 3128, ""method"": ""CONNECT"", ""path"": ""www.google.com:443"", ""credentialsPresent"": true, ""credentialsValid"": true}, {""server"": ""proxy"", ""port"": 3128, ""method"": ""CONNECT"", ""path"": ""www.google.com:443"", ""credentialsPresent"": true, ""credentialsValid"": true}, {""server"": ""proxy"", ""port"": 3128, ""method"": ""CONNECT"", ""path"": ""www.google.com:443"", ""credentialsPresent"": true, ""credentialsValid"": true}, {""server"": ""proxy"", ""port"": 3128, ""method"": ""CONNECT"", ""path"": ""0.0.0.0:443"", ""credentialsPresent"": true, ""credentialsValid"": true}, {""server"": ""page"", ""port"": 80, ""path"": ""/isolated-bypass""}, {""server"": ""page"", ""port"": 80, ""path"": ""/favicon.ico""}, {""server"": ""proxy"", ""port"": 3128, ""method"": ""CONNECT"", ""path"": ""0.0.0.0:443"", ""credentialsPresent"": true, ""credentialsValid"": true}, {""server"": ""proxy"", ""port"": 3128, ""method"": ""CONNECT"", ""path"": ""0.0.0.0:443"", ""credentialsPresent"": true, ""credentialsValid"": true}, {""server"": ""proxy"", ""port"": 3128, ""method"": ""CONNECT"", ""path"": ""0.0.0.0:443"", ""credentialsPresent"": true, ""credentialsValid"": true}]"
cleanup.api,cn-north-1,PASS,2026-09-29T01:59:56.846912+00:00,results/repro-caller-confirm-20260929/cn-north-1-results.jsonl,27,"[{""id"": ""70dy8fm7ua"", ""deleted"": true, ""detail"": {""deleted"": true}}]"
cleanup.api,cn-northwest-1,PASS,2026-09-29T01:59:56.438355+00:00,results/repro-caller-confirm-20260929/cn-northwest-1-results.jsonl,27,"[{""id"": ""zdvkdpzwlg"", ""deleted"": true, ""detail"": {""deleted"": true}}]"
cleanup.browser,cn-north-1,PASS,2026-09-28T06:16:59.417585+00:00,results/retest/cn-north-1-results.jsonl,140,"[{""id"": ""ac_cn_0928054019_bj_proxy-P3PHNHfJq2"", ""deleted"": true, ""detail"": {""deleted"": true}}]"
cleanup.browser,cn-northwest-1,PASS,2026-09-28T06:17:04.318550+00:00,results/retest/cn-northwest-1-results.jsonl,140,"[{""id"": ""ac_cn_0928054019_nx_proxy-Oilxo0i9bC"", ""deleted"": true, ""detail"": {""deleted"": true}}]"
cleanup.browser_sessions,cn-north-1,PASS,2026-09-29T01:59:27.991184+00:00,results/repro-caller-confirm-20260929/cn-north-1-results.jsonl,22,[]
cleanup.browser_sessions,cn-northwest-1,PASS,2026-09-29T01:59:28.037062+00:00,results/repro-caller-confirm-20260929/cn-northwest-1-results.jsonl,22,[]
cleanup.bucket,cn-north-1,PASS,2026-09-29T02:00:00.647799+00:00,results/repro-caller-confirm-20260929/cn-north-1-results.jsonl,29,"[{""id"": ""ac-cn-0929015405-bj-209915754514"", ""deleted"": true, ""detail"": {""deleted"": true}}]"
cleanup.bucket,cn-northwest-1,PASS,2026-09-29T02:00:11.548393+00:00,results/repro-caller-confirm-20260929/cn-northwest-1-results.jsonl,29,"[{""id"": ""ac-cn-0929015405-nx-209915754514"", ""deleted"": true, ""detail"": {""deleted"": true}}]"
cleanup.eni,cn-north-1,PASS,2026-09-28T06:17:36.894831+00:00,results/retest/cn-north-1-results.jsonl,147,"[{""id"": ""eni-0b4dc7da738d9f92e"", ""deleted"": true, ""detail"": {""deleted"": true}}]"
cleanup.eni,cn-northwest-1,PASS,2026-09-28T06:17:43.261563+00:00,results/retest/cn-northwest-1-results.jsonl,147,"[{""id"": ""eni-006c83ca4a3625c9a"", ""deleted"": true, ""detail"": {""deleted"": true}}]"
cleanup.gateway,cn-north-1,PASS,2026-09-29T01:59:49.225155+00:00,results/repro-caller-confirm-20260929/cn-north-1-results.jsonl,24,"[{""id"": ""ac-cn-0929015405-bj-http-ys9phkel49"", ""deleted"": true, ""detail"": {""deleted"": true}}, {""id"": ""ac-cn-0929015405-bj-authenticate-only-3xltvzir2w"", ""deleted"": true, ""detail"": {""deleted"": true}}]"
cleanup.gateway,cn-northwest-1,PASS,2026-09-29T01:59:48.646362+00:00,results/repro-caller-confirm-20260929/cn-northwest-1-results.jsonl,24,"[{""id"": ""ac-cn-0929015405-nx-http-h5xpmtwmuf"", ""deleted"": true, ""detail"": {""deleted"": true}}, {""id"": ""ac-cn-0929015405-nx-authenticate-only-tl4jstni62"", ""deleted"": true, ""detail"": {""deleted"": true}}]"
cleanup.instance,cn-north-1,PASS,2026-09-28T06:17:36.331767+00:00,results/retest/cn-north-1-results.jsonl,146,"[{""id"": ""i-0d464481334a906cb"", ""deleted"": true, ""detail"": {""deleted"": true}}]"
cleanup.instance,cn-northwest-1,PASS,2026-09-28T06:17:42.706262+00:00,results/retest/cn-northwest-1-results.jsonl,146,"[{""id"": ""i-01d6cf11e3aebe8bd"", ""deleted"": true, ""detail"": {""deleted"": true}}]"
cleanup.inventory,cn-north-1,PASS,2026-09-29T02:00:03.864552+00:00,results/repro-caller-confirm-20260929/cn-north-1-results.jsonl,31,[]
cleanup.inventory,cn-northwest-1,PASS,2026-09-29T02:00:14.566574+00:00,results/repro-caller-confirm-20260929/cn-northwest-1-results.jsonl,31,[]
cleanup.lambda,cn-north-1,PASS,2026-09-29T01:59:58.035302+00:00,results/repro-caller-confirm-20260929/cn-north-1-results.jsonl,28,"[{""id"": ""ac-cn-0929015405-bj"", ""deleted"": true, ""detail"": {""deleted"": true}}]"
cleanup.lambda,cn-northwest-1,PASS,2026-09-29T01:59:57.843332+00:00,results/repro-caller-confirm-20260929/cn-northwest-1-results.jsonl,28,"[{""id"": ""ac-cn-0929015405-nx"", ""deleted"": true, ""detail"": {""deleted"": true}}]"
cleanup.live_wait_session,cn-north-1,PASS,2026-09-28T06:48:31.079655+00:00,results/retest-livewait-default/cn-north-1-results.jsonl,3,"{""sessionId"": ""01M3KBRKNKYFGPVS882K33WR3E"", ""status"": ""TERMINATED"", ""requestId"": ""d378ce08-ad40-4868-9297-7f88222be27f""}"
cleanup.live_wait_session,cn-northwest-1,PASS,2026-09-28T06:48:34.791768+00:00,results/retest-livewait-default/cn-northwest-1-results.jsonl,3,"{""sessionId"": ""01M3KBRKPMCFC2WSMXK3ZTSPF2"", ""status"": ""TERMINATED"", ""requestId"": ""06807628-69a2-4361-9d6f-f0fbbce465fa""}"
cleanup.local_fixtures,cn-north-1,PASS,2026-09-29T02:00:15.636601+00:00,results/repro-caller-confirm-20260929/cn-north-1-results.jsonl,33,"{""stoppedPids"": [], ""generatedSecretsRemoved"": true}"
cleanup.local_fixtures,cn-northwest-1,PASS,2026-09-29T02:00:15.928534+00:00,results/repro-caller-confirm-20260929/cn-northwest-1-results.jsonl,33,"{""stoppedPids"": [], ""generatedSecretsRemoved"": true}"
cleanup.oauth-provider,cn-north-1,PASS,2026-09-28T06:17:04.293679+00:00,results/retest/cn-north-1-results.jsonl,143,"[{""id"": ""ac-cn-0928054019-bj-client-credentials"", ""deleted"": true, ""detail"": {""deleted"": true}}, {""id"": ""ac-cn-0928054019-bj-token-exchange"", ""deleted"": true, ""detail"": {""deleted"": true}}, {""id"": ""ac-cn-0928054019-bj-authorization-code"", ""deleted"": true, ""detail"": {""deleted"": true}}]"
cleanup.oauth-provider,cn-northwest-1,PASS,2026-09-28T06:17:09.804425+00:00,results/retest/cn-northwest-1-results.jsonl,143,"[{""id"": ""ac-cn-0928054019-nx-client-credentials"", ""deleted"": true, ""detail"": {""deleted"": true}}, {""id"": ""ac-cn-0928054019-nx-token-exchange"", ""deleted"": true, ""detail"": {""deleted"": true}}, {""id"": ""ac-cn-0928054019-nx-authorization-code"", ""deleted"": true, ""detail"": {""deleted"": true}}]"
cleanup.read_only_verification,cn-north-1,PASS,2026-09-29T02:00:22.602867+00:00,results/repro-caller-confirm-20260929/cn-north-1-results.jsonl,35,"[{""kind"": ""role"", ""id"": ""ac-cn-0929015405-bj-lambda"", ""status"": ""ABSENT"", ""ok"": true}, {""kind"": ""role"", ""id"": ""ac-cn-0929015405-bj-agentcore"", ""status"": ""ABSENT"", ""ok"": true}, {""kind"": ""bucket"", ""id"": ""ac-cn-0929015405-bj-209915754514"", ""status"": ""ABSENT"", ""ok"": true}, {""kind"": ""lambda"", ""id"": ""ac-cn-0929015405-bj"", ""status"": ""ABSENT"", ""ok"": true}, {""kind"": ""api"", ""id"": ""70dy8fm7ua"", ""status"": ""ABSENT"", ""ok"": true}, {""kind"": ""gateway"", ""id"": ""ac-cn-0929015405-bj-http-ys9phkel49"", ""status"": ""ABSENT"", ""ok"": true}, {""kind"": ""runtime"", ""id"": ""ac_cn_0929015405_bj-fyqfwJ2ER2"", ""status"": ""ABSENT"", ""ok"": true}, {""kind"": ""role"", ""id"": ""ac-cn-0929015405-bj-caller"", ""status"": ""ABSENT"", ""ok"": true}, {""kind"": ""gateway"", ""id"": ""ac-cn-0929015405-bj-authenticate-only-3xltvzir2w"", ""status"": ""ABSENT"", ""ok"": true}, {""kind"": ""tagged-volumes"", ""status"": ""ABSENT"", ""ids"": [], ""ok"": true}, {""kind"": ""tagged-instances"", ""ok"": true, ""instances"": []}, {""kind"": ""security-group-interfaces"", ""ok"": true, ""interfaces"": []}]"
cleanup.read_only_verification,cn-northwest-1,PASS,2026-09-29T02:00:23.111617+00:00,results/repro-caller-confirm-20260929/cn-northwest-1-results.jsonl,35,"[{""kind"": ""role"", ""id"": ""ac-cn-0929015405-nx-lambda"", ""status"": ""ABSENT"", ""ok"": true}, {""kind"": ""role"", ""id"": ""ac-cn-0929015405-nx-agentcore"", ""status"": ""ABSENT"", ""ok"": true}, {""kind"": ""bucket"", ""id"": ""ac-cn-0929015405-nx-209915754514"", ""status"": ""ABSENT"", ""ok"": true}, {""kind"": ""lambda"", ""id"": ""ac-cn-0929015405-nx"", ""status"": ""ABSENT"", ""ok"": true}, {""kind"": ""api"", ""id"": ""zdvkdpzwlg"", ""status"": ""ABSENT"", ""ok"": true}, {""kind"": ""gateway"", ""id"": ""ac-cn-0929015405-nx-http-h5xpmtwmuf"", ""status"": ""ABSENT"", ""ok"": true}, {""kind"": ""runtime"", ""id"": ""ac_cn_0929015405_nx-hb7Ki29LZR"", ""status"": ""ABSENT"", ""ok"": true}, {""kind"": ""role"", ""id"": ""ac-cn-0929015405-nx-caller"", ""status"": ""ABSENT"", ""ok"": true}, {""kind"": ""gateway"", ""id"": ""ac-cn-0929015405-nx-authenticate-only-tl4jstni62"", ""status"": ""ABSENT"", ""ok"": true}, {""kind"": ""tagged-volumes"", ""status"": ""ABSENT"", ""ids"": [], ""ok"": true}, {""kind"": ""tagged-instances"", ""ok"": true, ""instances"": []}, {""kind"": ""security-group-interfaces"", ""ok"": true, ""interfaces"": []}]"
cleanup.role,cn-north-1,PASS,2026-09-29T02:00:02.696534+00:00,results/repro-caller-confirm-20260929/cn-north-1-results.jsonl,30,"[{""id"": ""ac-cn-0929015405-bj-lambda"", ""deleted"": true, ""detail"": {""deleted"": true}}, {""id"": ""ac-cn-0929015405-bj-agentcore"", ""deleted"": true, ""detail"": {""deleted"": true}}, {""id"": ""ac-cn-0929015405-bj-caller"", ""deleted"": true, ""detail"": {""deleted"": true}}]"
cleanup.role,cn-northwest-1,PASS,2026-09-29T02:00:13.269437+00:00,results/repro-caller-confirm-20260929/cn-northwest-1-results.jsonl,30,"[{""id"": ""ac-cn-0929015405-nx-lambda"", ""deleted"": true, ""detail"": {""deleted"": true}}, {""id"": ""ac-cn-0929015405-nx-agentcore"", ""deleted"": true, ""detail"": {""deleted"": true}}, {""id"": ""ac-cn-0929015405-nx-caller"", ""deleted"": true, ""detail"": {""deleted"": true}}]"
cleanup.runtime,cn-north-1,PASS,2026-09-29T01:59:53.203497+00:00,results/repro-caller-confirm-20260929/cn-north-1-results.jsonl,25,"[{""id"": ""ac_cn_0929015405_bj-fyqfwJ2ER2"", ""deleted"": true, ""detail"": {""deleted"": true}}]"
cleanup.runtime,cn-northwest-1,PASS,2026-09-29T01:59:52.693356+00:00,results/repro-caller-confirm-20260929/cn-northwest-1-results.jsonl,25,"[{""id"": ""ac_cn_0929015405_nx-hb7Ki29LZR"", ""deleted"": true, ""detail"": {""deleted"": true}}]"
cleanup.secret,cn-north-1,PASS,2026-09-28T06:18:03.085229+00:00,results/retest/cn-north-1-results.jsonl,149,"[{""id"": ""arn:aws-cn:secretsmanager:cn-north-1:209915754514:secret:ac-cn-0928054019-bj-root-ca-QqaNbw"", ""deleted"": true, ""detail"": {""deleted"": true}}, {""id"": ""arn:aws-cn:secretsmanager:cn-north-1:209915754514:secret:ac-cn-0928054019-bj-proxy-UlHUCt"", ""deleted"": true, ""detail"": {""deleted"": true}}, {""id"": ""arn:aws-cn:secretsmanager:cn-north-1:209915754514:secret:bedrock-agentcore-identity!default/oauth2/ac-cn-0928054019-bj-client-credentials-bb640f5a-vDJeHd"", ""deleted"": true, ""detail"": {""deleted"": true}}, {""id"": ""arn:aws-cn:secretsmanager:cn-north-1:209915754514:secret:bedrock-agentcore-identity!default/oauth2/ac-cn-0928054019-bj-token-exchange-1e5a7d88-9ES0OO"", ""deleted"": true, ""detail"": {""deleted"": true}}, {""id"": ""arn:aws-cn:secretsmanager:cn-north-1:209915754514:secret:bedrock-agentcore-identity!default/oauth2/ac-cn-0928054019-bj-authorization-code-760332a2-z2Lgp5"", ""deleted"": true, ""detail"": {""deleted"": true}}]"
cleanup.secret,cn-northwest-1,PASS,2026-09-28T06:18:10.245114+00:00,results/retest/cn-northwest-1-results.jsonl,149,"[{""id"": ""arn:aws-cn:secretsmanager:cn-northwest-1:209915754514:secret:ac-cn-0928054019-nx-root-ca-Gqx3Gj"", ""deleted"": true, ""detail"": {""deleted"": true}}, {""id"": ""arn:aws-cn:secretsmanager:cn-northwest-1:209915754514:secret:ac-cn-0928054019-nx-proxy-ORsIrv"", ""deleted"": true, ""detail"": {""deleted"": true}}, {""id"": ""arn:aws-cn:secretsmanager:cn-northwest-1:209915754514:secret:bedrock-agentcore-identity!default/oauth2/ac-cn-0928054019-nx-client-credentials-03350671-AHyQAh"", ""deleted"": true, ""detail"": {""deleted"": true}}, {""id"": ""arn:aws-cn:secretsmanager:cn-northwest-1:209915754514:secret:bedrock-agentcore-identity!default/oauth2/ac-cn-0928054019-nx-token-exchange-a1dbf0af-BL8gtm"", ""deleted"": true, ""detail"": {""deleted"": true}}, {""id"": ""arn:aws-cn:secretsmanager:cn-northwest-1:209915754514:secret:bedrock-agentcore-identity!default/oauth2/ac-cn-0928054019-nx-authorization-code-b2aaae90-vcwm9c"", ""deleted"": true, ""detail"": {""deleted"": true}}]"
cleanup.sg,cn-north-1,PASS,2026-09-28T14:24:04.662747+00:00,results/retest/cn-north-1-results.jsonl,159,"[{""id"": ""sg-03179feaec145cf84"", ""deleted"": true, ""detail"": {""alreadyAbsent"": true}}]"
cleanup.sg,cn-northwest-1,PASS,2026-09-28T14:24:04.887597+00:00,results/retest/cn-northwest-1-results.jsonl,159,"[{""id"": ""sg-0e9e501fda1882754"", ""deleted"": true, ""detail"": {""alreadyAbsent"": true}}]"
cleanup.target,cn-north-1,PASS,2026-09-29T01:59:45.392481+00:00,results/repro-caller-confirm-20260929/cn-north-1-results.jsonl,23,"[{""id"": ""YOHNKORLHC"", ""deleted"": true, ""detail"": {""deleted"": true}}, {""id"": ""UG0AOI6UCD"", ""deleted"": true, ""detail"": {""deleted"": true}}, {""id"": ""2IDNVQBZRX"", ""deleted"": true, ""detail"": {""deleted"": true}}, {""id"": ""WYW5HZQLG2"", ""deleted"": true, ""detail"": {""deleted"": true}}]"
cleanup.target,cn-northwest-1,PASS,2026-09-29T01:59:44.736216+00:00,results/repro-caller-confirm-20260929/cn-northwest-1-results.jsonl,23,"[{""id"": ""AZ715PNSQB"", ""deleted"": true, ""detail"": {""deleted"": true}}, {""id"": ""ETFC6QNVRP"", ""deleted"": true, ""detail"": {""deleted"": true}}, {""id"": ""RTLEQC6UFD"", ""deleted"": true, ""detail"": {""deleted"": true}}, {""id"": ""JU12DWC9DM"", ""deleted"": true, ""detail"": {""deleted"": true}}]"
cleanup.workload,cn-north-1,PASS,2026-09-29T01:59:53.462487+00:00,results/repro-caller-confirm-20260929/cn-north-1-results.jsonl,26,"[{""id"": ""ac-cn-0929015405-bj-http-ys9phkel49"", ""deleted"": true, ""detail"": {""alreadyAbsent"": true}}, {""id"": ""ac_cn_0929015405_bj-fyqfwJ2ER2"", ""deleted"": true, ""detail"": {""alreadyAbsent"": true}}, {""id"": ""ac-cn-0929015405-bj-authenticate-only-3xltvzir2w"", ""deleted"": true, ""detail"": {""alreadyAbsent"": true}}]"
cleanup.workload,cn-northwest-1,PASS,2026-09-29T01:59:52.972863+00:00,results/repro-caller-confirm-20260929/cn-northwest-1-results.jsonl,26,"[{""id"": ""ac-cn-0929015405-nx-http-h5xpmtwmuf"", ""deleted"": true, ""detail"": {""alreadyAbsent"": true}}, {""id"": ""ac_cn_0929015405_nx-hb7Ki29LZR"", ""deleted"": true, ""detail"": {""alreadyAbsent"": true}}, {""id"": ""ac-cn-0929015405-nx-authenticate-only-tl4jstni62"", ""deleted"": true, ""detail"": {""alreadyAbsent"": true}}]"
fixture.oidc.client_credentials,cn-north-1,FAIL,2026-09-29T01:54:28.401020+00:00,results/repro-caller-confirm-20260929/cn-north-1-results.jsonl,2,"{""type"": ""AssertionError"", ""message"": ""{'status': 403, 'body': '{\""Message\"":null}'}"", ""traceback"": ""Traceback (most recent call last):\n  File \""/home/ec2-user/agentcore/cn/suite.py\"", line 77, in test\n    result = fn()\n             ^^^^\n  File \""/home/ec2-user/agentcore/cn/retest_setup.py\"", line 103, in token\n    assert response.status_code==200, {\""status\"":response.status_code,\""body\"":response.text}\n           ^^^^^^^^^^^^^^^^^^^^^^^^^\nAssertionError: {'status': 403, 'body': '{\""Message\"":null}'}\n""}"
fixture.oidc.client_credentials,cn-northwest-1,FAIL,2026-09-29T01:54:29.102475+00:00,results/repro-caller-confirm-20260929/cn-northwest-1-results.jsonl,2,"{""type"": ""AssertionError"", ""message"": ""{'status': 403, 'body': '{\""Message\"":null}'}"", ""traceback"": ""Traceback (most recent call last):\n  File \""/home/ec2-user/agentcore/cn/suite.py\"", line 77, in test\n    result = fn()\n             ^^^^\n  File \""/home/ec2-user/agentcore/cn/retest_setup.py\"", line 103, in token\n    assert response.status_code==200, {\""status\"":response.status_code,\""body\"":response.text}\n           ^^^^^^^^^^^^^^^^^^^^^^^^^\nAssertionError: {'status': 403, 'body': '{\""Message\"":null}'}\n""}"
fixture.oidc.public_discovery,cn-north-1,FAIL,2026-09-29T01:54:27.639549+00:00,results/repro-caller-confirm-20260929/cn-north-1-results.jsonl,1,"{""type"": ""AssertionError"", ""message"": ""{'status': 403, 'body': '{\""Message\"":null}'}"", ""traceback"": ""Traceback (most recent call last):\n  File \""/home/ec2-user/agentcore/cn/suite.py\"", line 77, in test\n    result = fn()\n             ^^^^\n  File \""/home/ec2-user/agentcore/cn/retest_setup.py\"", line 96, in discovery\n    assert response.status_code == 200, {\""status\"": response.status_code, \""body\"": response.text}\n           ^^^^^^^^^^^^^^^^^^^^^^^^^^^\nAssertionError: {'status': 403, 'body': '{\""Message\"":null}'}\n""}"
fixture.oidc.public_discovery,cn-northwest-1,FAIL,2026-09-29T01:54:28.317923+00:00,results/repro-caller-confirm-20260929/cn-northwest-1-results.jsonl,1,"{""type"": ""AssertionError"", ""message"": ""{'status': 403, 'body': '{\""Message\"":null}'}"", ""traceback"": ""Traceback (most recent call last):\n  File \""/home/ec2-user/agentcore/cn/suite.py\"", line 77, in test\n    result = fn()\n             ^^^^\n  File \""/home/ec2-user/agentcore/cn/retest_setup.py\"", line 96, in discovery\n    assert response.status_code == 200, {\""status\"": response.status_code, \""body\"": response.text}\n           ^^^^^^^^^^^^^^^^^^^^^^^^^^^\nAssertionError: {'status': 403, 'body': '{\""Message\"":null}'}\n""}"
gateway.caller_iam.AUTHENTICATE_ONLY.configuration,cn-north-1,PASS,2026-09-29T01:58:57.256162+00:00,results/repro-caller-confirm-20260929/cn-north-1-results.jsonl,14,"{""ResponseMetadata"": {""RequestId"": ""f570ec0e-81de-4fb8-8b8d-65cceee12e35"", ""HTTPStatusCode"": 200, ""HTTPHeaders"": {""date"": ""Tue, 29 Sep 2026 01:58:57 GMT"", ""content-type"": ""application/json"", ""content-length"": ""815"", ""connection"": ""keep-alive"", ""x-amzn-requestid"": ""f570ec0e-81de-4fb8-8b8d-65cceee12e35"", ""x-amz-apigw-id"": ""EcE3QERYBTIESIw="", ""x-amzn-trace-id"": ""Root=1-6abb1b61-5afa000073f952430e2315d4""}, ""RetryAttempts"": 0}, ""gatewayArn"": ""arn:aws-cn:bedrock-agentcore:cn-north-1:209915754514:gateway/ac-cn-0929015405-bj-authenticate-only-3xltvzir2w"", ""gatewayId"": ""ac-cn-0929015405-bj-authenticate-only-3xltvzir2w"", ""gatewayUrl"": ""https://ac-cn-0929015405-bj-authenticate-only-3xltvzir2w.gateway.bedrock-agentcore.cn-north-1.amazonaws.com.cn"", ""createdAt"": ""2026-09-29 01:58:53.607376+00:00"", ""updatedAt"": ""2026-09-29 01:58:54.357246+00:00"", ""status"": ""READY"", ""name"": ""ac-cn-0929015405-bj-authenticate-only"", ""roleArn"": ""arn:aws-cn:iam::209915754514:role/ac-cn-0929015405-bj-agentcore"", ""authorizerType"": ""AUTHENTICATE_ONLY"", ""workloadIdentityDetails"": {""workloadIdentityArn"": ""arn:aws-cn:bedrock-agentcore:cn-north-1:209915754514:workload-identity-directory/default/workload-identity/ac-cn-0929015405-bj-authenticate-only-3xltvzir2w""}, ""exceptionLevel"": ""DEBUG""}"
gateway.caller_iam.AUTHENTICATE_ONLY.configuration,cn-northwest-1,PASS,2026-09-29T01:59:01.091260+00:00,results/repro-caller-confirm-20260929/cn-northwest-1-results.jsonl,14,"{""ResponseMetadata"": {""RequestId"": ""bc2b3f0d-e859-42ff-bc1d-bb0356a1ca66"", ""HTTPStatusCode"": 200, ""HTTPHeaders"": {""date"": ""Tue, 29 Sep 2026 01:59:00 GMT"", ""content-type"": ""application/json"", ""content-length"": ""827"", ""connection"": ""keep-alive"", ""x-amzn-requestid"": ""bc2b3f0d-e859-42ff-bc1d-bb0356a1ca66"", ""x-amz-apigw-id"": ""EcE32EFhZPgEVMA="", ""x-amzn-trace-id"": ""Root=1-6abb1b64-79aabece2c76a3335a969b20""}, ""RetryAttempts"": 0}, ""gatewayArn"": ""arn:aws-cn:bedrock-agentcore:cn-northwest-1:209915754514:gateway/ac-cn-0929015405-nx-authenticate-only-tl4jstni62"", ""gatewayId"": ""ac-cn-0929015405-nx-authenticate-only-tl4jstni62"", ""gatewayUrl"": ""https://ac-cn-0929015405-nx-authenticate-only-tl4jstni62.gateway.bedrock-agentcore.cn-northwest-1.amazonaws.com.cn"", ""createdAt"": ""2026-09-29 01:58:57.330743+00:00"", ""updatedAt"": ""2026-09-29 01:58:58.162829+00:00"", ""status"": ""READY"", ""name"": ""ac-cn-0929015405-nx-authenticate-only"", ""roleArn"": ""arn:aws-cn:iam::209915754514:role/ac-cn-0929015405-nx-agentcore"", ""authorizerType"": ""AUTHENTICATE_ONLY"", ""workloadIdentityDetails"": {""workloadIdentityArn"": ""arn:aws-cn:bedrock-agentcore:cn-northwest-1:209915754514:workload-identity-directory/default/workload-identity/ac-cn-0929015405-nx-authenticate-only-tl4jstni62""}, ""exceptionLevel"": ""DEBUG""}"
gateway.caller_iam.AUTHENTICATE_ONLY.runtime-caller,cn-north-1,PASS,2026-09-29T01:59:10.470235+00:00,results/repro-caller-confirm-20260929/cn-north-1-results.jsonl,16,"{""status"": 200, ""body"": ""{\""sum\"": 42, \""runtime\"": \""gateway-fixture\"", \""region\"": \""cn-north-1\""}"", ""requestId"": ""4c207c1a-f2ec-485e-9e05-f9c2244b2a74, 03e3ac11-f1ff-443e-99b4-dee083cb93c8"", ""credentials"": ""AssumeRole"", ""inbound"": ""AUTHENTICATE_ONLY"", ""outbound"": ""runtime-caller""}"
gateway.caller_iam.AUTHENTICATE_ONLY.runtime-caller,cn-northwest-1,PASS,2026-09-29T01:59:15.593255+00:00,results/repro-caller-confirm-20260929/cn-northwest-1-results.jsonl,16,"{""status"": 200, ""body"": ""{\""sum\"": 42, \""runtime\"": \""gateway-fixture\"", \""region\"": \""cn-northwest-1\""}"", ""requestId"": ""cec25052-57c5-4193-b4b1-f6e77db56194, 9776c02b-398b-4c43-90d9-25860fe327b0"", ""credentials"": ""AssumeRole"", ""inbound"": ""AUTHENTICATE_ONLY"", ""outbound"": ""runtime-caller""}"
gateway.caller_iam.AUTHENTICATE_ONLY.runtime-role,cn-north-1,PASS,2026-09-29T01:59:04.157763+00:00,results/repro-caller-confirm-20260929/cn-north-1-results.jsonl,15,"{""status"": 200, ""body"": ""{\""sum\"": 42, \""runtime\"": \""gateway-fixture\"", \""region\"": \""cn-north-1\""}"", ""requestId"": ""92924dd4-0ab0-4baf-b65a-1920f5ea4366, 40fc27fd-3996-4123-b63b-51b2d295c553"", ""credentials"": ""AssumeRole"", ""inbound"": ""AUTHENTICATE_ONLY"", ""outbound"": ""runtime-role""}"
gateway.caller_iam.AUTHENTICATE_ONLY.runtime-role,cn-northwest-1,PASS,2026-09-29T01:59:08.569928+00:00,results/repro-caller-confirm-20260929/cn-northwest-1-results.jsonl,15,"{""status"": 200, ""body"": ""{\""sum\"": 42, \""runtime\"": \""gateway-fixture\"", \""region\"": \""cn-northwest-1\""}"", ""requestId"": ""dec65a18-6b3b-486a-89ed-dff759ffce1d, 1a77d580-85f9-4f9f-b847-5df94a2e29a2"", ""credentials"": ""AssumeRole"", ""inbound"": ""AUTHENTICATE_ONLY"", ""outbound"": ""runtime-role""}"
gateway.caller_iam.AWS_IAM.configuration,cn-north-1,PASS,2026-09-29T01:58:47.407160+00:00,results/repro-caller-confirm-20260929/cn-north-1-results.jsonl,11,"{""ResponseMetadata"": {""RequestId"": ""68232962-4f30-438c-b2be-ebb30f059fb2"", ""HTTPStatusCode"": 200, ""HTTPHeaders"": {""date"": ""Tue, 29 Sep 2026 01:58:47 GMT"", ""content-type"": ""application/json"", ""content-length"": ""740"", ""connection"": ""keep-alive"", ""x-amzn-requestid"": ""68232962-4f30-438c-b2be-ebb30f059fb2"", ""x-amz-apigw-id"": ""EcE1tEZkhTIEDNQ="", ""x-amzn-trace-id"": ""Root=1-6abb1b57-4a7751281300a2ff028fb656""}, ""RetryAttempts"": 0}, ""gatewayArn"": ""arn:aws-cn:bedrock-agentcore:cn-north-1:209915754514:gateway/ac-cn-0929015405-bj-http-ys9phkel49"", ""gatewayId"": ""ac-cn-0929015405-bj-http-ys9phkel49"", ""gatewayUrl"": ""https://ac-cn-0929015405-bj-http-ys9phkel49.gateway.bedrock-agentcore.cn-north-1.amazonaws.com.cn"", ""createdAt"": ""2026-09-29 01:54:31.306223+00:00"", ""updatedAt"": ""2026-09-29 01:54:32.328923+00:00"", ""status"": ""READY"", ""name"": ""ac-cn-0929015405-bj-http"", ""roleArn"": ""arn:aws-cn:iam::209915754514:role/ac-cn-0929015405-bj-agentcore"", ""authorizerType"": ""AWS_IAM"", ""workloadIdentityDetails"": {""workloadIdentityArn"": ""arn:aws-cn:bedrock-agentcore:cn-north-1:209915754514:workload-identity-directory/default/workload-identity/ac-cn-0929015405-bj-http-ys9phkel49""}, ""exceptionLevel"": ""DEBUG""}"
gateway.caller_iam.AWS_IAM.configuration,cn-northwest-1,PASS,2026-09-29T01:58:51.386825+00:00,results/repro-caller-confirm-20260929/cn-northwest-1-results.jsonl,11,"{""ResponseMetadata"": {""RequestId"": ""c3f25215-4af7-405f-8dae-f34a6c16c4ca"", ""HTTPStatusCode"": 200, ""HTTPHeaders"": {""date"": ""Tue, 29 Sep 2026 01:58:51 GMT"", ""content-type"": ""application/json"", ""content-length"": ""752"", ""connection"": ""keep-alive"", ""x-amzn-requestid"": ""c3f25215-4af7-405f-8dae-f34a6c16c4ca"", ""x-amz-apigw-id"": ""EcE2VFpd5PgEsjA="", ""x-amzn-trace-id"": ""Root=1-6abb1b5b-57114c18676a922546c699fb""}, ""RetryAttempts"": 0}, ""gatewayArn"": ""arn:aws-cn:bedrock-agentcore:cn-northwest-1:209915754514:gateway/ac-cn-0929015405-nx-http-h5xpmtwmuf"", ""gatewayId"": ""ac-cn-0929015405-nx-http-h5xpmtwmuf"", ""gatewayUrl"": ""https://ac-cn-0929015405-nx-http-h5xpmtwmuf.gateway.bedrock-agentcore.cn-northwest-1.amazonaws.com.cn"", ""createdAt"": ""2026-09-29 01:54:31.483722+00:00"", ""updatedAt"": ""2026-09-29 01:54:31.913883+00:00"", ""status"": ""READY"", ""name"": ""ac-cn-0929015405-nx-http"", ""roleArn"": ""arn:aws-cn:iam::209915754514:role/ac-cn-0929015405-nx-agentcore"", ""authorizerType"": ""AWS_IAM"", ""workloadIdentityDetails"": {""workloadIdentityArn"": ""arn:aws-cn:bedrock-agentcore:cn-northwest-1:209915754514:workload-identity-directory/default/workload-identity/ac-cn-0929015405-nx-http-h5xpmtwmuf""}, ""exceptionLevel"": ""DEBUG""}"
gateway.caller_iam.AWS_IAM.runtime-caller,cn-north-1,PASS,2026-09-29T01:58:53.370891+00:00,results/repro-caller-confirm-20260929/cn-north-1-results.jsonl,13,"{""status"": 200, ""body"": ""{\""sum\"": 42, \""runtime\"": \""gateway-fixture\"", \""region\"": \""cn-north-1\""}"", ""requestId"": ""88ac57c7-1286-4b9f-b838-1516fd3d95cf, 1704a9f1-b3f8-46dc-ad40-f5a6f296646b"", ""credentials"": ""AssumeRole"", ""inbound"": ""AWS_IAM"", ""outbound"": ""runtime-caller""}"
gateway.caller_iam.AWS_IAM.runtime-caller,cn-northwest-1,PASS,2026-09-29T01:58:57.061364+00:00,results/repro-caller-confirm-20260929/cn-northwest-1-results.jsonl,13,"{""status"": 200, ""body"": ""{\""sum\"": 42, \""runtime\"": \""gateway-fixture\"", \""region\"": \""cn-northwest-1\""}"", ""requestId"": ""1546de4c-610d-4ec5-ac94-e4fc31e547fe, 507fa5f8-6ca5-4048-bc04-c69acb958cb8"", ""credentials"": ""AssumeRole"", ""inbound"": ""AWS_IAM"", ""outbound"": ""runtime-caller""}"
gateway.caller_iam.AWS_IAM.runtime-role,cn-north-1,PASS,2026-09-29T01:58:50.393635+00:00,results/repro-caller-confirm-20260929/cn-north-1-results.jsonl,12,"{""status"": 200, ""body"": ""{\""sum\"": 42, \""runtime\"": \""gateway-fixture\"", \""region\"": \""cn-north-1\""}"", ""requestId"": ""4d984797-a892-4cb2-90fb-e3945407faf3, 23ec9ab7-4b96-4384-ac77-fb0cdaf7752f"", ""credentials"": ""AssumeRole"", ""inbound"": ""AWS_IAM"", ""outbound"": ""runtime-role""}"
gateway.caller_iam.AWS_IAM.runtime-role,cn-northwest-1,PASS,2026-09-29T01:58:54.158737+00:00,results/repro-caller-confirm-20260929/cn-northwest-1-results.jsonl,12,"{""status"": 200, ""body"": ""{\""sum\"": 42, \""runtime\"": \""gateway-fixture\"", \""region\"": \""cn-northwest-1\""}"", ""requestId"": ""6d827326-e167-42ee-ade8-7dc9002d450b, 7585b12e-9ac7-456b-aec0-a4a803cf5dbb"", ""credentials"": ""AssumeRole"", ""inbound"": ""AWS_IAM"", ""outbound"": ""runtime-role""}"
gateway.caller_iam.assumed_role.direct,cn-north-1,PASS,2026-09-29T01:58:46.888018+00:00,results/repro-caller-confirm-20260929/cn-north-1-results.jsonl,10,"{""body"": {""sum"": 42, ""runtime"": ""gateway-fixture"", ""region"": ""cn-north-1""}, ""requestId"": ""d628f645-56d0-4ef0-9159-e644a1186e0a"", ""credentials"": ""AssumeRole""}"
gateway.caller_iam.assumed_role.direct,cn-northwest-1,PASS,2026-09-29T01:58:50.794556+00:00,results/repro-caller-confirm-20260929/cn-northwest-1-results.jsonl,10,"{""body"": {""sum"": 42, ""runtime"": ""gateway-fixture"", ""region"": ""cn-northwest-1""}, ""requestId"": ""4300278d-a4cc-4809-9fa6-49be26de557b"", ""credentials"": ""AssumeRole""}"
gateway.jwt,cn-north-1,PASS,2026-09-28T05:46:27.904744+00:00,results/retest/cn-north-1-results.jsonl,12,"{""validJwtInvocation"": {""status"": 200, ""headers"": {""content-type"": ""application/json"", ""x-amzn-requestid"": ""a199c3f6-906c-406b-95f6-40e1ee62b528""}, ""body"": {""jsonrpc"": ""2.0"", ""id"": 8471, ""result"": {""isError"": false, ""content"": [{""type"": ""text"", ""text"": ""{\""sum\"":42,\""fixture\"":\""retest-lambda\""}""}]}}}, ""negativeClaims"": {""wrongAudience"": 403, ""wrongClient"": 403, ""expired"": 403, ""wrongScope"": 403}}"
gateway.jwt,cn-northwest-1,PASS,2026-09-28T05:46:26.631396+00:00,results/retest/cn-northwest-1-results.jsonl,12,"{""validJwtInvocation"": {""status"": 200, ""headers"": {""content-type"": ""application/json"", ""x-amzn-requestid"": ""0818cd26-f4dd-4702-aab8-16958ff384cb""}, ""body"": {""jsonrpc"": ""2.0"", ""id"": 270540, ""result"": {""isError"": false, ""content"": [{""type"": ""text"", ""text"": ""{\""sum\"":42,\""fixture\"":\""retest-lambda\""}""}]}}}, ""negativeClaims"": {""wrongAudience"": 403, ""wrongClient"": 403, ""expired"": 403, ""wrongScope"": 403}}"
gateway.oauth.authorization_code.initial,cn-north-1,INFO,2026-09-28T06:14:22.437580+00:00,results/retest/cn-north-1-results.jsonl,126,"{""status"": 200, ""headers"": {""content-type"": ""application/json"", ""x-amzn-requestid"": ""d3ff7eeb-4e25-4f8e-9c96-8d1d9a11f315""}, ""body"": {""jsonrpc"": ""2.0"", ""id"": 671400, ""result"": {""resultType"": ""input_required"", ""inputRequests"": {""urlElicitation"": {""method"": ""elicitation/create"", ""params"": {""mode"": ""url"", ""url"": ""https://bedrock-agentcore.cn-north-1.amazonaws.com.cn/identities/oauth2/authorize?request_uri=REDACTED"", ""message"": ""Please login to this URL for authorization."", ""elicitationId"": ""6f0d65ab-cb0e-49eb-a623-e11851f3b84c""}}}}}}"
gateway.oauth.authorization_code.initial,cn-northwest-1,INFO,2026-09-28T06:14:22.803085+00:00,results/retest/cn-northwest-1-results.jsonl,126,"{""status"": 200, ""headers"": {""content-type"": ""application/json"", ""x-amzn-requestid"": ""3235cbed-4ea8-48de-bf76-fc9ada0b7885""}, ""body"": {""jsonrpc"": ""2.0"", ""id"": 903414, ""result"": {""resultType"": ""input_required"", ""inputRequests"": {""urlElicitation"": {""method"": ""elicitation/create"", ""params"": {""mode"": ""url"", ""url"": ""https://bedrock-agentcore.cn-northwest-1.amazonaws.com.cn/identities/oauth2/authorize?request_uri=REDACTED"", ""message"": ""Please login to this URL for authorization."", ""elicitationId"": ""e0b90754-66eb-4d75-b9c7-af5a6168c39f""}}}}}}"
gateway.oauth.authorization_code.redirects,cn-north-1,INFO,2026-09-28T06:14:25.117082+00:00,results/retest/cn-north-1-results.jsonl,127,"{""redirects"": [{""host"": ""bedrock-agentcore.cn-north-1.amazonaws.com.cn"", ""path"": ""/identities/oauth2/authorize"", ""status"": 302}, {""host"": ""dialog-wash-javascript-objectives.trycloudflare.com"", ""path"": ""/test/REDACTED_PATH_KEY/authorize"", ""status"": 302}, {""host"": ""bedrock-agentcore.cn-north-1.amazonaws.com.cn"", ""path"": ""/identities/oauth2/callback/ad2e3d7a-996b-45c3-9b0c-7f42acb4348b"", ""status"": 302}, {""host"": ""dialog-wash-javascript-objectives.trycloudflare.com"", ""path"": ""/test/REDACTED_PATH_KEY/callback"", ""status"": 200}], ""finalStatus"": 200, ""finalBody"": ""{\""fixture\"": \""retest\"", \""ok\"": true}"", ""callbackQueryKeys"": [""session_id""]}"
gateway.oauth.authorization_code.redirects,cn-northwest-1,INFO,2026-09-28T06:14:25.233171+00:00,results/retest/cn-northwest-1-results.jsonl,127,"{""redirects"": [{""host"": ""bedrock-agentcore.cn-northwest-1.amazonaws.com.cn"", ""path"": ""/identities/oauth2/authorize"", ""status"": 302}, {""host"": ""consumers-rush-distributed-palace.trycloudflare.com"", ""path"": ""/test/REDACTED_PATH_KEY/authorize"", ""status"": 302}, {""host"": ""bedrock-agentcore.cn-northwest-1.amazonaws.com.cn"", ""path"": ""/identities/oauth2/callback/47d0ebdc-5ebb-4d1f-8882-2feee3887f2c"", ""status"": 302}, {""host"": ""consumers-rush-distributed-palace.trycloudflare.com"", ""path"": ""/test/REDACTED_PATH_KEY/callback"", ""status"": 200}], ""finalStatus"": 200, ""finalBody"": ""{\""fixture\"": \""retest\"", \""ok\"": true}"", ""callbackQueryKeys"": [""session_id""]}"
gateway.oauth.authorization_code.resumed,cn-north-1,INFO,2026-09-28T06:14:29.956800+00:00,results/retest/cn-north-1-results.jsonl,129,"{""status"": 200, ""headers"": {""content-type"": ""text/event-stream"", ""x-amzn-requestid"": ""2deba972-f044-4458-a630-b552476f4ce8""}, ""body"": [{""jsonrpc"": ""2.0"", ""id"": 433244, ""result"": {""isError"": false, ""content"": [{""type"": ""text"", ""text"": ""{\""authenticated\"":true,\""sub\"":\""synthetic-user\"",\""grant\"":\""authorization_code\"",\""tokenSha256\"":\""e27b0ae346e2f9557484e3b0f53879ab5e351a9051c26e6c4bf3576b202ec8b6\""}""}], ""resultType"": ""complete""}}]}"
gateway.oauth.authorization_code.resumed,cn-northwest-1,INFO,2026-09-28T06:14:30.057964+00:00,results/retest/cn-northwest-1-results.jsonl,129,"{""status"": 200, ""headers"": {""content-type"": ""text/event-stream"", ""x-amzn-requestid"": ""c925a91f-429c-4b85-8efa-1a8b249a1ed7""}, ""body"": [{""jsonrpc"": ""2.0"", ""id"": 42738, ""result"": {""isError"": false, ""content"": [{""type"": ""text"", ""text"": ""{\""authenticated\"":true,\""sub\"":\""synthetic-user\"",\""grant\"":\""authorization_code\"",\""tokenSha256\"":\""d932f16065244fda3917756a1da0dcc8cade62439e5febbd32a53e8d70c68b41\""}""}], ""resultType"": ""complete""}}]}"
gateway.oauth.authorization_code.session_binding,cn-north-1,PASS,2026-09-28T06:14:27.296965+00:00,results/retest/cn-north-1-results.jsonl,128,"{""ResponseMetadata"": {""RequestId"": ""1ef206af-2d70-404a-9b7c-18deb1bc964f"", ""HTTPStatusCode"": 200, ""HTTPHeaders"": {""date"": ""Mon, 28 Sep 2026 06:14:27 GMT"", ""content-type"": ""application/json"", ""content-length"": ""2"", ""connection"": ""keep-alive"", ""x-amzn-requestid"": ""1ef206af-2d70-404a-9b7c-18deb1bc964f"", ""strict-transport-security"": ""max-age=47304000; includeSubDomains"", ""cache-control"": ""no-store, no-cache""}, ""RetryAttempts"": 0}}"
gateway.oauth.authorization_code.session_binding,cn-northwest-1,PASS,2026-09-28T06:14:27.721816+00:00,results/retest/cn-northwest-1-results.jsonl,128,"{""ResponseMetadata"": {""RequestId"": ""5a0f0127-523b-4116-945c-6e61f02a80e4"", ""HTTPStatusCode"": 200, ""HTTPHeaders"": {""date"": ""Mon, 28 Sep 2026 06:14:27 GMT"", ""content-type"": ""application/json"", ""content-length"": ""2"", ""connection"": ""keep-alive"", ""x-amzn-requestid"": ""5a0f0127-523b-4116-945c-6e61f02a80e4"", ""strict-transport-security"": ""max-age=47304000; includeSubDomains"", ""cache-control"": ""no-store, no-cache""}, ""RetryAttempts"": 0}}"
gateway.oauth.token_exchange.provider_configuration,cn-north-1,PASS,2026-09-28T06:14:02.319270+00:00,results/retest/cn-north-1-results.jsonl,124,"{""providerArn"": ""arn:aws-cn:bedrock-agentcore:cn-north-1:209915754514:token-vault/default/oauth2credentialprovider/ac-cn-0928054019-bj-token-exchange"", ""scope"": ""Provider configuration is accepted; Gateway target is account-gated""}"
gateway.oauth.token_exchange.provider_configuration,cn-northwest-1,PASS,2026-09-28T06:14:02.364661+00:00,results/retest/cn-northwest-1-results.jsonl,124,"{""providerArn"": ""arn:aws-cn:bedrock-agentcore:cn-northwest-1:209915754514:token-vault/default/oauth2credentialprovider/ac-cn-0928054019-nx-token-exchange"", ""scope"": ""Provider configuration is accepted; Gateway target is account-gated""}"
gateway.outbound.caller_iam,cn-north-1,PASS,2026-09-29T01:59:26.898761+00:00,results/repro-caller-confirm-20260929/cn-north-1-results.jsonl,20,"{""status"": 200, ""body"": ""{\""sum\"": 42, \""runtime\"": \""gateway-fixture\"", \""region\"": \""cn-north-1\""}"", ""requestId"": ""f98e5c28-3a15-4c0a-9d78-798bcdc8c5fc, 30b54a95-6b76-4594-b169-7d472b908459""}"
gateway.outbound.caller_iam,cn-northwest-1,PASS,2026-09-29T01:59:26.957011+00:00,results/repro-caller-confirm-20260929/cn-northwest-1-results.jsonl,20,"{""status"": 200, ""body"": ""{\""sum\"": 42, \""runtime\"": \""gateway-fixture\"", \""region\"": \""cn-northwest-1\""}"", ""requestId"": ""5449c32d-d063-436c-9a60-1843f6c6bd14, 678c5bef-2907-4bb0-a9ba-fdfa897ea2b6""}"
gateway.outbound.caller_iam.direct_runtime_baseline,cn-north-1,PASS,2026-09-29T01:59:20.335198+00:00,results/repro-caller-confirm-20260929/cn-north-1-results.jsonl,18,"{""temporaryCredentialsValid"": true, ""body"": {""sum"": 42, ""runtime"": ""gateway-fixture"", ""region"": ""cn-north-1""}, ""requestId"": ""3fd531eb-9e73-492c-a386-b4b20ab06329""}"
gateway.outbound.caller_iam.direct_runtime_baseline,cn-northwest-1,PASS,2026-09-29T01:59:20.808555+00:00,results/repro-caller-confirm-20260929/cn-northwest-1-results.jsonl,18,"{""temporaryCredentialsValid"": true, ""body"": {""sum"": 42, ""runtime"": ""gateway-fixture"", ""region"": ""cn-northwest-1""}, ""requestId"": ""ea005686-bfdd-417d-b2e8-8a68e5efe7ee""}"
gateway.outbound.caller_iam.gateway_role_baseline,cn-north-1,PASS,2026-09-29T01:59:23.989964+00:00,results/repro-caller-confirm-20260929/cn-north-1-results.jsonl,19,"{""status"": 200, ""body"": ""{\""sum\"": 42, \""runtime\"": \""gateway-fixture\"", \""region\"": \""cn-north-1\""}"", ""requestId"": ""07cb373c-900c-4abb-9615-7b8e0ea16ccc, a1a76938-80d9-4f60-be91-d8dbdb98f0ca""}"
gateway.outbound.caller_iam.gateway_role_baseline,cn-northwest-1,PASS,2026-09-29T01:59:24.524059+00:00,results/repro-caller-confirm-20260929/cn-northwest-1-results.jsonl,19,"{""status"": 200, ""body"": ""{\""sum\"": 42, \""runtime\"": \""gateway-fixture\"", \""region\"": \""cn-northwest-1\""}"", ""requestId"": ""3704bbc0-6ba1-4813-8b6d-7db364827f7f, 6d020096-afc6-4219-ab00-5f81ec47509a""}"
gateway.outbound.jwt_passthrough,cn-north-1,PASS,2026-09-28T05:46:40.065764+00:00,results/retest/cn-north-1-results.jsonl,13,"{""unchangedTokenHashVerified"": true, ""backend"": {""authenticated"": true, ""sub"": ""synthetic-user"", ""grant"": null, ""tokenSha256"": ""3d0b7cde0e306338408f4cf1356654336e4184606b5efbd8bf1fff97dc2d421e""}, ""invalidTokenRejected"": 403, ""requestId"": ""76a774bb-59f6-4bc1-88da-445653102eb3""}"
gateway.outbound.jwt_passthrough,cn-northwest-1,PASS,2026-09-28T05:46:38.943193+00:00,results/retest/cn-northwest-1-results.jsonl,13,"{""unchangedTokenHashVerified"": true, ""backend"": {""authenticated"": true, ""sub"": ""synthetic-user"", ""grant"": null, ""tokenSha256"": ""4e267063f01a7016923c7d2484940799ad1edc234b31a0b86529c2afa1593bb9""}, ""invalidTokenRejected"": 403, ""requestId"": ""905771d6-e99f-4139-b1f4-8a443ddee10e""}"
gateway.outbound.oauth_authorization_code,cn-north-1,PASS,2026-09-28T06:14:29.956995+00:00,results/retest/cn-north-1-results.jsonl,130,"{""redirects"": [{""host"": ""bedrock-agentcore.cn-north-1.amazonaws.com.cn"", ""path"": ""/identities/oauth2/authorize"", ""status"": 302}, {""host"": ""dialog-wash-javascript-objectives.trycloudflare.com"", ""path"": ""/test/REDACTED_PATH_KEY/authorize"", ""status"": 302}, {""host"": ""bedrock-agentcore.cn-north-1.amazonaws.com.cn"", ""path"": ""/identities/oauth2/callback/ad2e3d7a-996b-45c3-9b0c-7f42acb4348b"", ""status"": 302}, {""host"": ""dialog-wash-javascript-objectives.trycloudflare.com"", ""path"": ""/test/REDACTED_PATH_KEY/callback"", ""status"": 200}], ""resumedToolCall"": {""status"": 200, ""headers"": {""content-type"": ""text/event-stream"", ""x-amzn-requestid"": ""2deba972-f044-4458-a630-b552476f4ce8""}, ""body"": [{""jsonrpc"": ""2.0"", ""id"": 433244, ""result"": {""isError"": false, ""content"": [{""type"": ""text"", ""text"": ""{\""authenticated\"":true,\""sub\"":\""synthetic-user\"",\""grant\"":\""authorization_code\"",\""tokenSha256\"":\""e27b0ae346e2f9557484e3b0f53879ab5e351a9051c26e6c4bf3576b202ec8b6\""}""}], ""resultType"": ""complete""}}]}}"
gateway.outbound.oauth_authorization_code,cn-northwest-1,PASS,2026-09-28T06:14:30.058175+00:00,results/retest/cn-northwest-1-results.jsonl,130,"{""redirects"": [{""host"": ""bedrock-agentcore.cn-northwest-1.amazonaws.com.cn"", ""path"": ""/identities/oauth2/authorize"", ""status"": 302}, {""host"": ""consumers-rush-distributed-palace.trycloudflare.com"", ""path"": ""/test/REDACTED_PATH_KEY/authorize"", ""status"": 302}, {""host"": ""bedrock-agentcore.cn-northwest-1.amazonaws.com.cn"", ""path"": ""/identities/oauth2/callback/47d0ebdc-5ebb-4d1f-8882-2feee3887f2c"", ""status"": 302}, {""host"": ""consumers-rush-distributed-palace.trycloudflare.com"", ""path"": ""/test/REDACTED_PATH_KEY/callback"", ""status"": 200}], ""resumedToolCall"": {""status"": 200, ""headers"": {""content-type"": ""text/event-stream"", ""x-amzn-requestid"": ""c925a91f-429c-4b85-8efa-1a8b249a1ed7""}, ""body"": [{""jsonrpc"": ""2.0"", ""id"": 42738, ""result"": {""isError"": false, ""content"": [{""type"": ""text"", ""text"": ""{\""authenticated\"":true,\""sub\"":\""synthetic-user\"",\""grant\"":\""authorization_code\"",\""tokenSha256\"":\""d932f16065244fda3917756a1da0dcc8cade62439e5febbd32a53e8d70c68b41\""}""}], ""resultType"": ""complete""}}]}}"
gateway.outbound.oauth_client_credentials,cn-north-1,PASS,2026-09-28T05:46:48.842994+00:00,results/retest/cn-north-1-results.jsonl,14,"{""status"": 200, ""headers"": {""content-type"": ""application/json"", ""x-amzn-requestid"": ""dc827cff-10e6-48a5-97d8-388d8c93af16""}, ""body"": {""jsonrpc"": ""2.0"", ""id"": 255268, ""result"": {""isError"": false, ""content"": [{""type"": ""text"", ""text"": ""{\""authenticated\"":true,\""sub\"":\""synthetic-service\"",\""grant\"":\""client_credentials\"",\""tokenSha256\"":\""f5c84c4eac1e5aa6890544d3c204ef8a5fccef1b846d51974fefdd3ba3355eaf\""}""}]}}}"
gateway.outbound.oauth_client_credentials,cn-northwest-1,PASS,2026-09-28T05:46:48.615054+00:00,results/retest/cn-northwest-1-results.jsonl,14,"{""status"": 200, ""headers"": {""content-type"": ""application/json"", ""x-amzn-requestid"": ""7921cb8b-aa75-4763-b18d-57c137b3c070""}, ""body"": {""jsonrpc"": ""2.0"", ""id"": 267333, ""result"": {""isError"": false, ""content"": [{""type"": ""text"", ""text"": ""{\""authenticated\"":true,\""sub\"":\""synthetic-service\"",\""grant\"":\""client_credentials\"",\""tokenSha256\"":\""b20ca6d013ec33a31364c9f57b412f0ad9eaa6842f8304651a0d166dbd7231ff\""}""}]}}}"
gateway.outbound.oauth_token_exchange,cn-north-1,BLOCKED,2026-09-28T06:16:28.042392+00:00,results/retest/cn-north-1-results.jsonl,132,"{""reason"": ""Gateway explicitly rejects Token Exchange for this account"", ""originalAttemptTime"": ""2026-09-28T05:46:50.584074+00:00"", ""response"": {""Error"": {""Message"": ""Token Exchange is not available for this account"", ""Code"": ""AccessDeniedException""}, ""ResponseMetadata"": {""RequestId"": ""08634911-a5a6-4afe-a6ba-524adf94ec67"", ""HTTPStatusCode"": 403, ""HTTPHeaders"": {""date"": ""Mon, 28 Sep 2026 05:46:50 GMT"", ""content-type"": ""application/json"", ""content-length"": ""62"", ""connection"": ""keep-alive"", ""x-amzn-requestid"": ""08634911-a5a6-4afe-a6ba-524adf94ec67"", ""x-amzn-errortype"": ""AccessDeniedException"", ""x-amz-apigw-id"": ""EZTTsFhLBTIEOhQ="", ""x-amzn-trace-id"": ""Root=1-6ab9ff4a-7b02f9c23d6d08430d73174d""}, ""RetryAttempts"": 0}, ""message"": ""Token Exchange is not available for this account""}}"
gateway.outbound.oauth_token_exchange,cn-northwest-1,BLOCKED,2026-09-28T06:16:27.995326+00:00,results/retest/cn-northwest-1-results.jsonl,132,"{""reason"": ""Gateway explicitly rejects Token Exchange for this account"", ""originalAttemptTime"": ""2026-09-28T05:46:49.630166+00:00"", ""response"": {""Error"": {""Message"": ""Token Exchange is not available for this account"", ""Code"": ""AccessDeniedException""}, ""ResponseMetadata"": {""RequestId"": ""1392818e-9ad3-49da-a542-0b0c00d70b74"", ""HTTPStatusCode"": 403, ""HTTPHeaders"": {""date"": ""Mon, 28 Sep 2026 05:46:49 GMT"", ""content-type"": ""application/json"", ""content-length"": ""62"", ""connection"": ""keep-alive"", ""x-amzn-requestid"": ""1392818e-9ad3-49da-a542-0b0c00d70b74"", ""x-amzn-errortype"": ""AccessDeniedException"", ""x-amz-apigw-id"": ""EZTTjGb95PgEF2g="", ""x-amzn-trace-id"": ""Root=1-6ab9ff49-54b5da9073abfd71425b5540""}, ""RetryAttempts"": 0}, ""message"": ""Token Exchange is not available for this account""}}"
gateway.private_link,cn-north-1,NOT_AVAILABLE,2026-09-28T06:14:01.382370+00:00,results/retest/cn-north-1-results.jsonl,122,"{""allPagesScanned"": true, ""advertisedServices"": [], ""scope"": ""This account and region""}"
gateway.private_link,cn-northwest-1,NOT_AVAILABLE,2026-09-28T06:14:01.489189+00:00,results/retest/cn-northwest-1-results.jsonl,122,"{""allPagesScanned"": true, ""advertisedServices"": [], ""scope"": ""This account and region""}"
gateway.private_target,cn-north-1,BLOCKED,2026-09-28T06:07:22.166962+00:00,results/retest/cn-north-1-results.jsonl,84,"{""Error"": {""Message"": ""Private endpoint configuration requires VPC egress feature to be enabled for this account."", ""Code"": ""ValidationException""}, ""ResponseMetadata"": {""RequestId"": ""1132c9b8-59d0-4576-8610-48bb1c9c4fea"", ""HTTPStatusCode"": 400, ""HTTPHeaders"": {""date"": ""Mon, 28 Sep 2026 06:07:22 GMT"", ""content-type"": ""application/json"", ""content-length"": ""104"", ""connection"": ""keep-alive"", ""x-amzn-requestid"": ""1132c9b8-59d0-4576-8610-48bb1c9c4fea"", ""x-amzn-errortype"": ""ValidationException"", ""x-amz-apigw-id"": ""EZWUIH3HhTIEAVQ="", ""x-amzn-trace-id"": ""Root=1-6aba0419-2b1679ff2c4adc112321c7dd""}, ""RetryAttempts"": 0}, ""message"": ""Private endpoint configuration requires VPC egress feature to be enabled for this account.""}"
gateway.private_target,cn-northwest-1,BLOCKED,2026-09-28T06:07:29.608442+00:00,results/retest/cn-northwest-1-results.jsonl,84,"{""Error"": {""Message"": ""Private endpoint configuration requires VPC egress feature to be enabled for this account."", ""Code"": ""ValidationException""}, ""ResponseMetadata"": {""RequestId"": ""074ee1ec-5c7c-425b-ae94-c32e7f750c65"", ""HTTPStatusCode"": 400, ""HTTPHeaders"": {""date"": ""Mon, 28 Sep 2026 06:07:29 GMT"", ""content-type"": ""application/json"", ""content-length"": ""104"", ""connection"": ""keep-alive"", ""x-amzn-requestid"": ""074ee1ec-5c7c-425b-ae94-c32e7f750c65"", ""x-amzn-errortype"": ""ValidationException"", ""x-amz-apigw-id"": ""EZWVTE705PgEj4g="", ""x-amzn-trace-id"": ""Root=1-6aba0421-03b825b87f38c2d4424e6f53""}, ""RetryAttempts"": 0}, ""message"": ""Private endpoint configuration requires VPC egress feature to be enabled for this account.""}"
gateway.runtime.fixture_create,cn-north-1,PASS,2026-09-29T01:54:37.169166+00:00,results/repro-caller-confirm-20260929/cn-north-1-results.jsonl,4,"{""ResponseMetadata"": {""RequestId"": ""1607585c-0a09-4311-b23d-70e6730f3da6"", ""HTTPStatusCode"": 202, ""HTTPHeaders"": {""date"": ""Tue, 29 Sep 2026 01:54:37 GMT"", ""content-type"": ""application/json"", ""content-length"": ""444"", ""connection"": ""keep-alive"", ""x-amzn-requestid"": ""1607585c-0a09-4311-b23d-70e6730f3da6"", ""x-amz-apigw-id"": ""EcEOhHgaBTIEefw="", ""x-amzn-trace-id"": ""Root=1-6abb1a5c-52fe7de02159e5bf4fff12a7""}, ""RetryAttempts"": 0}, ""agentRuntimeArn"": ""arn:aws-cn:bedrock-agentcore:cn-north-1:209915754514:runtime/ac_cn_0929015405_bj-fyqfwJ2ER2"", ""workloadIdentityDetails"": {""workloadIdentityArn"": ""arn:aws-cn:bedrock-agentcore:cn-north-1:209915754514:workload-identity-directory/default/workload-identity/ac_cn_0929015405_bj-fyqfwJ2ER2""}, ""agentRuntimeId"": ""ac_cn_0929015405_bj-fyqfwJ2ER2"", ""agentRuntimeVersion"": ""1"", ""createdAt"": ""2026-09-29 01:54:36.654232+00:00"", ""status"": ""CREATING""}"
gateway.runtime.fixture_create,cn-northwest-1,PASS,2026-09-29T01:54:37.528921+00:00,results/repro-caller-confirm-20260929/cn-northwest-1-results.jsonl,4,"{""ResponseMetadata"": {""RequestId"": ""6f52ee29-818a-4224-9e96-26f1398b62b4"", ""HTTPStatusCode"": 202, ""HTTPHeaders"": {""date"": ""Tue, 29 Sep 2026 01:54:37 GMT"", ""content-type"": ""application/json"", ""content-length"": ""452"", ""connection"": ""keep-alive"", ""x-amzn-requestid"": ""6f52ee29-818a-4224-9e96-26f1398b62b4"", ""x-amz-apigw-id"": ""EcEOkGdaZPgEKxQ="", ""x-amzn-trace-id"": ""Root=1-6abb1a5c-74b0d7ab19140a6b027c7db7""}, ""RetryAttempts"": 0}, ""agentRuntimeArn"": ""arn:aws-cn:bedrock-agentcore:cn-northwest-1:209915754514:runtime/ac_cn_0929015405_nx-hb7Ki29LZR"", ""workloadIdentityDetails"": {""workloadIdentityArn"": ""arn:aws-cn:bedrock-agentcore:cn-northwest-1:209915754514:workload-identity-directory/default/workload-identity/ac_cn_0929015405_nx-hb7Ki29LZR""}, ""agentRuntimeId"": ""ac_cn_0929015405_nx-hb7Ki29LZR"", ""agentRuntimeVersion"": ""1"", ""createdAt"": ""2026-09-29 01:54:37.031224+00:00"", ""status"": ""CREATING""}"
gateway.runtime.fixture_ready,cn-north-1,PASS,2026-09-29T01:58:16.824396+00:00,results/repro-caller-confirm-20260929/cn-north-1-results.jsonl,5,"{""ResponseMetadata"": {""RequestId"": ""8c37f8a9-e82f-46d9-94cc-b641cc22b5ab"", ""HTTPStatusCode"": 200, ""HTTPHeaders"": {""date"": ""Tue, 29 Sep 2026 01:58:16 GMT"", ""content-type"": ""application/json"", ""content-length"": ""1079"", ""connection"": ""keep-alive"", ""x-amzn-requestid"": ""8c37f8a9-e82f-46d9-94cc-b641cc22b5ab"", ""x-amz-apigw-id"": ""EcEw7FIUBTIEanA="", ""x-amzn-trace-id"": ""Root=1-6abb1b38-0147a32507ce47097e3d5f14""}, ""RetryAttempts"": 0}, ""agentRuntimeArn"": ""arn:aws-cn:bedrock-agentcore:cn-north-1:209915754514:runtime/ac_cn_0929015405_bj-fyqfwJ2ER2"", ""agentRuntimeName"": ""ac_cn_0929015405_bj"", ""agentRuntimeId"": ""ac_cn_0929015405_bj-fyqfwJ2ER2"", ""agentRuntimeVersion"": ""1"", ""createdAt"": ""2026-09-29 01:54:36.654232+00:00"", ""lastUpdatedAt"": ""2026-09-29 01:58:15.925759+00:00"", ""roleArn"": ""arn:aws-cn:iam::209915754514:role/ac-cn-0929015405-bj-agentcore"", ""networkConfiguration"": {""networkMode"": ""PUBLIC""}, ""status"": ""READY"", ""lifecycleConfiguration"": {""idleRuntimeSessionTimeout"": 900, ""maxLifetime"": 28800}, ""workloadIdentityDetails"": {""workloadIdentityArn"": ""arn:aws-cn:bedrock-agentcore:cn-north-1:209915754514:workload-identity-directory/default/workload-identity/ac_cn_0929015405_bj-fyqfwJ2ER2""}, ""agentRuntimeArtifact"": {""codeConfiguration"": {""code"": {""s3"": {""bucket"": ""ac-cn-0929015405-bj-209915754514"", ""prefix"": ""runtime.zip""}}, ""runtime"": ""PYTHON_3_12"", ""entryPoint"": [""app.py""]}}, ""protocolConfiguration"": {""serverProtocol"": ""HTTP""}, ""metadataConfiguration"": {""requireMMDSV2"": true}, ""platformVersion"": ""V2""}"
gateway.runtime.fixture_ready,cn-northwest-1,PASS,2026-09-29T01:58:20.442675+00:00,results/repro-caller-confirm-20260929/cn-northwest-1-results.jsonl,5,"{""ResponseMetadata"": {""RequestId"": ""a89a6189-b855-4895-9a99-973a87b4815f"", ""HTTPStatusCode"": 200, ""HTTPHeaders"": {""date"": ""Tue, 29 Sep 2026 01:58:20 GMT"", ""content-type"": ""application/json"", ""content-length"": ""1087"", ""connection"": ""keep-alive"", ""x-amzn-requestid"": ""a89a6189-b855-4895-9a99-973a87b4815f"", ""x-amz-apigw-id"": ""EcExfGWaZPgEfUw="", ""x-amzn-trace-id"": ""Root=1-6abb1b3c-0370109a19a9050f3aa49e7b""}, ""RetryAttempts"": 0}, ""agentRuntimeArn"": ""arn:aws-cn:bedrock-agentcore:cn-northwest-1:209915754514:runtime/ac_cn_0929015405_nx-hb7Ki29LZR"", ""agentRuntimeName"": ""ac_cn_0929015405_nx"", ""agentRuntimeId"": ""ac_cn_0929015405_nx-hb7Ki29LZR"", ""agentRuntimeVersion"": ""1"", ""createdAt"": ""2026-09-29 01:54:37.031224+00:00"", ""lastUpdatedAt"": ""2026-09-29 01:58:17.443740+00:00"", ""roleArn"": ""arn:aws-cn:iam::209915754514:role/ac-cn-0929015405-nx-agentcore"", ""networkConfiguration"": {""networkMode"": ""PUBLIC""}, ""status"": ""READY"", ""lifecycleConfiguration"": {""idleRuntimeSessionTimeout"": 900, ""maxLifetime"": 28800}, ""workloadIdentityDetails"": {""workloadIdentityArn"": ""arn:aws-cn:bedrock-agentcore:cn-northwest-1:209915754514:workload-identity-directory/default/workload-identity/ac_cn_0929015405_nx-hb7Ki29LZR""}, ""agentRuntimeArtifact"": {""codeConfiguration"": {""code"": {""s3"": {""bucket"": ""ac-cn-0929015405-nx-209915754514"", ""prefix"": ""runtime.zip""}}, ""runtime"": ""PYTHON_3_12"", ""entryPoint"": [""app.py""]}}, ""protocolConfiguration"": {""serverProtocol"": ""HTTP""}, ""metadataConfiguration"": {""requireMMDSV2"": true}, ""platformVersion"": ""V2""}"
gateway.runtime.role_invocation,cn-north-1,PASS,2026-09-29T01:58:25.453767+00:00,results/repro-caller-confirm-20260929/cn-north-1-results.jsonl,7,"{""status"": 200, ""body"": {""sum"": 42, ""runtime"": ""gateway-fixture"", ""region"": ""cn-north-1""}}"
gateway.runtime.role_invocation,cn-northwest-1,PASS,2026-09-29T01:58:28.792536+00:00,results/repro-caller-confirm-20260929/cn-northwest-1-results.jsonl,7,"{""status"": 200, ""body"": {""sum"": 42, ""runtime"": ""gateway-fixture"", ""region"": ""cn-northwest-1""}}"
gateway.runtime.runtime-caller.target,cn-north-1,PASS,2026-09-29T01:58:29.738126+00:00,results/repro-caller-confirm-20260929/cn-north-1-results.jsonl,8,"{""ResponseMetadata"": {""RequestId"": ""99c2000f-0602-49f7-a78d-f394ffc3e3fb"", ""HTTPStatusCode"": 200, ""HTTPHeaders"": {""date"": ""Tue, 29 Sep 2026 01:58:29 GMT"", ""content-type"": ""application/json"", ""content-length"": ""533"", ""connection"": ""keep-alive"", ""x-amzn-requestid"": ""99c2000f-0602-49f7-a78d-f394ffc3e3fb"", ""x-amz-apigw-id"": ""EcEy8GD-BTIEOhQ="", ""x-amzn-trace-id"": ""Root=1-6abb1b45-074aecd353234bb052713e51""}, ""RetryAttempts"": 0}, ""gatewayArn"": ""arn:aws-cn:bedrock-agentcore:cn-north-1:209915754514:gateway/ac-cn-0929015405-bj-http-ys9phkel49"", ""targetId"": ""UG0AOI6UCD"", ""createdAt"": ""2026-09-29 01:58:25.975164+00:00"", ""updatedAt"": ""2026-09-29 01:58:26.786393+00:00"", ""status"": ""READY"", ""name"": ""runtime-caller"", ""targetConfiguration"": {""http"": {""agentcoreRuntime"": {""arn"": ""arn:aws-cn:bedrock-agentcore:cn-north-1:209915754514:runtime/ac_cn_0929015405_bj-fyqfwJ2ER2"", ""qualifier"": ""DEFAULT""}}}, ""credentialProviderConfigurations"": [{""credentialProviderType"": ""CALLER_IAM_CREDENTIALS""}]}"
gateway.runtime.runtime-caller.target,cn-northwest-1,PASS,2026-09-29T01:58:32.925312+00:00,results/repro-caller-confirm-20260929/cn-northwest-1-results.jsonl,8,"{""ResponseMetadata"": {""RequestId"": ""d48ac261-6489-45e0-9be4-af84477cb921"", ""HTTPStatusCode"": 200, ""HTTPHeaders"": {""date"": ""Tue, 29 Sep 2026 01:58:32 GMT"", ""content-type"": ""application/json"", ""content-length"": ""541"", ""connection"": ""keep-alive"", ""x-amzn-requestid"": ""d48ac261-6489-45e0-9be4-af84477cb921"", ""x-amz-apigw-id"": ""EcEzbHJB5PgEhJw="", ""x-amzn-trace-id"": ""Root=1-6abb1b48-70ba09821930cef65057acda""}, ""RetryAttempts"": 0}, ""gatewayArn"": ""arn:aws-cn:bedrock-agentcore:cn-northwest-1:209915754514:gateway/ac-cn-0929015405-nx-http-h5xpmtwmuf"", ""targetId"": ""ETFC6QNVRP"", ""createdAt"": ""2026-09-29 01:58:29.067117+00:00"", ""updatedAt"": ""2026-09-29 01:58:30.069835+00:00"", ""status"": ""READY"", ""name"": ""runtime-caller"", ""targetConfiguration"": {""http"": {""agentcoreRuntime"": {""arn"": ""arn:aws-cn:bedrock-agentcore:cn-northwest-1:209915754514:runtime/ac_cn_0929015405_nx-hb7Ki29LZR"", ""qualifier"": ""DEFAULT""}}}, ""credentialProviderConfigurations"": [{""credentialProviderType"": ""CALLER_IAM_CREDENTIALS""}]}"
gateway.runtime.runtime-role.target,cn-north-1,PASS,2026-09-29T01:58:22.134857+00:00,results/repro-caller-confirm-20260929/cn-north-1-results.jsonl,6,"{""ResponseMetadata"": {""RequestId"": ""14fa113a-6a8a-472b-a335-c6ad47b7b3ae"", ""HTTPStatusCode"": 200, ""HTTPHeaders"": {""date"": ""Tue, 29 Sep 2026 01:58:22 GMT"", ""content-type"": ""application/json"", ""content-length"": ""525"", ""connection"": ""keep-alive"", ""x-amzn-requestid"": ""14fa113a-6a8a-472b-a335-c6ad47b7b3ae"", ""x-amz-apigw-id"": ""EcExwEjCBTIECeg="", ""x-amzn-trace-id"": ""Root=1-6abb1b3d-337839c01d647ddc5191f96b""}, ""RetryAttempts"": 0}, ""gatewayArn"": ""arn:aws-cn:bedrock-agentcore:cn-north-1:209915754514:gateway/ac-cn-0929015405-bj-http-ys9phkel49"", ""targetId"": ""YOHNKORLHC"", ""createdAt"": ""2026-09-29 01:58:18.377782+00:00"", ""updatedAt"": ""2026-09-29 01:58:19.183582+00:00"", ""status"": ""READY"", ""name"": ""runtime-role"", ""targetConfiguration"": {""http"": {""agentcoreRuntime"": {""arn"": ""arn:aws-cn:bedrock-agentcore:cn-north-1:209915754514:runtime/ac_cn_0929015405_bj-fyqfwJ2ER2"", ""qualifier"": ""DEFAULT""}}}, ""credentialProviderConfigurations"": [{""credentialProviderType"": ""GATEWAY_IAM_ROLE""}]}"
gateway.runtime.runtime-role.target,cn-northwest-1,PASS,2026-09-29T01:58:25.720802+00:00,results/repro-caller-confirm-20260929/cn-northwest-1-results.jsonl,6,"{""ResponseMetadata"": {""RequestId"": ""65702a4f-fcc0-4522-b665-65780d424a7c"", ""HTTPStatusCode"": 200, ""HTTPHeaders"": {""date"": ""Tue, 29 Sep 2026 01:58:25 GMT"", ""content-type"": ""application/json"", ""content-length"": ""533"", ""connection"": ""keep-alive"", ""x-amzn-requestid"": ""65702a4f-fcc0-4522-b665-65780d424a7c"", ""x-amz-apigw-id"": ""EcEyTGd_5PgEBpQ="", ""x-amzn-trace-id"": ""Root=1-6abb1b41-3a47d36d19fec61d48299bba""}, ""RetryAttempts"": 0}, ""gatewayArn"": ""arn:aws-cn:bedrock-agentcore:cn-northwest-1:209915754514:gateway/ac-cn-0929015405-nx-http-h5xpmtwmuf"", ""targetId"": ""AZ715PNSQB"", ""createdAt"": ""2026-09-29 01:58:21.836083+00:00"", ""updatedAt"": ""2026-09-29 01:58:22.656021+00:00"", ""status"": ""READY"", ""name"": ""runtime-role"", ""targetConfiguration"": {""http"": {""agentcoreRuntime"": {""arn"": ""arn:aws-cn:bedrock-agentcore:cn-northwest-1:209915754514:runtime/ac_cn_0929015405_nx-hb7Ki29LZR"", ""qualifier"": ""DEFAULT""}}}, ""credentialProviderConfigurations"": [{""credentialProviderType"": ""GATEWAY_IAM_ROLE""}]}"
